order_id,customer_id,order_date,channel,total_amount,shipping_postal_code
1000,144,2025-08-06,web,69.13,10434
1001,490,2025-05-28,web,283.42,74832
1002,134,2024-05-22,web,237.75,74205
1003,455,2025-10-15,mobile,67.11,43324
1004,61,2024-08-24,bopis,384.92,19023
1005,158,2025-11-06,web,310.56,27668
1006,3,2025-12-04,store,36.36,36320
1007,252,2025-08-10,mobile,639.26,98217
1008,344,2024-10-29,mobile,273.01,85947
1009,435,2025-12-17,bopis,124.38,65363
1010,480,2024-06-30,web,1029.67,75556
1011,450,2025-06-15,web,294.11,49537
1012,4,2025-12-30,web,105.94,52155
1013,370,2025-10-18,mobile,481.53,20029
1014,304,2025-06-09,bopis,35.72,29019
1015,445,2025-06-15,bopis,69.18,61424
1016,485,2025-11-04,mobile,458.69,69519
1017,137,2024-11-07,web,51.27,47475
1018,7,2025-08-19,web,683.82,94722
1019,147,2024-11-26,mobile,304.39,10653
1020,167,2024-07-10,web,169.96,58341
1021,459,2024-06-14,web,116.43,51722
1022,323,2025-04-08,web,897.08,31599
1023,41,2024-01-24,web,603.98,40141
1024,367,2025-06-03,web,41.08,93583
1025,114,2025-10-07,web,355.84,25446
1026,36,2025-01-14,mobile,81.38,24285
1027,123,2025-07-26,web,201.9,37184
1028,161,2024-02-07,mobile,138.75,25760
1029,223,2025-11-02,web,69.11,79062
1030,241,2025-04-23,mobile,165.18,97907
1031,91,2024-01-21,web,85.98,66126
1032,370,2024-03-02,mobile,82.16,72455
1033,174,2024-10-24,bopis,77.28,72734
1034,228,2024-08-13,mobile,201.9,91991
1035,305,2024-06-04,web,1747.86,88908
1036,316,2024-12-02,store,1757.51,61361
1037,81,2024-07-20,web,453.42,74300
1038,116,2024-01-24,store,55.48,70161
1039,151,2025-03-30,mobile,76.32,33493
1040,181,2025-03-15,web,1278.52,60128
1041,98,2025-12-10,store,39.9,98957
1042,241,2024-03-06,store,39.64,42527
1043,134,2025-07-22,mobile,630.66,26787
1044,1,2025-08-04,web,873.93,27372
1045,47,2025-08-09,store,838.61,29184
1046,95,2025-06-16,web,309.41,86061
1047,164,2025-03-26,web,40.32,68851
1048,42,2024-09-07,web,340.26,32400
1049,159,2025-01-30,bopis,298.64,18845
1050,197,2025-05-10,bopis,36.36,50374
1051,377,2024-11-08,mobile,123.39,55314
1052,13,2025-08-31,web,227.11,39357
1053,410,2025-08-17,web,1028.05,15203
1054,243,2025-01-18,web,129.41,87051
1055,349,2024-11-19,web,59.0,41122
1056,74,2024-11-24,store,479.4,83912
1057,359,2025-12-03,mobile,203.45,14956
1058,65,2024-04-08,web,149.57,50141
1059,467,2024-10-23,web,227.42,84533
1060,374,2024-02-24,bopis,156.31,39665
1061,100,2025-02-16,web,185.41,16574
1062,8,2024-01-18,bopis,192.57,39615
1063,266,2025-08-19,mobile,100.58,60634
1064,296,2024-11-27,web,21.75,10968
1065,398,2024-02-23,web,247.15,56891
1066,6,2024-04-29,web,2009.93,83309
1067,213,2024-08-25,bopis,419.91,67153
1068,129,2025-08-03,web,77.28,96150
1069,224,2025-04-20,web,37.24,49039
1070,448,2024-05-03,web,77.3,76044
1071,428,2024-03-25,mobile,109.08,18580
1072,34,2024-12-24,mobile,432.36,60184
1073,231,2025-04-10,web,647.46,30822
1074,285,2024-08-11,web,59.85,65265
1075,456,2024-06-29,mobile,173.68,16360
1076,349,2025-11-05,web,77.08,11296
1077,32,2025-06-14,bopis,540.51,31040
1078,103,2024-06-16,mobile,470.83,60262
1079,116,2024-03-29,store,44.35,54728
1080,498,2024-05-20,mobile,81.38,47332
1081,406,2025-02-11,mobile,1063.2,29083
1082,325,2024-06-24,web,215.5,89626
1083,26,2025-11-12,store,44.35,78509
1084,322,2024-07-14,web,210.23,64960
1085,288,2024-08-02,web,91.38,82246
1086,353,2025-02-08,bopis,57.62,60278
1087,153,2025-10-12,store,488.18,60274
1088,283,2024-10-22,mobile,582.9,31120
1089,423,2024-12-09,bopis,82.3,64890
1090,21,2024-05-04,mobile,319.94,11980
1091,19,2024-04-26,web,52.97,75805
1092,415,2024-04-03,mobile,875.27,25669
1093,361,2025-02-10,bopis,2132.8,55160
1094,155,2025-06-05,bopis,303.41,93852
1095,173,2024-04-23,store,755.86,49250
1096,64,2024-03-22,store,795.21,77792
1097,73,2024-12-03,mobile,69.13,92435
1098,94,2024-12-15,bopis,494.3,54779
1099,308,2024-05-11,store,128.2,33495
1100,245,2024-12-22,web,81.69,75877
1101,412,2025-05-21,bopis,393.17,49707
1102,271,2024-12-22,bopis,120.13,50452
1103,353,2025-01-12,web,92.62,76741
1104,272,2025-08-19,mobile,138.13,74771
1105,91,2024-03-08,web,102.54,23231
1106,117,2025-03-10,bopis,247.15,69113
1107,129,2024-02-14,web,600.94,60868
1108,201,2024-07-23,mobile,77.08,60356
1109,441,2024-08-25,bopis,39.9,74939
1110,241,2024-10-26,web,110.12,28616
1111,375,2025-05-22,bopis,1364.93,66114
1112,462,2024-01-01,web,150.08,18623
1113,40,2024-03-25,store,217.63,69662
1114,109,2024-11-23,mobile,189.72,56170
1115,117,2024-08-12,web,227.11,38191
1116,469,2024-09-28,bopis,100.58,72035
1117,113,2025-09-18,web,69.11,46707
1118,11,2025-09-20,mobile,749.58,15816
1119,359,2025-04-06,bopis,77.95,31638
1120,402,2025-06-05,bopis,483.9,77513
1121,65,2024-06-30,mobile,132.76,21990
1122,429,2025-08-31,store,55.48,80110
1123,3,2025-01-20,mobile,1103.98,42951
1124,252,2025-06-07,web,77.28,66976
1125,33,2024-03-14,web,227.42,37006
1126,265,2024-06-29,bopis,592.03,34366
1127,499,2025-08-16,bopis,264.78,70786
1128,206,2024-11-09,bopis,96.79,73005
1129,29,2025-01-18,store,555.76,24967
1130,17,2024-03-20,store,244.09,76550
1131,270,2025-12-30,web,756.71,19082
1132,455,2024-11-18,bopis,156.06,85236
1133,426,2024-11-12,web,156.31,38036
1134,36,2025-09-02,bopis,55.06,41579
1135,189,2024-10-28,mobile,201.9,14902
1136,428,2024-09-30,bopis,90.43,36987
1137,293,2024-08-26,mobile,310.91,67106
1138,186,2024-05-21,store,78.07,32405
1139,46,2025-01-30,web,52.97,78771
1140,400,2024-11-02,mobile,81.69,51736
1141,122,2025-12-11,store,781.15,70676
1142,265,2024-08-22,web,42.32,45994
1143,189,2025-02-07,store,77.95,52080
1144,392,2024-10-06,web,630.84,15363
1145,10,2025-05-27,bopis,647.46,18721
1146,450,2025-03-28,web,81.69,79529
1147,464,2024-12-11,web,605.7,77331
1148,227,2025-01-29,bopis,105.94,65236
1149,441,2025-06-20,web,1672.82,19193
1150,72,2025-02-22,mobile,159.63,98972
1151,45,2024-01-31,mobile,174.48,14196
1152,224,2025-04-19,web,156.46,31166
1153,214,2025-02-27,bopis,131.15,19166
1154,102,2025-09-02,web,72.27,66399
1155,233,2024-03-29,mobile,420.48,83484
1156,291,2024-11-23,store,35.72,59923
1157,283,2024-01-05,web,126.96,41626
1158,424,2024-12-04,web,232.26,29070
1159,142,2025-05-29,web,201.0,97798
1160,97,2024-01-29,mobile,207.39,77232
1161,108,2025-10-18,web,1126.86,66397
1162,101,2024-06-29,mobile,588.78,46696
1163,470,2025-09-11,mobile,122.29,28335
1164,176,2025-07-06,web,108.72,54622
1165,390,2024-04-07,store,1976.6,54711
1166,94,2024-02-01,store,749.58,83070
1167,12,2025-03-08,web,485.65,90256
1168,287,2024-11-05,mobile,479.4,81968
1169,45,2025-08-24,web,227.42,71429
1170,227,2024-03-18,web,41.08,44786
1171,196,2025-11-25,web,20.16,26812
1172,10,2024-07-26,store,756.71,50762
1173,417,2024-12-18,mobile,177.0,87962
1174,259,2024-09-18,mobile,2345.17,27770
1175,130,2024-04-27,web,586.31,50454
1176,79,2024-08-25,web,826.88,16566
1177,288,2025-10-07,bopis,162.76,19348
1178,307,2025-05-02,bopis,71.47,96388
1179,160,2024-07-08,bopis,837.24,51122
1180,365,2025-06-27,bopis,76.32,58274
1181,64,2025-03-27,web,150.08,46043
1182,260,2024-11-20,web,271.29,93392
1183,495,2024-11-17,web,44.34,88127
1184,335,2024-01-28,bopis,77.08,65367
1185,357,2025-06-01,web,158.91,27286
1186,206,2024-11-09,web,275.93,10845
1187,339,2024-12-16,mobile,873.93,44771
1188,360,2025-04-19,bopis,77.08,83672
1189,414,2024-12-17,web,13.23,60806
1190,21,2025-03-17,web,340.06,26097
1191,117,2024-12-26,bopis,253.1,69550
1192,419,2025-05-16,mobile,802.55,11528
1193,237,2024-09-22,mobile,353.63,23336
1194,52,2024-03-23,store,82.3,93172
1195,289,2025-08-25,bopis,194.84,86697
1196,39,2024-01-29,store,77.3,89380
1197,152,2025-06-19,mobile,273.75,24877
1198,448,2025-09-01,bopis,70.46,22865
1199,150,2025-08-03,mobile,436.09,46678
1200,97,2025-12-30,mobile,1006.94,38331
1201,42,2025-01-03,web,81.69,94066
1202,466,2024-01-30,web,466.89,21981
1203,243,2025-04-10,mobile,403.8,33130
1204,277,2024-04-27,web,260.52,60920
1205,84,2024-03-04,bopis,428.0,87342
1206,282,2024-07-30,mobile,392.31,10228
1207,312,2024-08-30,mobile,84.52,74988
1208,297,2025-09-30,web,59.85,70696
1209,484,2024-05-03,web,43.5,98260
1210,271,2024-03-11,web,39.69,35819
1211,227,2025-07-23,bopis,809.43,83138
1212,172,2025-06-17,web,116.32,51149
1213,444,2025-07-18,bopis,207.33,41888
1214,487,2024-09-18,bopis,1029.67,97506
1215,313,2024-10-18,web,69.13,56794
1216,324,2024-05-14,web,67.55,64026
1217,454,2025-11-10,web,1029.67,50800
1218,359,2024-11-04,mobile,58.16,11708
1219,237,2025-10-14,mobile,78.07,83438
1220,134,2024-02-14,web,66.74,28331
1221,132,2025-03-19,store,207.33,45685
1222,250,2024-09-17,web,69.13,84634
1223,431,2025-06-03,bopis,227.79,31052
1224,232,2025-12-16,bopis,197.48,77847
1225,151,2025-10-02,bopis,138.75,40399
1226,391,2024-02-29,web,77.28,54450
1227,193,2024-10-02,mobile,165.18,26398
1228,262,2025-05-26,mobile,319.94,49332
1229,207,2025-02-27,bopis,706.28,12556
1230,236,2025-01-17,web,138.13,95754
1231,127,2024-10-02,bopis,203.45,32632
1232,465,2024-06-27,bopis,80.58,79753
1233,235,2024-07-08,web,20.69,69436
1234,89,2025-08-04,web,2472.74,41136
1235,159,2025-04-20,store,126.79,13967
1236,497,2025-10-05,web,82.16,15743
1237,101,2024-12-30,web,34.3,77186
1238,409,2024-02-11,bopis,117.81,95882
1239,425,2024-10-01,web,119.24,59325
1240,468,2024-02-01,store,21.75,19524
1241,232,2025-09-03,mobile,123.39,18135
1242,128,2024-01-29,web,639.26,71312
1243,439,2025-02-15,mobile,479.4,30259
1244,22,2024-11-27,store,67.55,37178
1245,180,2024-05-31,web,117.71,17160
1246,378,2024-12-05,store,72.15,48058
1247,116,2024-03-29,mobile,651.54,11173
1248,316,2025-04-02,mobile,77.28,64640
1249,311,2025-03-03,web,122.22,41513
1250,171,2025-03-19,bopis,155.63,55225
1251,497,2024-06-11,web,1029.67,99416
1252,185,2025-08-22,mobile,1849.52,94263
1253,342,2025-11-15,web,87.63,74219
1254,38,2024-12-02,web,34.3,40747
1255,474,2024-06-27,mobile,298.58,95940
1256,316,2025-12-14,mobile,406.9,34370
1257,327,2024-11-01,web,66.74,84956
1258,208,2025-07-15,mobile,66.38,11435
1259,177,2025-06-18,bopis,319.94,34301
1260,260,2025-07-31,web,111.97,57294
1261,394,2025-09-26,store,55.48,81139
1262,46,2025-05-17,mobile,306.39,42508
1263,44,2024-01-04,web,1417.64,76204
1264,459,2024-05-06,web,401.53,12509
1265,337,2024-09-15,mobile,42.32,25863
1266,131,2024-01-21,web,59.0,69929
1267,276,2025-04-11,mobile,201.9,17775
1268,420,2025-03-29,mobile,55.06,96689
1269,316,2025-02-05,web,1104.04,75844
1270,31,2024-03-06,store,66.38,29192
1271,108,2025-01-02,web,504.49,37572
1272,416,2024-04-23,web,81.38,41195
1273,223,2025-05-10,web,39.64,80583
1274,364,2025-12-15,web,36.36,90839
1275,384,2024-03-16,mobile,1029.67,91453
1276,100,2024-07-16,web,44.34,16913
1277,434,2024-11-17,store,873.93,51804
1278,409,2024-09-07,mobile,21.75,63944
1279,181,2024-01-07,web,783.05,61478
1280,240,2025-03-05,web,72.15,77783
1281,498,2024-06-10,web,185.41,21552
1282,365,2025-04-24,web,1029.67,83943
1283,242,2024-01-13,mobile,800.18,88367
1284,397,2025-03-25,web,183.51,66084
1285,143,2025-01-18,web,143.41,41793
1286,99,2025-03-12,mobile,551.55,68956
1287,400,2024-10-18,mobile,297.74,55680
1288,443,2024-04-05,mobile,35.23,71159
1289,105,2024-06-11,web,1367.94,45749
1290,98,2024-11-06,bopis,422.34,72232
1291,90,2024-06-06,bopis,160.51,36124
1292,90,2024-05-21,bopis,1029.67,44915
1293,442,2024-04-20,web,77.95,29704
1294,456,2025-02-09,store,156.31,57917
1295,334,2024-07-23,bopis,319.94,60009
1296,116,2024-01-18,web,277.64,25796
1297,492,2025-09-26,mobile,140.0,99452
1298,429,2025-01-03,web,155.63,43629
1299,430,2025-04-10,bopis,816.32,68465
1300,384,2024-03-24,web,347.62,75300
1301,411,2025-04-30,web,138.75,60684
1302,125,2024-02-14,store,39.64,18666
1303,429,2024-05-12,web,280.44,15450
1304,98,2024-01-25,web,392.31,88089
1305,481,2024-01-12,mobile,44.35,51244
1306,204,2024-07-07,store,81.69,60136
1307,407,2024-02-27,mobile,69.18,19724
1308,309,2024-09-21,bopis,158.0,16362
1309,261,2025-10-29,web,229.72,60200
1310,322,2025-11-20,mobile,130.32,25667
1311,411,2024-06-04,web,271.29,14435
1312,148,2024-12-23,bopis,20.69,20299
1313,120,2024-01-31,store,148.65,18429
1314,338,2024-06-07,store,77.3,70878
1315,251,2024-09-30,bopis,67.11,21140
1316,21,2024-12-13,store,67.11,99053
1317,135,2024-05-04,web,1149.66,46407
1318,32,2024-06-05,web,543.96,99691
1319,195,2024-07-31,mobile,101.32,56426
1320,19,2025-11-21,web,107.43,59147
1321,27,2025-04-18,web,198.31,88469
1322,409,2024-08-23,web,86.99,36214
1323,438,2025-08-09,store,646.5,14027
1324,342,2025-07-01,mobile,66.38,60742
1325,367,2024-06-12,store,77.08,39839
1326,454,2024-01-17,web,194.84,69145
1327,187,2024-11-30,store,823.09,44779
1328,30,2025-02-16,bopis,78.07,61597
1329,153,2024-03-16,store,39.9,53161
1330,284,2024-09-20,bopis,504.49,64511
1331,180,2025-10-22,mobile,138.13,76369
1332,28,2024-12-24,store,203.45,72027
1333,493,2025-04-14,web,1029.67,88784
1334,294,2025-03-13,web,55.06,19566
1335,462,2025-08-24,web,196.26,35068
1336,430,2024-08-14,bopis,42.32,57057
1337,166,2024-07-31,web,44.35,41246
1338,242,2024-04-25,mobile,39.9,41246
1339,7,2024-01-16,store,246.78,66737
1340,329,2025-06-09,bopis,44.35,22333
1341,297,2025-06-14,mobile,20.16,88538
1342,440,2025-04-07,mobile,43.5,43230
1343,324,2024-04-22,mobile,810.81,65007
1344,3,2025-09-24,store,90.43,36788
1345,500,2025-12-23,store,708.8,83623
1346,32,2025-10-24,mobile,1060.03,39851
1347,131,2024-11-23,web,67.11,18933
1348,14,2024-10-01,bopis,137.64,36835
1349,386,2025-07-29,mobile,126.96,53568
1350,182,2024-10-31,web,160.62,56227
1351,156,2024-03-25,web,84.52,75712
1352,257,2024-05-10,web,211.43,58451
1353,494,2024-11-04,web,100.58,61922
1354,178,2025-11-05,web,65.24,48475
1355,44,2025-08-09,store,124.38,75329
1356,430,2025-06-07,web,43.5,68376
1357,296,2024-07-24,web,585.87,86399
1358,495,2025-12-09,mobile,86.84,98039
1359,422,2024-12-01,web,91.38,35608
1360,335,2025-11-24,bopis,1029.67,62279
1361,62,2024-05-03,web,138.13,72278
1362,259,2024-02-09,mobile,190.26,11088
1363,209,2024-08-29,mobile,784.62,96216
1364,105,2025-03-05,bopis,257.14,68649
1365,221,2025-09-20,store,203.45,34791
1366,191,2025-06-19,web,413.0,99085
1367,111,2025-09-05,web,724.53,62641
1368,67,2024-03-14,mobile,39.64,22527
1369,234,2025-07-08,bopis,134.22,12516
1370,476,2025-11-11,mobile,224.25,52162
1371,300,2025-01-17,store,479.4,32058
1372,307,2025-09-22,web,77.08,11696
1373,482,2024-09-12,mobile,91.38,24277
1374,154,2024-12-20,web,2811.6,63302
1375,203,2024-06-03,web,35.72,47333
1376,261,2024-08-11,web,569.93,54017
1377,172,2024-02-15,mobile,155.63,74115
1378,7,2024-09-25,bopis,158.91,80068
1379,128,2025-06-28,store,78.07,75832
1380,424,2024-06-05,store,39.64,36533
1381,216,2024-10-26,web,160.51,53550
1382,471,2025-11-01,store,99.06,37663
1383,177,2024-08-18,bopis,61.11,97664
1384,58,2024-09-10,mobile,852.6,22210
1385,201,2025-11-16,bopis,116.43,97685
1386,131,2025-10-20,web,52.97,40987
1387,158,2025-06-02,web,79.28,90206
1388,388,2025-06-04,bopis,354.4,12246
1389,334,2025-07-20,mobile,756.71,17847
1390,189,2024-06-05,bopis,114.91,39326
1391,248,2024-09-20,mobile,639.88,80951
1392,481,2025-01-20,web,1800.04,15023
1393,245,2024-12-04,store,1783.81,48696
1394,314,2024-12-24,store,167.31,50737
1395,359,2024-03-09,store,227.11,43443
1396,110,2025-07-17,mobile,44.35,21946
1397,40,2025-03-09,mobile,77.95,99618
1398,228,2025-10-22,bopis,163.74,87190
1399,218,2024-08-24,mobile,191.13,71821
1400,394,2024-11-13,mobile,1060.03,51812
1401,150,2024-01-09,store,81.38,40439
1402,250,2024-11-19,web,39.64,40356
1403,221,2024-09-24,mobile,520.87,71129
1404,359,2024-08-28,mobile,756.71,14720
1405,144,2025-01-16,web,67.55,36522
1406,278,2025-09-16,store,1769.61,12750
1407,476,2024-09-23,mobile,473.01,44327
1408,389,2025-11-28,web,227.42,52854
1409,212,2024-09-06,mobile,138.93,77194
1410,148,2024-03-22,store,119.7,42473
1411,120,2024-11-12,web,100.58,95237
1412,10,2025-05-24,mobile,90.43,51642
1413,450,2025-12-02,store,66.38,55377
1414,38,2024-08-24,web,1063.2,96588
1415,353,2024-06-03,web,35.72,88587
1416,458,2024-12-27,mobile,66.38,72769
1417,320,2024-10-02,bopis,59.0,57385
1418,14,2025-04-20,web,51.27,18697
1419,100,2024-12-07,store,1487.79,36763
1420,378,2025-05-16,bopis,138.36,69260
1421,494,2024-08-03,web,959.82,40674
1422,135,2025-12-17,web,534.6,51497
1423,295,2024-11-23,web,77.28,56245
1424,266,2024-01-06,web,471.2,41985
1425,206,2025-10-24,web,1060.03,80323
1426,301,2024-06-16,mobile,399.63,22773
1427,13,2024-05-17,web,1167.07,58312
1428,244,2025-02-10,web,77.3,84445
1429,340,2025-01-13,store,77.3,42337
1430,10,2025-06-05,web,61.11,54447
1431,52,2024-07-15,web,115.49,68040
1432,156,2024-10-06,web,67.11,64210
1433,373,2025-09-16,bopis,120.13,95556
1434,265,2024-12-17,web,1521.39,28572
1435,465,2025-06-26,bopis,520.87,37392
1436,254,2025-03-09,bopis,55.48,47522
1437,317,2025-07-07,bopis,160.51,18322
1438,113,2024-10-19,web,165.18,47553
1439,475,2025-02-19,store,84.52,70512
1440,293,2025-02-23,web,69.18,26117
1441,419,2024-08-07,bopis,120.13,39528
1442,164,2025-10-26,mobile,200.66,28278
1443,86,2025-04-16,mobile,123.39,17715
1444,283,2024-05-29,web,1916.66,89941
1445,449,2024-01-06,bopis,77.95,33415
1446,373,2024-08-23,mobile,51.27,24957
1447,388,2025-04-27,web,86.84,21325
1448,141,2024-04-22,mobile,138.36,40403
1449,40,2024-07-16,web,947.82,95322
1450,81,2024-08-28,web,479.4,27317
1451,495,2024-10-08,mobile,247.15,70017
1452,146,2025-08-11,mobile,120.13,88873
1453,269,2025-02-11,web,241.04,39277
1454,307,2024-10-30,web,86.84,77261
1455,40,2025-12-06,web,116.62,26834
1456,5,2025-12-22,web,155.63,11088
1457,237,2025-03-09,bopis,42.32,67908
1458,354,2025-10-12,bopis,207.54,56021
1459,491,2024-12-01,web,113.73,10651
1460,345,2025-01-27,store,20.69,36740
1461,465,2024-12-23,web,138.93,54027
1462,497,2024-06-26,store,244.09,69084
1463,56,2025-11-29,mobile,1758.93,19451
1464,50,2025-10-13,mobile,1060.03,30481
1465,459,2025-10-04,web,319.94,37755
1466,474,2025-12-09,web,583.44,90171
1467,355,2025-09-06,web,481.53,37391
1468,300,2024-02-05,store,504.49,17576
1469,37,2024-01-11,web,416.25,74086
1470,305,2024-03-10,web,624.5,40698
1471,415,2024-10-25,web,253.56,23246
1472,309,2024-02-25,web,639.26,46082
1473,191,2025-10-02,mobile,200.66,80582
1474,151,2024-05-05,mobile,157.17,21789
1475,334,2024-02-26,bopis,82.16,33982
1476,131,2024-06-26,web,70.46,60715
1477,390,2024-03-11,mobile,35.72,37744
1478,465,2024-06-26,web,102.54,19746
1479,40,2025-07-21,web,44.34,38635
1480,366,2024-05-30,mobile,102.2,82403
1481,100,2024-12-22,web,46.31,36116
1482,201,2024-03-15,web,81.69,99800
1483,480,2024-02-11,web,402.71,13425
1484,459,2025-01-06,store,916.04,50997
1485,224,2024-03-21,mobile,1202.68,99535
1486,153,2024-01-14,mobile,72.27,53086
1487,315,2025-12-21,web,807.98,36864
1488,23,2025-11-24,mobile,36.24,65990
1489,264,2025-11-03,bopis,36.36,90880
1490,123,2024-01-17,web,77.08,85322
1491,77,2025-08-22,store,215.5,11449
1492,49,2025-08-31,web,80.74,61498
1493,380,2024-05-23,web,156.14,21652
1494,131,2024-09-14,web,1135.47,81452
1495,364,2025-10-13,store,215.5,79972
1496,287,2025-09-12,mobile,501.56,44459
1497,98,2024-04-24,mobile,227.11,98507
1498,64,2026-01-01,web,42.32,19854
1499,185,2025-10-09,web,58.16,94360
1500,369,2025-03-20,web,233.63,63198
1501,449,2025-05-03,mobile,119.7,97633
1502,472,2024-01-23,web,160.51,57549
1503,399,2025-10-30,web,1087.93,23073
1504,191,2025-01-02,mobile,235.78,49359
1505,53,2025-01-04,web,586.31,48843
1506,343,2024-05-24,mobile,247.15,50400
1507,322,2025-01-01,mobile,69.13,89350
1508,159,2024-02-07,bopis,99.06,35182
1509,270,2024-05-27,web,41.46,74263
1510,183,2025-06-09,store,147.27,56165
1511,449,2025-04-21,web,215.5,15507
1512,209,2025-01-25,store,156.31,13773
1513,399,2024-09-29,mobile,337.46,73503
1514,212,2024-08-04,mobile,76.32,93143
1515,408,2025-10-06,bopis,959.2,50165
1516,431,2024-11-28,web,93.3,25003
1517,151,2024-06-14,bopis,325.65,45264
1518,96,2025-07-30,web,873.93,89276
1519,184,2025-06-10,web,155.63,34118
1520,320,2025-09-09,mobile,34.3,66710
1521,28,2025-09-05,mobile,227.11,77963
1522,276,2024-03-14,mobile,173.68,29789
1523,149,2025-08-25,web,77.95,62542
1524,123,2024-07-19,mobile,232.78,69106
1525,18,2024-03-24,web,520.87,20828
1526,236,2025-12-06,mobile,1139.45,24260
1527,142,2024-02-09,web,181.57,63906
1528,262,2024-10-10,bopis,354.4,36377
1529,347,2025-06-24,mobile,155.63,22872
1530,104,2025-10-07,mobile,42.32,69048
1531,296,2024-03-05,mobile,51.27,16881
1532,463,2025-07-17,mobile,276.44,29820
1533,270,2024-03-19,web,127.06,51346
1534,167,2024-05-28,web,199.14,37172
1535,322,2025-12-21,web,681.33,91053
1536,164,2024-10-23,mobile,837.39,27237
1537,460,2025-03-02,web,196.26,84622
1538,13,2025-11-02,mobile,35.23,90710
1539,308,2025-11-20,web,138.75,32157
1540,458,2024-03-04,web,69.13,78408
1541,180,2025-09-27,mobile,36.24,39488
1542,470,2024-03-27,web,39.27,98652
1543,171,2025-12-23,web,81.69,94458
1544,18,2025-06-25,mobile,331.67,81549
1545,435,2025-08-25,mobile,1519.58,23816
1546,389,2025-12-12,mobile,530.76,49190
1547,346,2024-10-30,web,647.46,24588
1548,23,2024-09-18,mobile,984.5,71851
1549,38,2024-08-03,web,49.5,77192
1550,321,2025-07-17,web,82.3,76216
1551,367,2024-01-15,bopis,247.15,95679
1552,300,2024-05-02,mobile,556.23,72341
1553,174,2025-01-25,mobile,863.09,30940
1554,186,2024-09-17,web,247.15,86734
1555,279,2024-07-21,store,1562.61,35063
1556,34,2025-06-13,mobile,1060.03,25055
1557,336,2025-04-24,store,160.51,56008
1558,409,2025-12-22,mobile,77.28,62290
1559,475,2025-12-02,store,78.54,24141
1560,384,2025-10-08,mobile,86.41,33486
1561,335,2024-04-04,web,178.21,27820
1562,78,2025-03-04,bopis,271.29,29838
1563,190,2024-06-27,store,227.11,58180
1564,208,2025-02-22,bopis,37.24,95629
1565,387,2024-06-09,mobile,196.26,69275
1566,479,2025-11-12,mobile,639.26,43148
1567,228,2024-06-30,store,234.16,14645
1568,330,2025-10-23,web,20.69,43717
1569,164,2024-06-22,mobile,639.88,86087
1570,20,2025-04-13,web,42.32,59030
1571,118,2025-07-22,web,118.0,21419
1572,46,2025-11-13,bopis,156.46,23209
1573,396,2024-02-21,web,138.75,32321
1574,234,2025-07-04,bopis,62.3,97983
1575,284,2025-02-26,bopis,271.29,62448
1576,345,2025-11-21,mobile,221.27,91782
1577,373,2025-07-06,bopis,84.52,55477
1578,494,2024-01-23,store,947.82,97740
1579,192,2025-10-14,store,227.42,76819
1580,128,2024-05-07,bopis,319.94,20546
1581,238,2025-01-19,bopis,59.0,53532
1582,370,2024-01-19,store,370.17,25738
1583,188,2024-05-19,web,551.35,21152
1584,33,2025-07-31,mobile,77.95,90818
1585,162,2025-08-19,bopis,1060.03,78406
1586,126,2025-12-25,mobile,36.36,41703
1587,205,2025-05-07,web,81.38,83165
1588,259,2024-01-21,mobile,37.24,48306
1589,450,2025-03-30,bopis,34.3,84971
1590,301,2024-09-14,mobile,873.93,85428
1591,393,2024-08-09,mobile,873.93,56986
1592,454,2025-10-16,bopis,2661.69,47801
1593,195,2025-01-02,web,348.69,89973
1594,291,2025-01-27,mobile,97.72,69501
1595,92,2024-04-19,store,469.38,65396
1596,381,2025-07-09,web,441.81,10816
1597,117,2025-10-01,web,155.09,43949
1598,237,2024-08-09,web,247.15,68970
1599,302,2025-05-18,mobile,1029.67,61367
1600,414,2025-02-22,store,86.41,26081
1601,191,2025-10-25,store,59.85,81329
1602,307,2024-05-21,web,403.8,37167
1603,214,2024-02-06,bopis,77.28,59824
1604,154,2024-02-24,web,36.24,90899
1605,256,2025-10-11,web,203.45,99573
1606,468,2025-03-24,mobile,59.0,24001
1607,377,2025-08-15,mobile,21.75,74093
1608,126,2024-03-28,web,76.68,81361
1609,429,2025-11-07,web,676.27,13165
1610,462,2025-04-17,web,21.75,85581
1611,499,2025-03-30,web,691.78,14311
1612,430,2024-09-13,mobile,242.17,81789
1613,296,2024-12-01,web,196.26,42897
1614,283,2025-02-04,web,35.23,35059
1615,282,2025-07-13,web,41.08,46168
1616,483,2024-08-18,bopis,284.63,52935
1617,464,2025-08-01,web,62.07,18359
1618,295,2024-04-30,bopis,2270.13,20918
1619,192,2025-05-20,web,77.28,51457
1620,326,2024-02-01,mobile,227.11,31247
1621,137,2024-08-04,web,2085.66,74182
1622,430,2024-09-04,web,67.11,95522
1623,2,2025-03-16,mobile,156.46,26133
1624,422,2024-11-26,bopis,37.24,53466
1625,469,2024-04-30,mobile,97.86,71955
1626,376,2024-09-25,web,311.14,48581
1627,39,2025-10-07,mobile,1060.03,23556
1628,75,2025-12-01,web,69.13,36534
1629,126,2024-09-03,mobile,307.89,20234
1630,455,2024-07-21,web,182.48,76309
1631,304,2024-05-28,bopis,67.11,93353
1632,86,2025-09-09,web,201.9,87935
1633,69,2025-11-10,store,37.24,41634
1634,217,2025-06-27,web,1060.03,15299
1635,197,2025-07-19,bopis,36.36,26169
1636,411,2024-09-27,bopis,797.11,62209
1637,426,2024-05-29,web,520.87,86206
1638,143,2024-06-29,web,348.75,34712
1639,385,2024-05-06,mobile,42.32,79388
1640,169,2025-10-02,bopis,72.15,43839
1641,446,2024-08-31,web,1000.79,62570
1642,496,2024-04-10,store,69.11,61318
1643,198,2025-08-10,web,66.74,45467
1644,98,2024-11-25,mobile,58.16,79476
1645,309,2024-07-23,mobile,1082.55,60764
1646,426,2025-11-05,mobile,176.28,41600
1647,59,2025-06-28,bopis,77.3,70118
1648,167,2025-10-13,bopis,77.3,25423
1649,159,2025-06-18,mobile,319.94,52539
1650,460,2025-06-25,web,72.15,29822
1651,304,2024-01-05,bopis,81.69,42738
1652,390,2025-01-14,web,59.0,93731
1653,162,2025-06-27,mobile,123.39,58861
1654,225,2024-10-13,web,234.92,33211
1655,260,2024-09-22,store,55.48,45588
1656,71,2024-01-08,web,185.41,17192
1657,380,2025-07-17,mobile,29.41,96285
1658,302,2025-08-23,web,46.31,96878
1659,304,2024-01-16,mobile,145.84,49889
1660,424,2024-06-18,mobile,59.0,54289
1661,442,2025-06-23,web,198.12,59911
1662,68,2024-01-08,web,220.0,38068
1663,441,2025-03-02,web,58.16,82689
1664,435,2025-04-23,mobile,35.23,44478
1665,58,2025-01-20,bopis,793.93,72712
1666,109,2025-11-02,mobile,138.54,62711
1667,330,2024-08-17,web,1117.54,65812
1668,38,2025-01-24,store,13.23,53726
1669,398,2024-07-31,store,345.39,12011
1670,235,2025-08-18,bopis,484.57,59201
1671,98,2025-09-06,mobile,91.2,74597
1672,292,2024-07-11,mobile,247.15,56123
1673,260,2024-07-24,mobile,82.3,43230
1674,349,2026-01-01,store,1082.55,45056
1675,292,2025-09-12,web,342.33,44014
1676,451,2025-09-12,web,90.43,17399
1677,45,2024-11-25,web,762.18,52593
1678,408,2024-08-06,web,44.35,38350
1679,81,2024-05-20,web,1135.96,23949
1680,382,2025-10-21,web,67.55,93848
1681,281,2024-01-05,web,119.22,96293
1682,56,2024-01-25,mobile,77.08,78733
1683,73,2026-01-01,mobile,947.82,13530
1684,408,2025-05-03,mobile,312.92,25917
1685,51,2025-05-15,web,1493.35,94595
1686,376,2025-06-06,web,215.5,17790
1687,123,2025-06-11,store,55.48,54421
1688,31,2025-03-19,web,20.69,81028
1689,36,2025-03-10,web,201.9,82896
1690,166,2024-10-28,bopis,235.56,51125
1691,348,2025-07-03,web,119.7,36390
1692,483,2025-10-23,bopis,756.71,16382
1693,288,2024-03-11,web,1172.62,46006
1694,328,2025-05-08,mobile,196.26,95361
1695,244,2024-08-31,web,66.38,67032
1696,53,2025-05-23,store,117.81,87125
1697,464,2025-06-20,store,69.13,70930
1698,106,2025-08-26,mobile,216.45,97930
1699,101,2024-06-09,store,270.43,21311
1700,171,2025-08-23,mobile,28.81,19196
1701,490,2025-03-30,web,947.82,46576
1702,214,2025-10-29,web,80.59,78480
1703,278,2024-05-05,web,1277.39,87802
1704,263,2025-11-25,mobile,92.62,62854
1705,291,2025-10-12,web,1029.67,38865
1706,67,2024-02-10,store,138.13,26616
1707,116,2025-02-12,web,120.13,57734
1708,329,2024-06-07,store,69.13,19198
1709,465,2024-01-03,bopis,39.64,67001
1710,366,2025-01-25,mobile,138.75,85757
1711,257,2025-05-07,web,194.48,53995
1712,437,2025-01-05,store,138.13,30239
1713,144,2024-05-27,web,505.62,78152
1714,374,2024-10-27,web,123.41,75652
1715,210,2025-09-07,web,217.93,28406
1716,417,2024-09-27,store,211.02,18567
1717,158,2024-11-25,bopis,166.44,50495
1718,54,2024-12-28,bopis,2509.82,62155
1719,78,2024-02-06,mobile,262.73,18400
1720,174,2024-01-09,web,482.97,38457
1721,427,2025-03-06,store,175.38,91466
1722,115,2025-05-16,mobile,55.06,28396
1723,390,2025-03-21,mobile,353.34,27727
1724,339,2024-02-13,mobile,304.12,22212
1725,378,2025-04-08,store,138.75,82900
1726,442,2024-12-29,store,466.33,37818
1727,22,2024-06-01,mobile,200.22,61354
1728,485,2024-12-14,mobile,297.18,39671
1729,78,2025-02-14,mobile,336.97,95844
1730,287,2024-02-09,web,207.54,77156
1731,187,2026-01-01,mobile,749.58,24133
1732,183,2025-12-02,bopis,42.32,77065
1733,6,2024-08-21,bopis,35.72,13066
1734,26,2024-01-13,web,2248.74,23350
1735,257,2025-06-23,web,72.15,93925
1736,57,2025-12-04,web,39.64,73837
1737,383,2024-05-27,bopis,44.35,10073
1738,69,2025-04-29,bopis,976.63,29704
1739,240,2025-12-08,bopis,266.58,22420
1740,26,2024-06-22,web,166.44,95685
1741,126,2025-09-15,web,388.96,19384
1742,356,2025-02-28,mobile,461.59,76595
1743,457,2024-07-06,store,506.84,32232
1744,139,2024-08-25,web,138.75,26089
1745,257,2025-01-11,mobile,41.08,42034
1746,122,2025-10-24,web,62.3,29739
1747,135,2024-05-02,mobile,20.69,10166
1748,382,2025-09-07,web,245.03,25586
1749,489,2025-04-08,web,138.75,18535
1750,179,2025-05-13,web,205.57,96576
1751,8,2024-06-20,web,1082.55,96282
1752,223,2024-11-01,web,62.3,71428
1753,231,2025-02-27,mobile,655.72,54684
1754,353,2024-06-09,store,99.06,57326
1755,204,2024-08-08,bopis,322.57,27013
1756,270,2025-02-12,store,172.82,46358
1757,67,2025-02-27,mobile,428.03,90877
1758,274,2024-04-03,mobile,744.25,38624
1759,437,2025-12-29,store,1213.34,48847
1760,288,2024-08-24,mobile,230.56,81677
1761,463,2025-06-21,web,84.52,18136
1762,353,2025-11-11,mobile,185.41,89790
1763,4,2024-07-12,mobile,194.84,58289
1764,405,2025-01-15,web,160.51,40602
1765,268,2025-12-19,bopis,301.02,53843
1766,1,2024-01-18,mobile,21.75,82997
1767,74,2025-06-25,mobile,194.48,31758
1768,393,2024-04-12,web,46.31,41513
1769,359,2025-10-08,bopis,392.31,94138
1770,489,2024-02-20,bopis,369.89,14698
1771,197,2024-09-17,web,39.69,14517
1772,425,2025-12-31,mobile,108.72,25960
1773,338,2024-03-15,bopis,35.72,56297
1774,202,2025-08-23,web,121.76,55896
1775,1,2025-10-27,bopis,20.16,66074
1776,492,2024-07-25,web,39.9,84586
1777,116,2024-01-17,mobile,117.22,26623
1778,297,2024-12-05,web,90.43,62598
1779,76,2024-01-08,mobile,78.07,73284
1780,499,2025-08-08,mobile,72.27,22207
1781,74,2024-12-10,web,256.83,98030
1782,60,2025-11-03,mobile,51.27,47038
1783,283,2025-01-21,store,86.41,61772
1784,27,2024-03-13,store,354.4,61267
1785,181,2025-10-15,bopis,201.9,87961
1786,314,2024-12-13,web,1060.03,12582
1787,110,2025-11-19,bopis,21.75,61775
1788,18,2024-10-24,mobile,311.26,43703
1789,258,2025-05-31,mobile,319.94,30833
1790,125,2025-02-21,bopis,86.41,66073
1791,8,2025-11-04,mobile,1029.67,54361
1792,63,2024-12-07,bopis,297.18,42861
1793,483,2025-04-13,mobile,118.92,53306
1794,338,2025-05-15,store,91.38,81193
1795,345,2024-12-23,web,201.9,22182
1796,476,2024-06-01,store,44.34,95770
1797,48,2025-05-13,mobile,29.41,93093
1798,317,2024-10-28,web,147.27,92409
1799,127,2025-12-04,mobile,100.58,14308
1800,196,2025-09-24,mobile,114.4,56621
1801,14,2025-11-02,web,78.07,61824
1802,408,2025-01-11,web,247.15,50567
1803,99,2025-12-08,web,479.4,43496
1804,345,2025-10-25,web,244.09,28816
1805,388,2024-03-15,web,81.38,36368
1806,226,2024-10-15,store,44.34,45797
1807,47,2024-08-31,store,21.75,49772
1808,331,2025-03-01,bopis,289.33,24433
1809,441,2025-07-06,mobile,112.05,72963
1810,303,2024-04-08,web,947.82,27315
1811,273,2025-04-30,web,34.3,60933
1812,444,2024-05-07,store,51.27,76391
1813,236,2025-06-22,store,201.9,28788
1814,238,2025-07-30,web,194.84,26855
1815,334,2024-10-30,store,76.32,16783
1816,3,2025-04-14,web,1513.42,59535
1817,111,2024-04-27,mobile,319.94,47058
1818,63,2024-09-06,mobile,1942.38,35532
1819,351,2025-07-23,web,646.5,43257
1820,144,2025-04-12,store,81.38,96778
1821,233,2024-11-10,web,37.24,26944
1822,251,2025-02-03,bopis,81.69,27928
1823,89,2024-01-01,web,78.07,22497
1824,256,2024-01-15,mobile,42.32,80994
1825,47,2024-03-25,mobile,767.59,72912
1826,2,2026-01-01,web,36.36,42516
1827,152,2025-10-14,web,194.84,31239
1828,97,2024-07-14,store,44.34,50380
1829,24,2024-06-09,mobile,2689.34,36233
1830,498,2025-10-09,mobile,240.26,64321
1831,17,2025-11-07,bopis,46.31,31382
1832,67,2024-01-20,store,216.59,50891
1833,369,2025-01-21,mobile,247.15,10783
1834,461,2025-02-14,web,196.26,10927
1835,85,2025-11-17,web,194.84,26629
1836,13,2025-11-16,bopis,1248.93,83835
1837,65,2025-06-22,bopis,156.14,26142
1838,400,2024-06-25,store,66.38,58841
1839,175,2025-02-09,store,160.51,66313
1840,118,2025-12-09,web,180.86,23795
1841,443,2024-05-08,web,107.48,89588
1842,378,2025-04-26,web,156.46,28569
1843,148,2025-06-18,web,450.24,50382
1844,483,2025-10-11,mobile,65.25,75462
1845,47,2025-07-06,mobile,133.2,92469
1846,248,2025-09-19,web,158.47,13853
1847,340,2024-03-01,bopis,77.08,23772
1848,74,2025-04-16,web,749.58,23344
1849,285,2025-10-18,web,97.86,26131
1850,260,2025-03-15,mobile,147.27,26720
1851,314,2025-03-22,mobile,937.32,30858
1852,357,2024-05-29,mobile,128.66,69121
1853,147,2025-10-06,bopis,199.14,85659
1854,494,2024-05-04,web,59.0,10245
1855,332,2025-01-11,mobile,96.79,36789
1856,415,2024-10-23,bopis,873.93,78539
1857,279,2024-04-24,store,681.38,10741
1858,396,2025-03-10,mobile,1308.89,94254
1859,92,2025-01-18,web,85.98,96085
1860,132,2025-03-12,web,224.25,93462
1861,139,2024-03-01,store,35.72,41202
1862,299,2025-03-19,mobile,66.74,62754
1863,341,2025-12-01,web,647.46,53775
1864,146,2024-06-03,store,2102.63,31163
1865,237,2025-07-22,mobile,689.61,58873
1866,240,2025-09-17,web,71.44,13554
1867,184,2025-08-19,web,76.32,86564
1868,37,2025-04-15,bopis,947.82,65554
1869,404,2025-09-24,web,1311.82,27845
1870,449,2024-02-11,store,947.82,67336
1871,296,2025-08-12,store,94.33,30549
1872,154,2025-09-14,web,55.06,32436
1873,202,2024-11-30,mobile,172.82,11005
1874,391,2025-04-17,web,1326.69,88676
1875,100,2025-05-06,web,39.27,87832
1876,56,2024-12-16,web,634.01,52084
1877,440,2025-04-13,store,494.48,69081
1878,332,2025-10-20,store,231.08,96025
1879,31,2025-03-12,web,293.86,25334
1880,477,2025-11-23,web,1103.43,24063
1881,184,2025-04-04,store,156.31,43689
1882,76,2025-04-16,store,101.54,50445
1883,343,2025-12-08,mobile,1143.35,56258
1884,84,2024-06-16,bopis,561.7,21670
1885,120,2025-06-14,mobile,952.62,40999
1886,461,2025-11-02,mobile,150.34,81877
1887,320,2024-09-11,web,690.96,33131
1888,498,2025-02-27,mobile,60.06,49158
1889,73,2025-09-10,bopis,224.97,83109
1890,39,2024-01-12,bopis,67.55,91440
1891,386,2024-08-25,mobile,1942.38,17028
1892,84,2024-12-13,web,520.87,65595
1893,402,2024-06-14,bopis,88.23,45363
1894,403,2025-09-01,store,51.27,20929
1895,46,2025-10-31,web,215.5,76370
1896,263,2024-02-02,bopis,72.15,95446
1897,199,2025-06-22,web,41.46,59182
1898,474,2024-01-29,web,35.72,70782
1899,469,2025-10-03,store,647.46,57527
1900,316,2024-01-06,web,58.16,49886
1901,195,2025-07-06,store,379.89,27297
1902,55,2024-06-28,mobile,323.54,56902
1903,448,2025-04-15,mobile,414.39,41457
1904,255,2024-12-27,web,21.75,18123
1905,436,2024-01-19,web,639.26,93625
1906,126,2025-03-05,web,247.15,98949
1907,116,2024-05-05,bopis,569.96,45466
1908,314,2024-09-23,web,39.9,80658
1909,436,2025-03-19,bopis,86.41,18650
1910,168,2025-12-24,web,494.3,22754
1911,68,2024-06-24,web,321.02,10850
1912,318,2024-11-30,web,169.04,29634
1913,434,2025-07-21,web,213.65,54703
1914,472,2025-03-23,mobile,700.37,37442
1915,176,2024-12-02,web,504.49,46709
1916,500,2024-06-09,web,179.58,58613
1917,347,2025-02-17,mobile,1060.03,72431
1918,436,2025-09-27,store,37.24,30571
1919,10,2025-07-22,mobile,67.11,78114
1920,295,2024-07-01,mobile,90.43,14779
1921,168,2024-01-15,web,66.74,67395
1922,345,2025-01-17,web,138.75,75143
1923,155,2024-05-08,web,90.43,88077
1924,72,2025-08-12,web,67.55,72119
1925,108,2025-07-31,bopis,20.16,62681
1926,69,2024-05-17,mobile,1276.41,46332
1927,99,2024-04-21,mobile,998.01,81312
1928,275,2025-10-03,web,222.74,29018
1929,131,2025-11-16,store,69.11,33967
1930,474,2025-09-24,store,78.07,50904
1931,366,2025-08-02,bopis,592.32,58201
1932,187,2025-07-19,store,235.05,23973
1933,310,2024-08-10,mobile,122.13,72210
1934,69,2025-10-18,bopis,371.73,50234
1935,115,2025-04-04,mobile,1162.69,82162
1936,482,2024-06-22,web,160.51,62981
1937,323,2024-09-28,web,231.84,12521
1938,237,2024-02-08,web,332.78,31562
1939,71,2025-03-31,bopis,194.48,58855
1940,472,2024-02-21,bopis,749.58,70377
1941,257,2024-07-19,bopis,118.0,45711
1942,140,2025-06-26,store,29.41,91879
1943,83,2024-06-11,web,123.39,19301
1944,246,2025-04-05,mobile,116.43,51632
1945,5,2024-06-05,web,67.11,25715
1946,133,2024-01-16,web,58.16,78203
1947,242,2025-12-12,mobile,128.22,43261
1948,131,2025-10-14,mobile,21.75,20518
1949,437,2024-08-26,store,111.72,64997
1950,239,2025-09-15,web,1370.68,43877
1951,74,2025-11-14,web,296.11,42429
1952,36,2025-07-11,mobile,36.24,63206
1953,156,2024-07-24,mobile,246.78,85412
1954,14,2025-05-11,mobile,504.49,69989
1955,179,2024-09-28,mobile,99.06,75617
1956,293,2024-06-25,bopis,691.81,59757
1957,208,2024-08-23,mobile,319.71,22838
1958,108,2024-02-19,store,91.38,19406
1959,12,2024-08-05,web,191.54,99561
1960,304,2025-03-19,store,158.91,11656
1961,34,2024-04-01,web,77.3,36072
1962,18,2025-01-06,web,21.75,45395
1963,400,2024-01-10,web,185.41,73342
1964,416,2025-04-09,bopis,835.99,49081
1965,103,2024-12-18,web,72.27,15282
1966,361,2025-04-13,web,194.48,59721
1967,412,2024-05-05,bopis,41.08,42879
1968,2,2025-09-27,bopis,120.13,66044
1969,303,2025-06-06,web,46.31,97425
1970,113,2024-04-16,bopis,947.82,98854
1971,145,2024-12-11,web,111.55,71459
1972,273,2024-08-22,store,501.41,48986
1973,64,2024-08-11,store,201.9,66699
1974,188,2025-09-07,mobile,202.65,74056
1975,371,2024-02-05,web,51.27,13094
1976,309,2024-11-24,web,73.48,69980
1977,484,2025-08-23,web,85.98,30650
1978,174,2024-07-03,mobile,1060.03,64573
1979,191,2024-04-05,store,116.43,61551
1980,398,2024-07-25,bopis,105.69,10912
1981,214,2024-10-03,web,302.03,37597
1982,81,2024-10-19,bopis,203.45,68943
1983,393,2025-01-18,store,94.4,25732
1984,259,2024-01-09,bopis,2816.31,42134
1985,491,2025-04-09,mobile,37.24,10010
1986,331,2024-10-30,web,584.52,69582
1987,178,2024-12-18,web,29.41,48775
1988,64,2024-08-14,web,756.71,36544
1989,211,2024-07-01,store,319.94,63750
1990,180,2025-12-25,store,247.15,11017
1991,300,2025-10-11,web,227.11,14432
1992,109,2025-11-14,mobile,736.35,70943
1993,449,2024-12-09,bopis,91.38,92184
1994,211,2024-02-26,mobile,178.87,36673
1995,132,2025-05-30,store,834.01,17510
1996,163,2025-06-18,store,85.42,63265
1997,495,2025-02-11,bopis,132.36,92802
1998,323,2024-03-10,web,207.24,11285
1999,214,2024-09-24,web,113.66,41925
2000,165,2025-04-21,web,58.16,44170
2001,168,2025-10-09,mobile,158.91,43224
2002,311,2025-09-09,mobile,138.13,37823
2003,297,2024-02-13,mobile,163.38,40231
2004,53,2025-05-14,bopis,154.6,15592
2005,228,2025-07-12,web,80.06,88322
2006,452,2025-07-12,bopis,67.55,15529
2007,477,2024-06-06,mobile,185.41,11247
2008,144,2025-06-22,mobile,72.72,69806
2009,225,2024-03-16,web,51.27,21218
2010,34,2025-01-02,web,855.64,37080
2011,453,2025-03-30,bopis,100.58,63308
2012,169,2024-03-26,bopis,61.43,94186
2013,45,2024-11-16,web,42.32,16547
2014,314,2025-03-28,store,147.27,29424
2015,136,2024-05-29,web,230.44,90186
2016,225,2025-01-20,bopis,818.69,10310
2017,245,2025-02-10,web,119.6,74380
2018,487,2025-07-09,web,21.75,45988
2019,331,2025-06-30,mobile,20.69,94334
2020,40,2024-11-25,mobile,96.79,49232
2021,202,2025-11-13,mobile,99.06,22509
2022,52,2025-06-11,web,261.47,12972
2023,250,2024-08-13,mobile,189.77,65615
2024,487,2025-07-18,web,181.77,29643
2025,159,2025-03-28,web,247.15,87059
2026,174,2024-07-02,mobile,227.42,86954
2027,448,2025-09-24,mobile,408.04,48951
2028,44,2025-12-10,mobile,819.1,22991
2029,349,2025-06-08,mobile,173.68,16829
2030,319,2024-04-04,store,156.46,85453
2031,189,2024-03-26,mobile,20.16,61758
2032,48,2025-08-29,web,116.43,96276
2033,143,2025-07-30,mobile,240.79,49636
2034,244,2024-12-01,mobile,1330.0,94722
2035,273,2024-04-23,mobile,67.55,61968
2036,18,2025-07-06,mobile,86.41,77583
2037,355,2024-07-08,web,13.23,38246
2038,113,2024-06-29,store,283.1,99019
2039,116,2024-04-30,web,1060.03,14247
2040,187,2024-01-04,store,36.24,53138
2041,487,2024-05-10,bopis,1942.38,28856
2042,356,2024-04-28,web,55.06,66139
2043,344,2025-01-19,store,720.95,72285
2044,280,2025-09-21,bopis,302.79,28579
2045,455,2024-07-01,mobile,156.46,97605
2046,105,2025-09-01,mobile,683.85,44793
2047,166,2025-10-26,mobile,199.64,24696
2048,495,2024-08-07,mobile,37.24,57239
2049,415,2024-03-25,web,82.3,82702
2050,90,2024-11-10,mobile,1586.0,10039
2051,459,2025-08-17,web,1169.11,59081
2052,336,2024-08-15,web,66.38,89364
2053,301,2024-05-19,mobile,123.39,68966
2054,121,2024-07-01,web,1029.83,79725
2055,286,2025-03-25,mobile,55.48,42881
2056,77,2024-09-08,store,479.4,36989
2057,346,2025-12-09,store,236.58,17524
2058,339,2025-10-15,bopis,1322.87,98861
2059,176,2025-03-22,web,647.46,74795
2060,134,2024-04-02,bopis,125.25,65764
2061,355,2024-09-29,mobile,77.28,68106
2062,275,2024-11-09,store,21.75,76653
2063,474,2024-11-29,mobile,354.4,57370
2064,156,2024-12-24,web,227.11,83508
2065,248,2025-11-22,mobile,873.93,19809
2066,246,2025-01-07,web,150.08,98282
2067,54,2024-04-12,store,69.13,12418
2068,418,2024-11-23,store,138.22,38891
2069,104,2025-08-21,store,292.78,10176
2070,470,2025-02-05,store,392.52,61537
2071,31,2024-03-05,bopis,631.98,86325
2072,211,2024-09-06,web,61.11,55576
2073,22,2025-09-11,mobile,639.26,81890
2074,229,2024-10-03,mobile,854.76,77692
2075,195,2024-01-11,web,1860.56,64683
2076,453,2024-04-23,web,160.51,85221
2077,193,2025-09-12,mobile,13.23,31418
2078,191,2024-06-04,store,164.55,79559
2079,226,2024-05-26,bopis,709.52,95701
2080,495,2025-08-11,web,639.88,26760
2081,260,2025-04-08,web,354.4,61808
2082,402,2024-03-15,store,194.84,27246
2083,51,2025-05-27,web,55.06,47212
2084,429,2024-10-29,store,77.3,29374
2085,131,2024-11-20,mobile,1029.67,52841
2086,273,2024-04-06,web,39.9,88589
2087,51,2024-04-06,mobile,67.11,81494
2088,7,2024-04-01,mobile,44.35,31386
2089,161,2024-08-03,web,700.43,73571
2090,212,2025-02-07,store,811.36,89735
2091,365,2025-03-30,web,41.46,96046
2092,344,2024-11-27,mobile,150.08,86239
2093,100,2024-09-23,mobile,21.75,67004
2094,81,2024-09-04,mobile,999.09,12094
2095,159,2024-02-03,web,34.3,25220
2096,215,2024-06-30,bopis,66.74,95763
2097,404,2024-01-09,mobile,135.87,15868
2098,481,2024-06-11,mobile,1029.67,33369
2099,223,2025-05-14,mobile,434.19,62986
2100,456,2024-08-31,web,959.82,65205
2101,498,2025-11-23,web,78.07,26807
2102,296,2024-10-06,web,249.96,10869
2103,383,2025-05-23,web,52.97,41278
2104,298,2025-06-23,bopis,32.62,41628
2105,453,2024-08-26,web,51.27,46930
2106,177,2025-01-12,store,708.8,50524
2107,300,2024-05-20,web,279.55,48699
2108,78,2024-09-08,mobile,100.58,99607
2109,453,2025-10-06,web,194.84,18380
2110,279,2025-04-20,mobile,84.64,21418
2111,347,2024-02-15,web,322.82,40606
2112,468,2025-11-10,web,1374.24,49850
2113,71,2024-03-10,mobile,395.97,35125
2114,286,2025-11-23,web,682.02,37634
2115,74,2025-02-01,web,868.55,91504
2116,362,2025-12-23,web,156.46,84852
2117,445,2025-01-14,store,387.31,10071
2118,37,2024-10-17,web,67.11,24040
2119,111,2024-08-13,web,29.41,64277
2120,197,2025-04-14,web,196.26,49443
2121,5,2024-02-18,mobile,1513.47,36099
2122,16,2025-07-25,store,504.49,57362
2123,55,2025-10-29,mobile,1748.02,46457
2124,424,2025-12-02,store,185.41,19897
2125,500,2025-03-24,mobile,52.97,55428
2126,80,2025-01-03,web,1513.42,93717
2127,238,2024-12-23,store,150.08,48695
2128,415,2024-03-14,web,39.9,61377
2129,487,2024-10-23,store,36.24,82069
2130,473,2024-12-05,mobile,32.62,72621
2131,402,2025-01-17,store,1562.61,35727
2132,85,2025-12-10,web,29.41,76038
2133,202,2024-12-08,web,64.04,19983
2134,186,2024-05-03,mobile,123.39,66923
2135,240,2025-02-16,web,133.02,50961
2136,358,2025-05-26,mobile,185.41,42608
2137,127,2025-03-27,web,90.43,29734
2138,358,2025-05-07,store,639.26,40973
2139,221,2024-06-13,bopis,172.82,60133
2140,257,2024-05-05,web,504.49,13398
2141,490,2024-06-09,mobile,66.38,11157
2142,60,2024-06-28,web,1137.11,72694
2143,405,2025-04-13,bopis,91.38,92065
2144,333,2024-12-10,bopis,99.06,84952
2145,235,2024-10-18,bopis,156.14,23582
2146,500,2024-09-18,mobile,20.69,86993
2147,329,2025-12-13,web,99.54,30396
2148,52,2025-02-14,web,138.36,84437
2149,28,2025-11-23,web,88.7,42143
2150,401,2024-03-22,mobile,1499.16,55630
2151,297,2025-08-01,web,156.46,48259
2152,487,2024-10-20,mobile,171.96,59130
2153,112,2024-02-16,bopis,156.31,57322
2154,361,2025-11-09,web,58.16,61639
2155,194,2024-01-23,store,123.39,27772
2156,429,2025-01-08,mobile,28.81,92250
2157,448,2024-11-26,bopis,131.48,31855
2158,434,2024-10-11,mobile,3336.23,32895
2159,279,2024-05-08,web,46.31,46800
2160,98,2025-05-20,web,99.06,29301
2161,172,2024-09-10,bopis,72.48,39179
2162,297,2025-10-03,mobile,111.72,26523
2163,434,2024-09-09,store,244.79,92651
2164,231,2024-04-07,web,227.11,44058
2165,443,2024-07-30,web,161.97,16256
2166,281,2025-05-01,bopis,62.3,22163
2167,492,2024-03-06,mobile,368.14,24514
2168,188,2024-09-09,mobile,56.52,26447
2169,436,2025-01-27,bopis,353.53,85716
2170,78,2025-06-25,bopis,311.26,14200
2171,412,2024-08-01,web,120.13,47138
2172,235,2025-09-10,web,39.9,44534
2173,51,2025-08-01,web,319.94,84350
2174,478,2024-12-14,store,82.3,95180
2175,329,2025-12-08,mobile,231.9,50210
2176,342,2024-10-28,web,154.58,34491
2177,4,2025-12-25,web,947.82,33937
2178,13,2025-01-15,web,138.96,63042
2179,75,2025-12-14,mobile,144.92,75707
2180,222,2025-05-17,web,227.11,40519
2181,399,2024-12-09,mobile,82.3,97628
2182,10,2025-12-25,mobile,586.31,73561
2183,460,2025-11-18,web,66.38,92278
2184,409,2024-07-25,mobile,99.06,98929
2185,150,2024-06-27,bopis,21.75,70845
2186,13,2025-01-07,mobile,32.62,34195
2187,49,2025-04-21,store,52.97,93212
2188,416,2024-04-14,web,81.38,45357
2189,325,2024-01-27,store,1942.38,41731
2190,190,2025-07-02,mobile,201.9,15901
2191,148,2024-12-23,web,319.94,84951
2192,53,2024-06-28,mobile,67.55,86398
2193,52,2024-12-06,web,561.7,35965
2194,104,2025-10-01,web,153.67,98457
2195,238,2025-05-12,store,77.95,65392
2196,21,2025-06-07,web,52.5,69121
2197,70,2025-09-25,web,36.36,91882
2198,455,2024-08-07,store,568.86,84316
2199,242,2025-05-16,bopis,322.03,98633
2200,242,2025-08-08,bopis,324.45,81386
2201,7,2024-02-14,web,150.08,16499
2202,287,2024-10-23,web,58.16,25816
2203,467,2024-09-22,mobile,55.06,77519
2204,231,2024-07-05,mobile,1995.73,94612
2205,181,2025-07-17,web,59.0,48281
2206,239,2024-05-03,web,124.6,20880
2207,65,2025-09-09,mobile,44.34,90118
2208,53,2024-07-11,web,1060.03,86564
2209,440,2024-03-12,mobile,139.0,45246
2210,434,2024-04-08,web,2621.79,70117
2211,117,2025-09-10,web,67.11,20371
2212,270,2025-06-05,mobile,584.52,42241
2213,32,2024-04-16,mobile,111.38,49946
2214,493,2024-03-07,web,247.57,20734
2215,243,2024-06-19,web,117.81,90315
2216,446,2025-11-18,web,201.9,62696
2217,258,2024-10-25,mobile,138.13,49215
2218,46,2024-08-06,store,72.15,41876
2219,438,2025-06-02,mobile,36.36,23121
2220,455,2025-07-13,mobile,69.11,78844
2221,225,2025-09-26,web,147.27,15161
2222,353,2024-10-17,mobile,1082.55,51331
2223,382,2024-12-15,web,227.42,59694
2224,226,2024-08-31,web,349.29,74197
2225,144,2024-11-25,mobile,34.3,69395
2226,257,2025-06-16,web,133.26,50821
2227,376,2024-07-26,web,223.58,50185
2228,438,2024-04-04,store,353.11,19265
2229,38,2025-12-23,mobile,55.48,54269
2230,116,2025-11-09,web,102.9,79528
2231,406,2025-03-05,web,58.16,25229
2232,74,2025-07-13,mobile,295.34,16546
2233,211,2025-03-29,mobile,41.46,51498
2234,327,2024-05-08,web,147.27,57137
2235,488,2025-04-06,bopis,82.3,18638
2236,347,2025-09-17,mobile,116.32,55969
2237,396,2024-04-02,web,120.13,91831
2238,494,2024-01-07,mobile,67.11,72639
2239,106,2025-04-09,web,639.26,26428
2240,295,2024-03-20,mobile,57.62,21924
2241,74,2024-06-21,web,406.75,14835
2242,362,2024-04-03,store,215.5,90940
2243,294,2025-11-05,mobile,37.24,68534
2244,305,2025-04-25,web,2843.46,15156
2245,493,2025-07-25,web,59.85,35467
2246,112,2024-06-21,mobile,312.62,25802
2247,178,2024-12-11,web,100.58,10643
2248,152,2024-03-11,web,41.08,38939
2249,423,2025-09-07,store,99.06,27278
2250,373,2025-08-31,mobile,85.98,78064
2251,312,2024-04-18,mobile,96.79,54943
2252,197,2024-04-23,mobile,246.9,32242
2253,190,2024-05-20,mobile,138.36,33302
2254,199,2025-02-09,bopis,623.55,28408
2255,246,2025-02-09,bopis,1082.55,22294
2256,105,2025-04-26,web,37.24,31462
2257,335,2025-09-25,web,203.45,97341
2258,425,2025-01-20,store,206.9,62690
2259,237,2024-04-06,mobile,227.11,19122
2260,497,2024-12-01,mobile,951.19,67976
2261,239,2025-12-26,bopis,123.39,11123
2262,284,2024-08-25,store,2165.1,51379
2263,27,2024-12-22,store,308.65,46946
2264,372,2024-12-15,bopis,76.32,30342
2265,77,2025-04-19,store,58.16,86864
2266,458,2025-06-02,bopis,185.41,82667
2267,328,2025-08-22,web,647.46,42151
2268,382,2025-01-21,store,227.11,45008
2269,467,2025-02-24,bopis,220.28,48244
2270,320,2024-01-24,web,247.15,62292
2271,122,2025-02-16,store,520.87,47224
2272,328,2025-11-07,mobile,42.32,23230
2273,278,2024-06-17,mobile,116.43,83224
2274,345,2025-04-07,mobile,310.27,63602
2275,41,2024-02-29,mobile,77.08,97644
2276,75,2025-08-31,web,504.49,38236
2277,480,2025-07-18,mobile,137.82,83003
2278,27,2024-07-22,web,91.38,86600
2279,258,2024-10-21,web,115.52,24864
2280,443,2024-01-14,web,454.84,52728
2281,49,2025-08-21,mobile,97.86,44927
2282,446,2025-08-21,mobile,224.11,70773
2283,81,2025-11-21,web,1029.67,26152
2284,15,2024-02-19,mobile,85.98,73057
2285,382,2025-06-11,mobile,639.26,75870
2286,378,2024-10-02,web,138.13,56147
2287,81,2024-11-04,web,1233.08,79340
2288,389,2024-01-06,web,639.88,70217
2289,394,2024-01-11,mobile,35.72,31887
2290,347,2024-09-18,bopis,147.27,52832
2291,56,2024-10-18,mobile,1029.67,39127
2292,254,2024-04-25,mobile,481.45,45476
2293,268,2025-05-09,web,20.16,59437
2294,9,2024-11-03,mobile,647.46,79739
2295,452,2024-10-27,store,1008.98,68730
2296,367,2024-10-06,mobile,113.22,28331
2297,289,2024-08-25,store,153.62,99955
2298,251,2025-01-25,bopis,194.48,80734
2299,464,2025-08-08,web,3246.74,27290
2300,500,2024-09-23,mobile,160.51,52524
2301,368,2025-01-01,web,66.38,86169
2302,300,2025-12-10,web,13.23,44523
2303,338,2024-05-16,web,1619.57,24182
2304,144,2024-09-11,store,51.27,24253
2305,462,2025-12-05,store,326.84,54153
2306,263,2024-02-22,mobile,947.82,25857
2307,147,2024-06-12,store,237.0,48432
2308,471,2025-06-04,bopis,207.54,69484
2309,368,2025-05-12,web,21.75,73283
2310,207,2024-09-25,mobile,66.74,14697
2311,107,2024-09-15,web,3289.03,82099
2312,142,2025-05-13,mobile,319.94,71861
2313,63,2026-01-01,bopis,193.21,44363
2314,150,2024-07-15,store,520.87,53119
2315,7,2025-03-21,mobile,62.3,46417
2316,180,2024-12-05,bopis,799.76,47402
2317,482,2025-01-27,mobile,55.48,36693
2318,441,2024-03-02,web,305.2,24469
2319,249,2024-06-15,bopis,37.24,54113
2320,39,2024-01-07,mobile,69.13,54814
2321,391,2025-09-30,mobile,123.24,87736
2322,222,2025-08-14,store,155.78,83363
2323,386,2025-08-20,store,194.48,58542
2324,79,2025-10-20,bopis,86.84,64750
2325,313,2024-07-06,store,61.11,18668
2326,85,2025-01-18,bopis,156.31,49301
2327,346,2025-04-27,mobile,504.49,19858
2328,287,2025-11-25,web,246.9,39357
2329,98,2025-02-28,web,20.16,16165
2330,316,2024-10-11,web,1060.03,57570
2331,441,2025-10-19,web,81.54,69612
2332,297,2025-01-05,bopis,1111.3,44774
2333,173,2024-04-04,web,188.04,42570
2334,268,2024-05-11,store,389.68,65256
2335,294,2025-09-25,bopis,312.92,64297
2336,257,2024-02-19,bopis,92.14,12623
2337,353,2024-02-14,bopis,156.46,91644
2338,409,2024-02-17,mobile,203.45,42470
2339,332,2024-08-28,mobile,185.41,78464
2340,407,2024-12-03,web,311.83,23234
2341,395,2024-11-18,store,127.27,97614
2342,419,2024-05-30,store,77.08,77775
2343,275,2024-11-10,web,66.38,46010
2344,40,2024-04-24,store,749.58,50551
2345,279,2024-05-01,web,59.0,17230
2346,94,2025-06-19,store,156.14,68704
2347,109,2025-02-23,web,51.27,61290
2348,453,2025-03-08,web,1347.52,64278
2349,377,2025-06-09,store,36.24,75694
2350,202,2025-07-25,web,826.08,74195
2351,466,2025-07-27,mobile,286.41,91248
2352,28,2025-11-25,store,110.12,43456
2353,198,2025-06-15,web,673.56,27412
2354,108,2024-11-02,mobile,231.24,57236
2355,421,2024-11-29,bopis,749.58,57475
2356,319,2024-04-06,web,1290.05,45945
2357,475,2025-07-23,store,249.65,96279
2358,488,2024-05-07,web,312.36,90003
2359,338,2024-01-29,web,194.48,83889
2360,259,2025-12-28,store,149.05,25560
2361,52,2025-06-25,mobile,1095.75,30256
2362,369,2025-12-15,mobile,185.41,42061
2363,412,2024-07-07,web,37.24,26035
2364,177,2024-04-27,web,2788.6,99564
2365,289,2024-03-25,mobile,1329.62,61415
2366,9,2025-06-12,mobile,116.43,20975
2367,158,2024-07-30,mobile,118.92,89912
2368,21,2025-01-10,store,450.24,82267
2369,365,2025-03-13,mobile,1562.61,73308
2370,164,2025-03-10,mobile,537.21,12397
2371,358,2025-02-18,mobile,314.85,68451
2372,353,2025-03-16,mobile,81.38,86777
2373,106,2024-08-13,mobile,167.79,52464
2374,276,2024-06-15,bopis,72.27,35591
2375,231,2025-02-25,bopis,449.05,26920
2376,130,2025-09-19,store,240.26,39409
2377,408,2024-02-21,web,59.0,80297
2378,396,2024-05-14,web,3319.8,43991
2379,465,2025-08-14,mobile,65.25,54774
2380,385,2024-06-20,store,647.46,81701
2381,99,2024-08-14,mobile,464.76,55970
2382,200,2025-09-21,store,123.39,51549
2383,274,2024-08-31,mobile,46.31,77490
2384,437,2025-08-24,web,39.9,85795
2385,202,2024-08-14,mobile,406.9,91995
2386,467,2024-11-11,web,155.23,72969
2387,300,2025-02-11,web,1149.8,82522
2388,190,2025-08-12,bopis,249.99,66577
2389,382,2025-10-08,web,138.75,77795
2390,24,2024-01-01,store,36.36,31785
2391,299,2025-02-09,mobile,20.16,25678
2392,60,2024-04-23,mobile,68.6,69944
2393,352,2024-09-15,web,77.95,92058
2394,379,2024-05-18,mobile,100.58,45657
2395,352,2024-06-18,web,280.39,97168
2396,480,2024-12-09,store,194.84,43293
2397,329,2024-08-08,web,296.29,99055
2398,162,2024-09-05,bopis,715.71,27366
2399,106,2025-12-31,mobile,481.53,79369
2400,65,2024-03-01,bopis,185.41,95101
2401,372,2025-06-22,bopis,530.67,42364
2402,200,2024-01-22,bopis,487.41,81127
2403,210,2024-01-28,mobile,46.31,40547
2404,424,2024-07-22,bopis,37.24,66546
2405,186,2025-08-02,web,203.45,76543
2406,166,2025-09-30,bopis,569.9,64360
2407,48,2025-05-10,web,69.18,97805
2408,287,2025-03-02,bopis,388.96,76222
2409,74,2024-04-29,web,160.51,83906
2410,148,2024-04-21,web,65.24,53680
2411,255,2024-05-24,store,36.24,41383
2412,59,2025-04-24,bopis,873.93,30632
2413,386,2025-07-23,web,185.41,24774
2414,9,2024-06-08,store,85.98,49031
2415,371,2025-07-28,web,717.29,15725
2416,100,2025-02-04,web,1201.27,47000
2417,470,2024-04-10,web,1060.03,41358
2418,131,2025-05-03,web,185.41,52846
2419,201,2025-02-01,mobile,154.16,23696
2420,381,2024-10-22,web,291.27,80764
2421,54,2024-09-06,web,294.11,50741
2422,185,2024-04-29,mobile,177.49,18966
2423,156,2025-01-11,web,1721.99,68184
2424,49,2024-10-12,mobile,309.34,78125
2425,176,2025-08-19,bopis,246.78,90419
2426,358,2024-02-02,store,77.3,20768
2427,191,2024-09-15,mobile,77.28,64681
2428,3,2024-11-30,web,174.37,95852
2429,166,2025-11-01,web,13.23,68354
2430,86,2024-08-21,bopis,791.9,99147
2431,61,2024-06-14,mobile,732.27,99621
2432,410,2025-04-02,web,231.9,96355
2433,323,2024-05-12,web,1271.13,84972
2434,188,2024-07-22,web,362.85,50636
2435,226,2025-04-05,mobile,163.99,80515
2436,307,2024-03-17,web,91.38,49031
2437,343,2024-03-17,store,218.65,95843
2438,218,2024-10-28,store,388.24,92222
2439,183,2024-09-01,web,35.72,63588
2440,111,2025-12-08,bopis,77.3,32972
2441,353,2024-07-28,mobile,69.13,38587
2442,101,2024-04-02,web,69.11,41717
2443,75,2025-10-31,web,160.51,41090
2444,262,2024-02-16,store,639.26,91541
2445,89,2025-03-08,store,77.3,32228
2446,434,2024-04-15,mobile,66.74,81800
2447,102,2025-03-07,web,182.43,85162
2448,244,2024-04-07,web,2120.06,64522
2449,226,2025-08-26,web,150.08,67786
2450,77,2024-11-09,web,79.56,80703
2451,435,2025-01-11,mobile,90.53,30852
2452,29,2025-04-10,web,432.21,29043
2453,50,2024-03-09,mobile,35.23,82409
2454,125,2025-10-28,web,100.58,56622
2455,382,2024-08-25,store,276.26,55555
2456,271,2024-10-09,mobile,111.72,85037
2457,391,2024-10-04,mobile,52.97,38845
2458,182,2026-01-01,store,227.11,96918
2459,29,2024-07-02,web,116.43,75931
2460,148,2025-06-18,store,69.13,69479
2461,119,2025-10-05,bopis,35.72,37694
2462,410,2024-09-08,store,191.62,11556
2463,126,2024-12-04,mobile,55.06,74483
2464,164,2024-07-13,web,201.9,45932
2465,244,2024-06-27,web,59.0,66271
2466,429,2024-07-18,mobile,96.79,35169
2467,404,2024-02-18,mobile,59.0,92433
2468,259,2025-08-16,web,44.34,87228
2469,272,2024-02-15,bopis,77.95,26248
2470,199,2024-04-30,web,586.31,10014
2471,192,2025-05-09,mobile,233.85,65515
2472,448,2024-03-22,web,311.26,45408
2473,309,2025-09-25,mobile,392.31,40654
2474,226,2024-06-29,bopis,803.75,80123
2475,116,2024-07-26,web,69.18,95921
2476,82,2024-12-27,mobile,44.35,62435
2477,161,2025-06-02,mobile,109.08,30274
2478,121,2024-08-21,store,90.43,67611
2479,232,2024-03-20,store,231.9,74572
2480,454,2024-01-19,mobile,1513.19,24394
2481,73,2025-01-07,web,100.58,42170
2482,189,2025-10-05,bopis,66.74,67872
2483,142,2025-07-09,web,36.36,92485
2484,338,2024-06-21,mobile,843.12,68990
2485,331,2024-09-12,mobile,21.75,47247
2486,255,2024-02-08,store,535.32,59581
2487,421,2024-06-04,web,37.24,47836
2488,242,2025-12-09,mobile,120.13,83057
2489,156,2024-05-13,bopis,319.94,39491
2490,262,2024-09-08,bopis,321.04,67577
2491,456,2025-08-07,mobile,153.81,13435
2492,364,2024-05-04,web,100.58,48673
2493,333,2025-06-01,mobile,161.7,75672
2494,291,2025-12-20,web,251.28,74714
2495,453,2025-01-23,mobile,354.4,47832
2496,401,2024-07-17,web,647.46,57157
2497,314,2024-05-05,mobile,461.65,44474
2498,4,2024-07-09,web,947.82,11580
2499,71,2024-04-08,store,69.18,20881
2500,217,2025-10-16,bopis,436.32,15152
2501,268,2025-04-13,bopis,207.39,51179
2502,290,2024-05-13,web,20.69,39539
2503,441,2024-05-24,store,520.87,26781
2504,465,2024-04-30,mobile,227.42,55484
2505,169,2024-03-21,store,183.33,26554
2506,2,2025-03-23,mobile,46.31,56496
2507,322,2025-02-10,mobile,72.27,91623
2508,350,2025-12-13,web,1202.63,97079
2509,311,2025-06-25,bopis,72.27,80425
2510,298,2024-01-07,bopis,185.41,15702
2511,256,2025-09-06,web,44.34,24405
2512,482,2025-01-10,web,77.95,54639
2513,228,2025-03-21,web,35.72,24634
2514,423,2025-10-22,mobile,58.16,94662
2515,414,2025-04-30,web,254.32,78124
2516,179,2025-08-14,store,1707.49,41936
2517,24,2024-10-15,bopis,216.81,14644
2518,129,2024-05-24,mobile,203.45,67368
2519,40,2024-05-22,mobile,873.93,28592
2520,260,2025-08-23,store,312.92,96805
2521,19,2024-10-04,web,105.37,67748
2522,212,2025-12-07,web,81.69,72807
2523,167,2025-04-24,bopis,639.26,98378
2524,8,2025-12-15,store,392.31,45022
2525,65,2025-07-19,web,156.06,63568
2526,36,2024-04-09,store,129.22,12776
2527,198,2025-01-22,store,306.31,61557
2528,95,2025-12-02,mobile,1060.03,23079
2529,321,2025-05-28,web,138.22,94446
2530,91,2025-10-12,web,201.16,38194
2531,282,2024-12-29,web,59.85,80715
2532,481,2024-11-20,web,201.9,22191
2533,281,2024-10-01,web,13.23,49681
2534,196,2025-03-11,web,520.87,50453
2535,60,2025-05-11,web,157.43,72572
2536,54,2024-08-31,web,595.72,86375
2537,468,2024-07-18,web,708.8,37780
2538,421,2025-01-11,mobile,314.7,43868
2539,13,2025-11-03,mobile,639.26,57265
2540,110,2024-02-08,bopis,150.08,67748
2541,388,2025-09-30,web,247.53,66883
2542,460,2024-02-10,web,504.49,80519
2543,373,2024-10-30,web,160.51,96711
2544,447,2025-02-05,web,454.84,57473
2545,420,2024-09-04,mobile,177.63,94679
2546,429,2024-11-02,mobile,160.51,66829
2547,109,2025-05-13,web,51.27,73977
2548,192,2024-11-26,web,148.93,52540
2549,212,2025-08-08,store,156.46,59886
2550,404,2025-06-20,mobile,77.95,65496
2551,142,2025-12-03,mobile,88.69,30895
2552,234,2024-08-05,mobile,155.9,28695
2553,67,2024-08-06,mobile,237.51,10368
2554,253,2024-11-02,mobile,39.69,97651
2555,129,2025-07-05,bopis,36.36,83193
2556,212,2024-01-04,bopis,84.52,27257
2557,411,2024-09-21,mobile,55.48,91442
2558,266,2025-02-14,bopis,307.35,89083
2559,150,2024-09-11,store,174.74,97225
2560,204,2024-07-22,mobile,78.07,86459
2561,258,2025-06-07,mobile,621.15,77068
2562,249,2025-02-15,web,246.78,42858
2563,451,2024-07-18,web,35.23,24853
2564,247,2025-04-21,mobile,201.9,13338
2565,32,2025-07-06,mobile,20.69,53708
2566,142,2024-10-01,web,372.55,15003
2567,246,2025-02-17,mobile,231.84,93279
2568,76,2024-09-30,store,155.9,21099
2569,250,2025-01-09,web,203.45,19906
2570,247,2024-05-19,mobile,305.18,62684
2571,47,2024-11-02,mobile,86.84,35694
2572,249,2024-07-18,web,196.26,38989
2573,175,2025-12-04,mobile,156.81,44291
2574,495,2024-11-10,web,150.08,35698
2575,186,2025-12-24,web,130.45,29894
2576,449,2025-08-26,web,90.43,38296
2577,176,2024-11-06,bopis,44.34,38711
2578,413,2025-02-19,bopis,108.72,65203
2579,16,2025-06-24,web,332.63,64610
2580,156,2025-10-25,bopis,335.86,62172
2581,368,2025-05-12,mobile,179.83,10879
2582,225,2024-02-08,web,311.64,75656
2583,164,2024-10-27,web,81.69,54747
2584,172,2025-12-02,mobile,90.43,78165
2585,145,2025-03-09,store,96.79,68337
2586,393,2025-11-16,web,37.24,16551
2587,472,2024-08-15,mobile,1029.67,63418
2588,69,2025-05-30,store,196.26,80157
2589,443,2024-12-08,web,122.46,76864
2590,201,2025-08-13,store,638.87,69802
2591,6,2024-04-26,web,62.3,15956
2592,95,2025-11-05,store,20.69,58272
2593,46,2024-09-03,mobile,194.48,57227
2594,128,2025-07-11,store,453.85,33296
2595,484,2025-03-03,web,99.06,67592
2596,484,2025-02-28,web,283.73,53451
2597,461,2024-03-17,web,77.95,67050
2598,67,2024-11-22,web,2041.35,76770
2599,151,2024-11-24,web,431.0,57488
2600,330,2024-05-16,web,76.32,59745
2601,287,2025-02-09,web,279.15,24210
2602,239,2025-11-02,mobile,85.98,87727
2603,257,2024-01-05,mobile,133.57,37811
2604,9,2025-01-14,mobile,69.18,59962
2605,364,2025-04-11,store,255.03,67774
2606,345,2025-10-07,web,77.08,77575
2607,268,2025-06-05,web,58.16,30338
2608,258,2024-01-21,web,152.64,15373
2609,316,2025-11-10,store,81.38,15855
2610,336,2025-04-23,web,41.08,59463
2611,407,2024-07-14,mobile,41.46,64031
2612,41,2024-07-29,mobile,647.46,24243
2613,416,2024-03-28,mobile,67.55,46177
2614,42,2024-07-22,web,136.3,67063
2615,222,2024-05-27,mobile,873.93,41278
2616,88,2025-08-01,bopis,726.3,44328
2617,494,2024-02-27,mobile,109.08,54386
2618,63,2024-08-28,web,219.05,25606
2619,104,2025-07-11,bopis,203.45,24209
2620,207,2025-11-23,bopis,36.24,49733
2621,292,2024-06-01,store,227.11,39645
2622,104,2024-02-03,store,39.64,59828
2623,440,2024-01-08,mobile,604.44,93237
2624,169,2025-05-18,bopis,85.98,50892
2625,271,2025-09-23,store,76.32,81900
2626,53,2025-03-20,web,118.92,56566
2627,277,2024-08-06,mobile,354.4,45659
2628,27,2025-03-17,web,44.35,88163
2629,49,2024-04-22,web,72.15,15749
2630,83,2024-05-18,mobile,156.31,99389
2631,28,2024-08-20,web,35.23,72998
2632,431,2025-07-07,mobile,72.15,99137
2633,71,2025-04-28,mobile,41.08,23945
2634,237,2024-09-01,web,81.69,82626
2635,246,2024-07-21,store,194.84,93905
2636,275,2024-07-16,mobile,123.39,79430
2637,436,2025-05-24,bopis,263.36,38047
2638,45,2024-07-21,mobile,639.26,96812
2639,295,2024-03-09,mobile,247.99,16454
2640,181,2024-05-11,web,1040.37,89088
2641,480,2024-11-17,bopis,1758.93,68255
2642,119,2025-05-29,mobile,39.64,29374
2643,191,2024-05-06,store,39.27,80496
2644,488,2024-01-13,web,72.15,15111
2645,80,2024-01-01,bopis,147.27,45982
2646,235,2025-05-22,bopis,795.89,74724
2647,316,2024-11-19,web,81.38,12213
2648,480,2025-04-20,mobile,29.41,80529
2649,483,2025-10-13,bopis,52.97,75390
2650,214,2025-08-20,store,160.51,96404
2651,81,2025-09-28,mobile,79.28,16404
2652,344,2024-08-19,store,227.42,70921
2653,220,2024-11-26,web,1029.67,68405
2654,259,2024-01-19,web,637.61,23981
2655,297,2024-04-07,bopis,69.13,62196
2656,156,2024-03-09,bopis,76.32,16324
2657,40,2024-03-26,web,873.93,32882
2658,97,2024-08-09,mobile,141.45,15206
2659,271,2024-10-05,mobile,546.47,33076
2660,402,2024-06-29,mobile,37.24,20762
2661,114,2025-02-09,web,1895.64,87280
2662,405,2025-11-03,mobile,1788.18,78230
2663,401,2024-11-17,web,136.73,61107
2664,387,2024-09-15,mobile,2248.6,88996
2665,373,2024-10-11,mobile,583.44,59380
2666,33,2025-03-07,web,138.75,22394
2667,68,2024-05-14,web,135.1,47024
2668,207,2025-10-04,mobile,216.81,88788
2669,78,2024-09-02,mobile,548.53,83152
2670,157,2024-05-09,web,1438.2,40980
2671,284,2024-12-12,web,1513.42,96414
2672,438,2024-05-31,bopis,59.0,25715
2673,476,2024-06-21,web,102.54,22681
2674,173,2024-09-09,web,947.82,87671
2675,401,2025-06-17,mobile,100.58,22053
2676,457,2025-10-01,web,144.54,64715
2677,60,2025-02-01,mobile,1208.89,34934
2678,73,2025-10-18,store,156.46,22146
2679,171,2024-05-24,store,1513.42,36447
2680,216,2024-05-16,store,237.84,38525
2681,175,2025-11-18,mobile,158.91,77852
2682,210,2024-09-20,mobile,466.89,32354
2683,107,2024-06-16,store,227.11,52645
2684,239,2024-12-10,store,69.18,40963
2685,95,2025-09-14,bopis,1438.2,32976
2686,474,2025-04-08,web,1298.05,31508
2687,3,2025-10-01,web,421.95,56610
2688,411,2024-08-31,mobile,72.48,65402
2689,92,2025-12-15,mobile,3310.63,95742
2690,247,2024-02-18,web,365.93,66154
2691,345,2024-05-28,mobile,138.75,39693
2692,225,2025-11-22,web,263.81,58000
2693,89,2024-10-15,store,66.38,11681
2694,379,2024-10-26,bopis,41.38,66935
2695,357,2024-01-01,web,1895.59,21622
2696,494,2024-03-05,web,153.52,22453
2697,153,2024-02-19,mobile,144.54,29022
2698,322,2025-03-30,store,194.48,99913
2699,304,2025-06-13,mobile,77.3,65134
2700,383,2025-06-10,bopis,244.09,62441
2701,394,2025-06-08,mobile,936.23,70431
2702,62,2025-07-11,bopis,296.71,26505
2703,220,2025-05-19,mobile,110.96,34780
2704,423,2024-02-29,mobile,1534.88,26090
2705,37,2025-10-01,web,171.96,33284
2706,289,2025-10-14,web,247.15,60175
2707,453,2024-07-29,mobile,959.4,26890
2708,41,2025-05-11,mobile,155.63,72202
2709,282,2024-07-07,mobile,692.04,99947
2710,259,2025-05-28,web,108.72,58070
2711,500,2025-04-30,web,469.38,87580
2712,65,2024-10-29,bopis,86.41,95600
2713,391,2025-06-16,web,271.29,19999
2714,111,2024-10-13,web,173.68,60760
2715,14,2025-09-16,bopis,137.17,83688
2716,388,2025-11-03,mobile,479.4,65844
2717,187,2025-06-30,store,32.62,84498
2718,336,2025-05-04,mobile,108.61,41371
2719,206,2024-05-31,store,58.16,13987
2720,30,2024-06-30,mobile,494.05,55837
2721,490,2025-12-23,web,163.38,54723
2722,214,2025-12-29,web,100.58,25555
2723,495,2025-08-09,mobile,474.9,12383
2724,421,2025-12-14,store,818.03,87289
2725,15,2025-08-01,web,314.31,67525
2726,453,2025-11-11,web,77.95,34122
2727,250,2024-05-07,web,65.24,11051
2728,400,2025-07-06,web,1562.61,84918
2729,263,2024-12-27,mobile,66.38,18256
2730,3,2025-04-12,mobile,85.98,39013
2731,135,2025-01-20,web,150.08,45157
2732,109,2024-07-12,web,450.24,25652
2733,27,2025-08-29,store,72.48,21783
2734,75,2024-10-07,web,67.55,52582
2735,308,2025-07-08,store,345.01,30552
2736,24,2024-12-10,web,123.39,10372
2737,299,2024-11-29,mobile,77.08,23043
2738,248,2025-03-19,web,39.27,16154
2739,264,2024-07-04,store,90.43,83082
2740,229,2024-01-19,web,55.48,98388
2741,115,2024-11-16,web,1294.92,60202
2742,78,2024-02-23,bopis,2621.79,34186
2743,307,2024-08-24,store,885.53,59047
2744,252,2024-12-03,bopis,147.27,87597
2745,271,2024-03-29,web,119.92,40340
2746,36,2025-07-28,web,118.92,94020
2747,175,2024-03-25,mobile,153.81,82904
2748,366,2024-07-12,store,586.31,50554
2749,239,2025-01-26,bopis,658.47,47741
2750,34,2024-06-17,mobile,77.95,97229
2751,461,2025-02-08,mobile,85.98,65010
2752,454,2024-07-03,web,247.15,86574
2753,417,2024-02-19,mobile,244.09,67761
2754,460,2024-09-30,mobile,1899.91,29357
2755,305,2024-06-17,bopis,156.46,92225
2756,375,2025-07-28,web,1106.75,82258
2757,39,2024-04-13,mobile,41.08,68180
2758,140,2025-02-04,web,123.39,41646
2759,143,2024-10-31,web,361.65,23737
2760,131,2024-02-07,mobile,96.79,57389
2761,414,2025-02-19,bopis,59.0,28156
2762,282,2025-09-07,store,196.26,19525
2763,326,2024-08-03,bopis,160.51,12137
2764,494,2025-08-23,web,118.38,31806
2765,244,2024-03-24,web,120.13,28357
2766,31,2025-11-09,mobile,185.41,94389
2767,245,2024-06-10,store,310.85,19633
2768,98,2025-03-20,mobile,354.4,13846
2769,188,2024-06-20,mobile,290.37,68545
2770,241,2025-06-09,mobile,770.27,18298
2771,275,2024-09-18,mobile,567.92,91661
2772,347,2025-02-21,mobile,59.85,10533
2773,111,2025-06-27,store,3457.59,44354
2774,477,2024-08-10,web,958.8,55686
2775,82,2024-03-06,web,1053.31,82751
2776,397,2024-01-13,web,170.12,33969
2777,99,2024-10-17,web,349.29,52892
2778,495,2024-03-16,web,82.16,34060
2779,179,2025-10-13,mobile,639.27,28013
2780,156,2025-10-19,bopis,299.69,28268
2781,320,2024-03-25,mobile,215.5,75115
2782,122,2025-10-03,store,216.81,82500
2783,462,2024-12-04,mobile,1061.24,67072
2784,254,2025-09-27,web,606.85,92497
2785,107,2024-09-18,mobile,68.6,25379
2786,61,2025-01-23,web,749.58,67066
2787,97,2025-09-03,mobile,196.87,38580
2788,215,2025-08-12,store,67.55,26511
2789,329,2025-09-14,mobile,62.83,79867
2790,12,2025-04-29,web,180.86,38041
2791,356,2024-07-08,mobile,209.87,14347
2792,427,2025-01-24,mobile,36.36,83505
2793,21,2025-03-17,mobile,136.06,87875
2794,121,2024-12-25,mobile,246.78,43796
2795,332,2025-03-18,web,194.84,63508
2796,5,2025-10-24,mobile,192.19,24723
2797,284,2025-01-26,bopis,28.81,77610
2798,335,2024-07-30,store,586.31,98757
2799,79,2024-05-31,store,2849.02,70169
2800,403,2025-02-08,mobile,36.24,50608
2801,244,2025-12-14,web,34.3,69425
2802,40,2024-05-07,mobile,301.74,34583
2803,429,2025-07-20,mobile,174.94,11350
2804,322,2024-12-14,mobile,488.18,28633
2805,99,2025-03-15,web,747.98,78491
2806,83,2025-10-23,web,639.26,98513
2807,117,2025-06-01,mobile,858.89,66907
2808,440,2025-12-31,store,427.54,36923
2809,385,2025-08-11,mobile,70.49,94026
2810,369,2025-12-12,mobile,833.01,51949
2811,475,2024-05-27,mobile,150.08,94328
2812,373,2024-03-01,mobile,44.34,92625
2813,402,2024-02-26,mobile,156.46,36987
2814,90,2025-07-03,bopis,227.11,45742
2815,371,2024-01-03,bopis,2165.1,46817
2816,466,2025-11-02,web,297.18,37988
2817,123,2024-11-23,mobile,1345.57,51538
2818,23,2025-12-08,web,102.9,14437
2819,354,2024-07-15,web,51.27,95771
2820,153,2025-10-03,bopis,873.93,20993
2821,21,2025-12-20,web,394.04,38802
2822,161,2024-08-26,mobile,349.29,85981
2823,406,2024-03-08,web,935.87,30723
2824,257,2025-04-03,mobile,80.01,94442
2825,47,2024-11-26,mobile,1060.03,71210
2826,382,2025-11-11,bopis,36.24,58409
2827,59,2024-08-02,web,85.98,50265
2828,202,2024-03-07,web,62.3,70787
2829,17,2025-10-26,web,62.3,60201
2830,491,2024-02-10,bopis,107.0,31156
2831,56,2024-06-01,web,67.55,40921
2832,358,2025-03-12,web,215.5,39081
2833,373,2025-01-18,store,88.68,54017
2834,45,2025-12-06,bopis,67.11,27464
2835,490,2024-01-18,web,710.85,61380
2836,408,2024-03-14,bopis,71.44,58973
2837,58,2025-07-13,bopis,36.36,80598
2838,147,2025-08-10,mobile,58.16,78397
2839,492,2024-11-16,web,39.64,23281
2840,20,2025-03-18,web,155.63,57390
2841,131,2024-08-25,mobile,639.26,79893
2842,83,2025-08-23,store,99.06,94875
2843,363,2025-12-10,mobile,134.22,25224
2844,335,2025-05-16,web,68.78,27436
2845,204,2025-01-28,mobile,454.84,50840
2846,194,2025-02-24,mobile,39.27,30852
2847,428,2024-09-29,store,244.09,10915
2848,147,2025-11-21,store,85.98,99699
2849,414,2024-10-25,mobile,448.74,42125
2850,33,2025-12-11,mobile,46.31,47143
2851,28,2025-02-21,web,176.08,44666
2852,296,2025-02-24,store,131.48,83228
2853,437,2025-09-25,web,44.34,43241
2854,295,2025-06-19,mobile,52.97,33649
2855,220,2024-03-26,mobile,201.9,27091
2856,473,2025-04-28,web,1082.55,56681
2857,89,2024-06-09,mobile,77.28,61494
2858,187,2025-05-14,bopis,28.81,91938
2859,491,2024-12-23,store,120.13,17449
2860,300,2025-08-13,web,197.41,65165
2861,21,2024-09-07,store,220.98,76398
2862,346,2024-08-08,web,41.08,22184
2863,195,2025-12-04,web,55.48,60016
2864,483,2025-07-17,mobile,387.31,78838
2865,85,2025-09-15,bopis,116.43,49310
2866,102,2024-08-20,web,78.07,29874
2867,130,2024-07-25,web,247.48,56258
2868,496,2025-03-10,web,141.66,75648
2869,486,2024-05-19,mobile,36.36,87464
2870,204,2024-09-26,web,749.58,41210
2871,273,2024-12-11,store,261.78,57641
2872,491,2025-05-12,mobile,1345.49,42529
2873,85,2024-03-23,store,86.41,37576
2874,263,2024-02-22,store,485.38,90094
2875,289,2025-09-05,mobile,136.52,82425
2876,181,2024-10-20,mobile,227.42,91875
2877,165,2024-05-10,store,1060.03,68461
2878,375,2025-04-13,bopis,227.11,85751
2879,162,2025-09-03,mobile,20.16,32221
2880,158,2025-09-23,bopis,81.69,87738
2881,453,2024-04-29,store,52.97,57982
2882,218,2025-02-02,store,55.06,73274
2883,183,2024-11-29,web,1194.37,82913
2884,373,2025-10-07,web,848.34,78063
2885,345,2024-03-27,web,144.41,89879
2886,84,2024-11-04,mobile,77.28,93450
2887,99,2024-01-29,mobile,647.46,28644
2888,184,2025-02-22,bopis,1024.01,51987
2889,85,2025-05-29,store,207.39,10998
2890,140,2025-02-04,web,113.66,58178
2891,16,2025-09-04,store,69.13,95045
2892,366,2024-08-06,mobile,194.48,78821
2893,433,2025-07-04,store,520.87,37337
2894,118,2025-03-21,web,2194.04,55310
2895,438,2025-05-02,web,77.3,46473
2896,172,2024-11-07,mobile,1172.62,33815
2897,485,2024-02-15,web,163.28,91563
2898,456,2025-04-10,mobile,20.69,20652
2899,45,2025-10-07,bopis,71.44,22546
2900,266,2024-01-17,mobile,504.49,86816
2901,36,2024-07-27,web,92.64,55780
2902,192,2025-03-11,web,136.82,67084
2903,357,2024-07-29,mobile,833.79,16899
2904,200,2024-08-08,mobile,504.49,14797
2905,15,2024-09-07,mobile,312.22,64789
2906,6,2025-03-27,web,35.72,45015
2907,326,2026-01-01,web,37.24,56649
2908,258,2025-04-15,mobile,753.14,10123
2909,485,2025-07-10,web,167.56,67671
2910,23,2025-09-07,store,215.5,18289
2911,82,2025-06-20,web,44.35,84633
2912,84,2025-07-14,mobile,211.12,40821
2913,33,2024-03-23,bopis,138.26,52422
2914,238,2024-12-05,mobile,297.2,49541
2915,309,2024-03-12,mobile,77.08,55482
2916,413,2024-08-30,store,191.54,82591
2917,104,2024-03-29,mobile,158.62,97726
2918,475,2025-03-15,web,1325.24,26045
2919,125,2024-12-18,bopis,297.18,70868
2920,396,2025-01-27,mobile,138.13,61447
2921,498,2025-03-27,bopis,81.38,22422
2922,454,2024-04-03,mobile,1942.38,76282
2923,4,2024-09-21,store,803.83,87513
2924,45,2024-01-24,web,421.12,44542
2925,488,2025-08-18,web,41.08,88911
2926,366,2025-05-14,bopis,194.48,85896
2927,282,2025-08-01,mobile,81.69,42093
2928,345,2024-02-15,bopis,156.14,34458
2929,292,2024-03-28,store,99.06,37253
2930,285,2025-12-23,store,232.86,25673
2931,444,2025-09-24,mobile,72.48,57926
2932,79,2025-12-30,mobile,1029.67,49416
2933,292,2024-12-13,web,262.83,74443
2934,136,2025-03-02,mobile,72.15,82425
2935,67,2025-03-28,mobile,271.29,79518
2936,378,2025-03-31,store,1029.67,97062
2937,320,2024-09-26,web,41.46,82644
2938,81,2025-07-07,bopis,69.18,56424
2939,22,2025-10-10,web,62.3,63329
2940,111,2024-12-21,bopis,1562.61,27693
2941,31,2024-05-31,mobile,234.21,94205
2942,195,2025-07-23,store,469.38,84142
2943,487,2025-01-31,bopis,194.84,17640
2944,196,2025-05-14,store,39.64,90576
2945,202,2024-01-10,web,194.48,23858
2946,120,2024-10-03,web,67.55,50318
2947,54,2024-04-08,web,1314.24,13139
2948,17,2024-06-01,web,194.84,50744
2949,328,2025-02-28,mobile,67.55,19932
2950,88,2025-07-12,bopis,639.26,60588
2951,445,2025-03-15,mobile,82.3,69448
2952,413,2025-01-19,web,1082.55,22963
2953,372,2024-08-22,bopis,1029.67,84285
2954,275,2025-09-07,store,639.88,66248
2955,500,2025-06-23,mobile,3180.09,17675
2956,227,2024-02-05,mobile,834.78,91459
2957,346,2024-12-22,web,505.83,86553
2958,426,2025-08-01,bopis,84.52,61466
2959,379,2024-05-31,web,97.32,81401
2960,223,2024-03-18,mobile,1211.41,25367
2961,239,2025-04-27,web,194.84,42439
2962,195,2025-04-24,mobile,113.79,34097
2963,343,2024-05-31,mobile,62.3,11164
2964,66,2024-04-19,store,28.81,44788
2965,231,2024-07-20,web,37.24,61392
2966,292,2025-09-15,web,941.48,59954
2967,431,2024-02-11,web,67.11,43696
2968,393,2024-01-09,web,173.68,69469
2969,393,2025-09-23,bopis,1046.88,81825
2970,232,2024-07-29,store,1641.05,42735
2971,430,2024-01-03,bopis,76.32,54595
2972,170,2024-06-23,bopis,291.63,97096
2973,98,2025-03-07,web,155.63,30164
2974,169,2025-07-26,web,639.26,36521
2975,445,2025-04-01,web,232.71,92992
2976,166,2025-07-27,bopis,504.49,64882
2977,422,2024-10-10,store,77.95,96454
2978,54,2024-10-27,mobile,756.71,79277
2979,69,2025-09-14,mobile,123.24,40507
2980,88,2024-01-10,mobile,150.08,87971
2981,149,2024-08-25,mobile,55.48,34393
2982,480,2025-01-20,mobile,44.34,48742
2983,6,2025-11-24,mobile,62.3,56052
2984,84,2025-02-02,store,100.58,94943
2985,108,2024-01-24,web,194.84,39768
2986,128,2024-03-16,web,160.51,36899
2987,328,2025-01-28,store,35.72,66554
2988,119,2025-05-14,web,471.85,57222
2989,344,2025-06-02,mobile,253.56,48261
2990,213,2025-11-20,mobile,378.1,35338
2991,363,2024-12-18,mobile,477.04,18144
2992,161,2025-01-03,mobile,29.41,53440
2993,77,2024-10-30,web,91.38,11053
2994,386,2024-04-13,web,479.4,39124
2995,378,2024-11-10,mobile,123.39,46001
2996,308,2025-05-09,web,150.08,52783
2997,53,2025-07-27,mobile,79.8,67333
2998,287,2024-01-22,web,138.41,95750
2999,334,2025-12-17,web,35.72,46797
3000,26,2024-06-14,store,156.31,30747
3001,150,2024-05-15,bopis,319.94,57007
3002,399,2025-02-25,store,1104.04,89646
3003,311,2024-07-10,mobile,69.18,70274
3004,425,2024-03-26,web,297.8,52851
3005,295,2025-03-21,web,467.45,16780
3006,96,2025-05-08,mobile,227.42,18361
3007,475,2024-10-11,store,478.4,67441
3008,300,2025-01-05,mobile,82.3,66734
3009,155,2024-11-23,web,294.16,39122
3010,22,2025-02-05,store,84.52,95382
3011,434,2024-01-08,web,1714.27,42574
3012,39,2024-09-23,bopis,35.72,60304
3013,322,2025-07-22,bopis,625.14,46194
3014,238,2024-11-26,web,873.93,85183
3015,130,2024-10-27,mobile,273.71,61298
3016,365,2024-07-17,mobile,129.78,29929
3017,91,2025-10-01,bopis,37.24,35005
3018,446,2025-11-13,store,105.69,32434
3019,39,2025-06-20,mobile,249.91,42458
3020,193,2024-08-05,web,1111.52,82813
3021,111,2025-01-23,web,62.3,97717
3022,417,2025-05-17,web,737.32,49093
3023,335,2025-05-30,web,67.11,27079
3024,444,2024-06-10,web,244.09,45762
3025,387,2024-03-22,web,32.62,90747
3026,374,2025-08-24,bopis,370.17,25474
3027,401,2025-06-11,store,55.48,42418
3028,195,2025-03-06,web,196.74,98945
3029,438,2025-07-03,bopis,173.68,25559
3030,66,2024-03-08,mobile,109.08,17146
3031,219,2024-09-15,store,792.29,27427
3032,224,2024-10-31,web,69.11,47906
3033,462,2024-09-17,store,1082.55,89869
3034,93,2025-09-30,web,256.74,90025
3035,66,2025-10-16,web,262.14,26097
3036,439,2024-04-09,bopis,959.82,68616
3037,242,2025-04-06,web,76.32,41528
3038,41,2024-05-06,store,106.38,23577
3039,310,2025-12-15,store,1151.41,42815
3040,201,2025-03-10,mobile,76.32,73166
3041,484,2025-04-19,mobile,123.39,81723
3042,131,2024-06-09,web,76.32,74429
3043,180,2024-12-19,bopis,90.43,95233
3044,214,2024-03-30,mobile,393.82,85493
3045,437,2024-04-28,web,77.95,86632
3046,87,2024-09-09,web,377.19,37200
3047,29,2025-02-16,web,69.11,96778
3048,237,2025-12-29,mobile,144.69,10386
3049,291,2024-03-13,mobile,105.94,48410
3050,261,2024-04-21,web,77.3,25021
3051,171,2025-03-27,bopis,238.76,42719
3052,225,2025-06-21,bopis,1758.93,33674
3053,97,2025-03-02,bopis,133.05,51223
3054,462,2024-01-28,web,72.15,61911
3055,245,2024-12-07,bopis,647.46,54155
3056,230,2024-08-26,web,82.92,64919
3057,22,2025-02-01,mobile,59.85,25703
3058,325,2025-03-17,web,150.08,38566
3059,195,2024-09-08,web,44.35,99730
3060,41,2025-12-02,mobile,36.24,57910
3061,212,2025-01-28,web,272.54,58457
3062,267,2024-03-16,mobile,85.98,88943
3063,43,2025-11-08,bopis,59.85,30664
3064,408,2024-05-09,mobile,67.55,97626
3065,190,2025-12-22,web,39.27,95068
3066,194,2024-10-20,bopis,90.43,61632
3067,61,2024-06-01,store,441.81,82545
3068,460,2025-04-21,bopis,416.01,36502
3069,337,2025-02-17,web,229.51,41992
3070,135,2025-04-06,web,124.38,24475
3071,148,2024-04-07,web,382.74,96165
3072,37,2024-06-08,mobile,147.27,20250
3073,345,2025-12-12,web,86.84,41218
3074,168,2025-11-22,web,66.74,27035
3075,56,2024-12-05,web,150.56,31164
3076,243,2025-09-11,web,76.32,17306
3077,205,2025-01-13,store,639.26,85883
3078,421,2024-07-25,web,67.55,37508
3079,1,2024-02-11,web,492.63,41302
3080,10,2025-02-11,web,207.33,35927
3081,159,2025-05-20,store,2382.26,28288
3082,21,2024-02-20,mobile,639.26,53019
3083,171,2025-05-10,web,1012.06,47017
3084,175,2024-05-12,bopis,277.47,65340
3085,349,2025-03-31,bopis,651.81,49435
3086,308,2025-12-29,web,807.01,94109
3087,319,2025-08-23,bopis,1702.46,48729
3088,75,2025-03-17,store,229.51,39358
3089,266,2024-09-27,mobile,194.84,22064
3090,455,2024-12-10,store,530.76,93441
3091,66,2024-12-31,bopis,1082.55,65847
3092,387,2025-05-30,bopis,41.08,63073
3093,119,2025-08-04,web,706.37,30528
3094,385,2025-12-17,mobile,41.08,84916
3095,269,2024-01-09,mobile,203.45,84337
3096,68,2024-06-02,bopis,238.58,62491
3097,353,2025-10-24,bopis,1339.63,47543
3098,12,2024-07-16,mobile,388.96,61045
3099,76,2025-05-18,store,1238.18,20963
3100,318,2024-12-30,mobile,91.38,59383
3101,327,2024-08-16,mobile,120.13,22413
3102,37,2024-11-18,mobile,364.38,98416
3103,196,2025-08-10,web,44.34,54095
3104,184,2024-06-16,mobile,62.3,41144
3105,448,2025-09-22,bopis,647.46,29658
3106,379,2024-05-22,mobile,160.51,29191
3107,227,2024-11-28,bopis,1984.89,16504
3108,312,2025-10-07,mobile,52.5,51257
3109,233,2025-02-04,web,77.3,12478
3110,223,2025-03-27,web,147.27,21284
3111,201,2024-05-02,mobile,102.54,89636
3112,84,2024-07-24,web,955.31,11498
3113,488,2024-09-05,mobile,13.23,97821
3114,370,2025-06-08,store,558.11,83922
3115,356,2025-12-29,bopis,77.95,60225
3116,305,2024-03-27,web,36.24,17322
3117,424,2024-08-09,bopis,1060.03,65930
3118,297,2024-08-06,store,190.15,87046
3119,270,2025-10-05,mobile,815.71,48025
3120,277,2025-11-03,web,1160.61,81414
3121,161,2025-12-05,bopis,155.63,16336
3122,415,2025-01-25,web,2624.53,68561
3123,129,2024-10-29,web,36.24,36556
3124,105,2024-07-05,bopis,46.31,34858
3125,145,2025-02-13,web,116.43,94822
3126,155,2025-07-16,store,185.41,16459
3127,361,2025-03-19,store,1082.55,93188
3128,405,2025-12-27,bopis,290.37,77242
3129,442,2024-11-24,web,1096.78,42913
3130,36,2025-09-29,web,756.71,31113
3131,169,2024-04-16,bopis,540.51,49645
3132,448,2024-07-22,bopis,92.62,12668
3133,192,2024-04-26,web,36.24,94250
3134,12,2024-03-05,web,58.16,65235
3135,438,2024-07-25,store,354.4,16314
3136,358,2025-02-22,bopis,36.36,22803
3137,310,2025-12-26,web,21.75,46600
3138,174,2024-02-04,mobile,639.26,97586
3139,279,2024-10-29,web,520.87,53533
3140,381,2025-06-27,web,1590.54,66344
3141,286,2024-03-20,web,69.13,47053
3142,471,2025-02-14,web,67.11,48353
3143,74,2025-07-25,store,1917.78,49079
3144,454,2024-01-13,web,148.35,76893
3145,31,2024-06-30,bopis,354.4,51376
3146,417,2024-12-02,mobile,589.91,68874
3147,452,2025-04-07,web,225.57,43213
3148,129,2025-06-20,web,123.24,23811
3149,100,2025-02-05,mobile,527.21,72890
3150,144,2025-01-17,mobile,20.16,24965
3151,218,2024-11-11,store,1747.86,15043
3152,342,2025-09-28,store,196.26,91993
3153,495,2024-12-02,web,294.18,12489
3154,446,2025-05-03,mobile,706.82,29865
3155,362,2025-02-11,web,35.72,97612
3156,366,2025-06-29,mobile,160.51,20028
3157,196,2025-05-14,store,216.81,30305
3158,31,2025-08-17,store,138.75,13260
3159,336,2024-05-04,mobile,36.36,18625
3160,219,2025-02-12,mobile,1060.03,53403
3161,467,2025-07-25,web,362.73,67485
3162,398,2024-03-10,store,203.45,82143
3163,380,2025-12-08,web,223.08,79242
3164,395,2025-12-04,mobile,951.48,42354
3165,268,2024-09-26,web,55.48,50498
3166,229,2024-10-28,bopis,77.95,87042
3167,384,2025-03-08,web,545.95,24990
3168,351,2024-06-17,bopis,44.35,79706
3169,222,2024-05-21,mobile,67.11,51447
3170,64,2025-11-22,mobile,1176.93,16093
3171,129,2024-04-26,web,82.3,64905
3172,472,2024-10-24,bopis,123.39,90151
3173,156,2025-11-18,store,1294.92,68280
3174,270,2025-09-17,store,488.18,68618
3175,278,2024-11-04,mobile,86.21,76021
3176,343,2024-10-01,web,77.95,29011
3177,434,2025-11-23,web,86.84,88401
3178,40,2024-04-13,web,194.84,59414
3179,250,2025-04-19,web,144.39,51500
3180,176,2025-11-13,bopis,72.15,70034
3181,451,2024-10-02,store,112.05,54260
3182,454,2025-08-27,store,842.3,72360
3183,332,2024-10-07,web,72.15,99045
3184,76,2024-08-07,web,100.58,47310
3185,85,2024-02-20,bopis,1112.76,62929
3186,251,2024-05-06,mobile,65.25,54735
3187,189,2024-02-23,web,1094.91,54093
3188,244,2024-01-20,web,156.46,50001
3189,442,2024-09-21,store,120.13,41224
3190,124,2024-07-18,web,459.86,21131
3191,311,2025-12-22,web,51.27,16161
3192,31,2025-04-09,mobile,44.34,13968
3193,107,2025-06-24,bopis,467.36,89291
3194,105,2024-04-16,bopis,69.18,26953
3195,365,2025-08-01,mobile,1082.55,85432
3196,372,2024-08-16,mobile,244.32,14943
3197,337,2024-04-10,web,296.45,25819
3198,412,2024-12-16,mobile,1082.55,13386
3199,11,2025-05-08,store,28.81,49835
3200,88,2025-05-24,web,185.41,65372
3201,243,2024-05-11,web,117.1,43595
3202,88,2025-04-11,mobile,156.46,44669
3203,265,2024-08-19,web,78.07,59275
3204,414,2025-10-23,mobile,203.45,49255
3205,474,2025-07-12,store,21.75,57734
3206,463,2025-03-25,web,105.47,91639
3207,73,2024-03-21,mobile,201.9,90772
3208,407,2024-07-16,mobile,599.47,53916
3209,492,2024-11-21,web,100.58,33254
3210,123,2025-10-04,web,76.32,61174
3211,183,2025-03-10,web,225.27,14288
3212,179,2024-03-03,mobile,52.97,11202
3213,97,2025-12-30,web,749.58,11792
3214,226,2024-02-22,mobile,41.08,22422
3215,134,2024-05-24,store,155.63,14940
3216,35,2025-03-23,mobile,85.98,72848
3217,411,2024-04-10,mobile,1082.55,45391
3218,167,2025-06-05,web,194.48,37229
3219,122,2024-12-03,web,81.69,26109
3220,336,2025-12-14,web,105.94,75897
3221,362,2024-06-09,mobile,69.18,54851
3222,437,2024-05-16,mobile,551.67,39280
3223,171,2024-12-06,mobile,194.48,54784
3224,162,2024-04-18,web,471.73,21017
3225,136,2025-03-25,mobile,163.38,28286
3226,296,2024-02-01,mobile,1558.16,87522
3227,340,2024-02-21,store,1811.88,49634
3228,251,2025-10-04,web,39.9,92439
3229,73,2025-11-01,mobile,223.77,35522
3230,464,2024-03-22,mobile,1160.62,48825
3231,235,2025-11-20,mobile,1120.28,66153
3232,462,2025-04-20,store,1011.16,24982
3233,271,2025-08-09,mobile,37.24,67728
3234,32,2025-11-13,bopis,215.5,87890
3235,245,2024-06-08,store,480.95,13166
3236,265,2025-10-25,store,32.62,10680
3237,392,2024-12-01,store,194.84,20310
3238,83,2025-11-20,web,1513.42,83854
3239,331,2024-04-26,store,92.88,54759
3240,378,2024-04-07,mobile,44.35,65873
3241,273,2025-07-09,mobile,76.32,19114
3242,164,2025-01-31,mobile,138.75,72657
3243,296,2025-02-25,bopis,76.32,29212
3244,424,2025-11-24,web,232.26,45536
3245,231,2025-12-21,web,313.49,13737
3246,454,2025-09-16,bopis,148.39,79364
3247,267,2025-05-06,mobile,111.72,18692
3248,357,2025-12-10,bopis,641.37,82984
3249,9,2024-04-18,store,59.85,10915
3250,194,2024-03-23,store,1278.52,58168
3251,68,2024-10-11,mobile,294.54,92622
3252,459,2025-01-02,bopis,156.14,63055
3253,306,2024-11-01,web,66.74,65191
3254,328,2025-10-29,web,749.58,41950
3255,382,2025-06-18,store,72.27,31219
3256,149,2024-01-27,store,86.41,46427
3257,64,2024-11-03,bopis,203.45,86875
3258,201,2025-12-30,web,191.1,62809
3259,360,2024-12-07,web,82.3,22837
3260,464,2025-10-08,mobile,647.46,86108
3261,481,2025-06-28,mobile,382.24,45134
3262,68,2025-10-23,bopis,764.23,73972
3263,280,2024-03-03,web,41.46,19982
3264,156,2025-03-01,store,1320.48,45906
3265,261,2024-12-23,bopis,392.49,13015
3266,209,2024-09-16,mobile,749.58,65086
3267,163,2025-11-25,bopis,1439.03,10503
3268,242,2024-11-04,web,185.41,26810
3269,74,2025-01-24,mobile,297.19,39401
3270,11,2024-11-29,mobile,36.36,15584
3271,248,2024-04-13,bopis,138.75,77694
3272,263,2025-11-21,web,77.08,93085
3273,170,2024-12-20,store,194.84,99013
3274,408,2025-05-19,mobile,340.88,84871
3275,101,2025-12-14,bopis,227.11,21236
3276,342,2025-06-28,mobile,77.95,30670
3277,123,2025-09-21,web,160.51,52160
3278,223,2025-10-21,store,82.92,47226
3279,136,2024-12-10,web,41.46,33819
3280,147,2024-04-21,bopis,2443.05,73326
3281,338,2025-04-25,store,120.13,88900
3282,488,2025-10-30,web,44.35,42336
3283,450,2025-01-22,mobile,129.99,36851
3284,374,2025-09-15,mobile,35.23,77456
3285,72,2024-06-15,web,343.2,70305
3286,58,2025-11-27,bopis,496.12,18266
3287,241,2024-01-30,web,940.02,83994
3288,27,2025-11-05,bopis,37.24,26108
3289,1,2025-12-07,mobile,846.8,92780
3290,166,2025-11-26,bopis,84.52,70631
3291,120,2024-02-20,mobile,298.0,69956
3292,325,2025-11-10,mobile,277.5,67981
3293,187,2025-01-15,bopis,426.28,18170
3294,363,2024-02-11,store,645.05,97158
3295,243,2025-11-13,store,66.74,85091
3296,124,2025-06-07,web,120.13,36002
3297,126,2025-12-27,web,133.05,14578
3298,322,2025-05-10,mobile,99.06,98296
3299,206,2024-03-22,mobile,67.11,55285
3300,112,2024-09-07,store,122.22,42176
3301,104,2024-02-07,mobile,154.56,13737
3302,215,2024-02-02,mobile,427.75,77848
3303,388,2024-11-17,web,52.97,39845
3304,426,2025-08-16,store,1029.67,79283
3305,362,2025-07-02,web,354.4,94295
3306,41,2024-09-22,web,227.11,84376
3307,363,2024-05-13,web,227.42,75071
3308,244,2025-08-14,web,106.02,41822
3309,217,2025-08-07,bopis,81.69,36908
3310,68,2024-03-04,mobile,59.0,17663
3311,135,2024-08-22,mobile,207.24,11255
3312,296,2025-09-14,store,82.3,26671
3313,413,2024-04-04,web,79.56,23076
3314,425,2024-05-09,mobile,586.31,88346
3315,133,2025-01-11,mobile,947.82,42877
3316,60,2024-01-09,mobile,639.26,93350
3317,338,2024-01-06,bopis,46.31,56614
3318,139,2025-09-08,web,58.16,20278
3319,57,2025-09-12,web,880.17,46689
3320,423,2025-06-12,bopis,1277.03,47271
3321,33,2025-05-29,web,82.3,91263
3322,368,2024-06-13,store,388.96,20047
3323,313,2024-08-28,bopis,392.31,73838
3324,318,2024-01-24,mobile,990.3,21171
3325,426,2024-06-21,web,123.39,82563
3326,182,2025-07-27,mobile,739.7,36658
3327,23,2024-01-01,mobile,351.98,37486
3328,321,2024-06-02,mobile,61.11,77799
3329,33,2025-07-31,web,59.0,69434
3330,263,2025-01-23,web,645.31,95777
3331,374,2025-06-29,web,1758.93,47906
3332,71,2025-03-22,web,198.73,96387
3333,390,2025-05-28,mobile,46.31,34324
3334,28,2024-11-30,web,588.78,29456
3335,134,2024-06-22,web,84.52,73836
3336,470,2025-11-08,web,1174.3,64780
3337,432,2025-07-25,bopis,41.08,34530
3338,295,2024-05-19,mobile,154.16,32580
3339,466,2025-10-12,web,271.78,67874
3340,77,2024-05-09,mobile,163.57,52291
3341,39,2025-10-21,bopis,44.34,20484
3342,23,2025-09-13,mobile,311.9,10416
3343,494,2024-09-20,mobile,1082.55,64192
3344,160,2024-09-02,web,36.36,14770
3345,397,2024-01-08,web,479.4,62118
3346,151,2025-03-23,store,86.41,59483
3347,460,2025-06-09,mobile,85.98,27272
3348,401,2025-04-19,store,69.13,94478
3349,236,2024-12-17,bopis,20.69,15499
3350,67,2025-09-04,web,282.67,55670
3351,260,2024-04-15,store,354.4,54855
3352,164,2025-07-12,mobile,84.52,54151
3353,454,2025-07-16,web,160.51,44778
3354,270,2024-02-05,web,349.29,21182
3355,83,2025-04-20,bopis,3180.09,79157
3356,170,2025-02-10,web,100.58,66237
3357,355,2024-10-01,bopis,72.27,29028
3358,233,2024-03-19,mobile,126.31,59987
3359,254,2024-04-11,mobile,531.54,32171
3360,104,2024-08-10,bopis,1806.7,85253
3361,85,2024-02-26,bopis,343.85,32199
3362,458,2024-09-19,mobile,406.9,55343
3363,484,2024-09-02,store,69.18,89345
3364,63,2025-10-25,web,32.62,33823
3365,36,2024-08-08,web,639.26,58898
3366,247,2024-12-28,mobile,66.74,36409
3367,52,2025-01-24,mobile,21.75,75625
3368,63,2024-06-23,mobile,81.38,72944
3369,160,2024-07-11,store,392.31,23237
3370,5,2024-03-23,store,177.8,61453
3371,189,2024-09-30,web,1082.55,43170
3372,445,2024-08-28,web,959.82,21715
3373,364,2024-03-05,bopis,62.3,80132
3374,470,2024-04-28,mobile,3180.09,16986
3375,336,2025-04-17,mobile,196.26,61626
3376,446,2025-05-04,mobile,124.38,45439
3377,52,2025-03-11,web,1236.82,86323
3378,143,2024-08-22,web,134.22,74184
3379,428,2025-12-31,mobile,231.24,34900
3380,371,2024-07-22,mobile,215.5,95385
3381,187,2025-07-31,mobile,2074.1,59908
3382,382,2024-12-15,web,118.92,50160
3383,151,2024-05-26,web,28.81,10392
3384,210,2025-02-26,mobile,756.71,15313
3385,72,2025-12-15,web,86.84,47292
3386,484,2024-10-07,web,309.31,25553
3387,148,2024-05-05,web,959.82,41972
3388,398,2024-08-02,bopis,321.02,88397
3389,218,2024-02-02,web,105.94,67423
3390,309,2025-06-07,web,1839.26,77209
3391,415,2024-07-02,mobile,1438.2,18003
3392,473,2024-06-15,web,155.63,96468
3393,393,2025-01-09,mobile,116.43,15742
3394,454,2025-11-27,mobile,639.26,15206
3395,95,2024-01-31,mobile,154.38,38686
3396,338,2025-11-27,web,135.32,19121
3397,86,2025-01-17,bopis,138.75,63374
3398,466,2024-04-22,web,392.31,90808
3399,396,2024-11-27,mobile,179.55,34128
3400,343,2025-08-18,web,69.13,41497
3401,206,2025-05-03,mobile,86.41,63425
3402,46,2025-06-22,store,478.29,46401
3403,62,2024-09-20,web,76.32,75731
3404,259,2025-06-27,web,84.52,36154
3405,189,2024-02-06,store,1278.52,85237
3406,421,2025-12-31,web,208.38,91612
3407,358,2025-06-03,web,44.34,71033
3408,180,2025-05-01,bopis,244.09,23345
3409,324,2025-08-19,bopis,44.34,79413
3410,375,2024-07-28,web,86.84,86222
3411,195,2024-10-10,web,71.44,76429
3412,175,2024-09-20,web,91.38,31361
3413,273,2024-08-06,mobile,163.38,39388
3414,179,2024-01-13,mobile,77.08,95815
3415,203,2025-08-29,mobile,91.38,98574
3416,272,2025-06-26,store,236.84,59003
3417,191,2025-06-04,web,145.68,32957
3418,493,2025-07-07,mobile,66.38,25334
3419,227,2024-11-25,web,520.87,96791
3420,110,2025-12-11,store,86.41,84561
3421,59,2024-01-19,bopis,69.13,90058
3422,176,2024-06-12,bopis,77.95,69715
3423,120,2024-06-08,store,1060.03,64396
3424,437,2024-05-21,mobile,247.15,44534
3425,479,2025-02-16,mobile,488.02,76785
3426,429,2025-01-24,web,613.93,35610
3427,293,2024-07-11,store,294.54,46889
3428,102,2025-12-10,mobile,99.06,64068
3429,333,2025-05-14,web,44.35,48931
3430,293,2024-09-26,mobile,173.68,89436
3431,242,2025-05-11,web,354.4,76496
3432,377,2024-07-19,mobile,84.52,47901
3433,426,2025-01-02,bopis,716.34,71980
3434,413,2025-08-22,bopis,2007.85,90929
3435,9,2025-06-03,mobile,647.46,25728
3436,401,2025-05-02,store,34.3,95467
3437,90,2024-04-28,bopis,164.79,40450
3438,242,2025-05-26,mobile,37.24,17816
3439,125,2024-08-02,store,172.82,13525
3440,199,2024-02-11,mobile,119.58,53005
3441,499,2025-01-13,mobile,684.02,30860
3442,485,2024-04-06,mobile,203.45,41379
3443,52,2024-03-26,web,37.24,72001
3444,461,2025-11-13,bopis,156.46,98441
3445,102,2024-10-16,web,450.24,10467
3446,168,2025-12-01,web,28.81,56608
3447,245,2024-09-20,web,370.82,44551
3448,329,2025-07-01,mobile,1082.55,72157
3449,56,2024-09-23,mobile,39.9,72892
3450,438,2025-11-26,store,176.34,61672
3451,104,2025-06-27,web,504.49,79063
3452,164,2024-07-25,mobile,2843.46,22096
3453,23,2024-02-07,bopis,901.93,46874
3454,135,2024-01-22,mobile,158.68,73518
3455,234,2024-08-30,web,240.26,21412
3456,37,2025-06-03,mobile,55.48,39695
3457,75,2025-08-18,mobile,20.16,71267
3458,374,2024-05-13,web,163.49,33010
3459,381,2024-08-01,web,97.86,85472
3460,230,2024-10-31,web,340.46,52274
3461,185,2024-06-14,web,78.07,68848
3462,282,2025-10-14,web,65.25,72058
3463,302,2025-10-01,web,107.16,85055
3464,473,2025-11-24,mobile,2102.26,33623
3465,158,2025-11-08,web,78.07,30143
3466,322,2024-05-24,mobile,392.31,31126
3467,28,2025-07-17,mobile,21.75,79486
3468,447,2024-04-17,web,166.44,33495
3469,134,2024-07-24,bopis,307.16,13236
3470,135,2025-11-29,web,1435.65,67007
3471,234,2024-11-05,bopis,88.7,23936
3472,122,2025-01-14,mobile,39.64,15266
3473,413,2025-08-20,store,84.52,47177
3474,422,2024-03-13,mobile,41.08,91886
3475,211,2024-07-11,store,279.7,75315
3476,497,2025-08-29,mobile,448.71,40968
3477,380,2024-04-01,web,520.87,93923
3478,140,2024-07-02,mobile,28.81,42542
3479,105,2025-10-16,bopis,194.48,41924
3480,214,2025-11-09,mobile,110.12,68488
3481,470,2024-07-26,bopis,2152.36,98540
3482,81,2024-09-23,mobile,1539.43,47441
3483,175,2024-04-23,web,1236.3,46447
3484,95,2025-06-09,web,90.43,22324
3485,374,2024-02-25,store,70.27,48166
3486,216,2025-05-11,web,13.23,54628
3487,101,2025-02-19,bopis,133.02,31662
3488,457,2024-09-25,web,276.54,58797
3489,429,2024-03-02,web,639.26,12454
3490,190,2025-10-16,bopis,117.84,54439
3491,107,2024-11-18,bopis,28.81,35982
3492,32,2025-02-02,mobile,78.07,49990
3493,195,2024-11-09,mobile,463.12,70201
3494,89,2025-06-26,mobile,1049.83,29116
3495,468,2024-10-05,store,1510.47,33371
3496,73,2024-07-21,web,100.58,34188
3497,485,2024-05-30,bopis,282.09,58291
3498,229,2025-09-02,mobile,91.38,84029
3499,233,2025-09-02,web,297.18,59371
3500,471,2024-02-21,mobile,1419.71,18094
3501,55,2024-02-21,web,51.27,90015
3502,120,2025-07-26,store,35.23,66616
3503,54,2024-04-16,store,69.13,32198
3504,2,2024-12-20,store,138.75,22533
3505,161,2024-10-16,bopis,154.6,20267
3506,396,2024-04-21,bopis,1151.73,62185
3507,288,2025-09-10,mobile,123.24,51346
3508,49,2025-06-16,web,37.24,18856
3509,471,2025-09-16,mobile,192.02,61300
3510,403,2024-11-10,mobile,209.08,92688
3511,471,2024-03-03,mobile,116.32,13574
3512,47,2025-03-11,mobile,91.38,78651
3513,235,2025-07-03,store,72.15,15515
3514,460,2024-11-28,web,404.04,61420
3515,377,2025-07-23,web,96.79,84219
3516,117,2025-08-21,web,319.94,65265
3517,145,2024-07-03,web,90.43,64615
3518,371,2024-01-15,web,586.31,93808
3519,469,2024-09-18,mobile,92.96,48353
3520,325,2024-05-28,store,297.18,90282
3521,92,2024-04-10,store,154.56,66062
3522,239,2025-01-25,mobile,133.02,90789
3523,244,2025-05-29,bopis,586.31,91224
3524,245,2024-04-20,mobile,81.69,44651
3525,426,2025-11-27,mobile,77.95,41052
3526,156,2025-10-05,store,100.58,10223
3527,19,2024-11-11,web,82.3,21167
3528,100,2025-12-20,mobile,647.46,97934
3529,165,2024-08-04,bopis,129.85,85148
3530,465,2025-07-31,mobile,826.66,16975
3531,86,2024-03-03,mobile,39.64,45440
3532,440,2025-05-25,mobile,520.87,92499
3533,153,2024-09-27,mobile,854.76,47445
3534,159,2025-02-18,web,947.82,43220
3535,412,2024-10-19,web,220.64,46366
3536,440,2025-07-08,store,370.17,24505
3537,236,2025-04-29,mobile,1060.03,38717
3538,486,2025-08-14,web,210.12,14516
3539,162,2025-02-06,web,201.33,52388
3540,405,2025-08-12,mobile,44.35,57858
3541,386,2025-01-10,bopis,177.0,41766
3542,118,2025-10-25,bopis,756.71,93678
3543,301,2025-06-23,bopis,244.14,26704
3544,129,2025-09-20,web,42.32,45449
3545,395,2024-06-27,bopis,39.9,14833
3546,181,2024-02-29,store,246.78,38993
3547,322,2025-03-03,web,381.75,81187
3548,23,2024-01-30,mobile,164.6,43141
3549,69,2024-07-21,web,484.4,24325
3550,35,2024-06-10,store,86.41,63707
3551,420,2024-10-18,mobile,29.41,34249
3552,293,2024-11-28,store,84.24,76789
3553,301,2024-02-28,web,233.76,29786
3554,202,2024-06-04,bopis,44.35,98019
3555,422,2025-02-12,store,935.04,37952
3556,194,2025-08-29,mobile,41.46,32222
3557,133,2025-05-17,store,20.69,94363
3558,412,2024-05-12,mobile,171.91,47405
3559,265,2025-10-28,bopis,180.86,54788
3560,334,2025-12-04,web,173.05,20387
3561,127,2024-07-27,web,81.69,95683
3562,354,2024-04-22,web,294.78,19970
3563,455,2024-07-25,mobile,44.34,40159
3564,432,2024-05-27,web,97.86,36454
3565,3,2024-02-19,mobile,29.41,11903
3566,38,2025-03-28,mobile,100.58,49885
3567,4,2025-02-05,bopis,41.46,27531
3568,428,2025-10-19,mobile,958.8,78182
3569,111,2024-08-06,store,199.14,75699
3570,158,2025-11-02,store,120.13,71364
3571,19,2025-07-04,web,1098.04,39115
3572,22,2025-03-17,store,268.53,93517
3573,455,2025-04-16,web,34.3,72107
3574,116,2024-04-27,web,354.4,51478
3575,98,2024-12-28,web,177.0,34888
3576,105,2024-07-23,bopis,357.57,69872
3577,448,2025-03-09,web,160.51,71345
3578,227,2024-11-15,mobile,1571.58,95769
3579,374,2025-12-26,web,1278.52,10700
3580,457,2024-11-08,store,69.18,83610
3581,289,2025-07-17,mobile,62.3,96529
3582,50,2024-09-02,web,66.38,13937
3583,188,2025-08-19,web,1355.97,90887
3584,301,2025-09-05,web,67.11,53975
3585,144,2025-06-09,web,59.85,48849
3586,303,2025-10-23,store,770.27,16815
3587,240,2024-04-07,web,52.97,22679
3588,295,2024-04-27,web,301.84,79517
3589,48,2024-01-18,web,1956.48,38111
3590,31,2024-06-02,mobile,107.18,58308
3591,20,2024-02-23,mobile,367.63,48274
3592,499,2024-02-13,web,819.04,42217
3593,321,2025-10-21,mobile,1292.36,41493
3594,24,2025-03-20,web,1176.93,34121
3595,89,2025-12-22,bopis,392.52,83336
3596,426,2024-06-26,mobile,199.14,43377
3597,16,2025-09-28,web,1060.03,22229
3598,493,2025-01-06,web,282.2,28719
3599,277,2024-08-17,mobile,96.79,18799
3600,450,2025-01-18,mobile,1699.29,68903
3601,23,2024-01-14,web,120.13,63432
3602,360,2024-07-07,bopis,354.4,55335
3603,450,2024-01-15,web,196.26,16015
3604,344,2024-02-12,bopis,77.95,49157
3605,362,2025-01-09,mobile,72.15,63584
3606,352,2025-03-22,mobile,653.86,94347
3607,498,2025-08-20,web,194.84,18953
3608,239,2025-12-10,mobile,37.24,78753
3609,34,2024-05-18,web,293.76,68560
3610,231,2024-08-19,web,85.98,41913
3611,267,2024-08-17,bopis,354.4,67772
3612,6,2025-09-10,mobile,324.43,83048
3613,274,2025-09-09,store,196.26,51093
3614,320,2024-01-11,mobile,167.73,79306
3615,125,2025-07-28,mobile,68.86,89104
3616,371,2024-08-17,store,256.78,66191
3617,343,2025-05-05,web,113.64,50122
3618,61,2024-10-14,mobile,144.54,47155
3619,484,2024-05-04,store,156.31,20937
3620,405,2024-05-29,mobile,277.5,13182
3621,160,2025-08-08,web,72.15,87007
3622,492,2024-11-25,mobile,155.63,17743
3623,267,2024-12-11,store,199.14,49883
3624,426,2024-08-31,mobile,213.48,15470
3625,260,2024-07-20,mobile,399.67,75983
3626,420,2024-10-07,store,255.65,54029
3627,103,2024-03-24,mobile,215.5,83101
3628,388,2025-11-30,web,639.88,14203
3629,163,2025-06-21,web,230.38,20261
3630,40,2025-03-08,web,210.9,47716
3631,183,2024-02-24,store,249.15,26135
3632,210,2025-09-20,web,2464.61,70689
3633,379,2024-10-06,bopis,174.83,50601
3634,335,2024-07-25,web,947.82,51971
3635,56,2025-07-19,mobile,35.72,53780
3636,405,2025-12-27,mobile,150.08,83646
3637,348,2025-10-17,bopis,749.58,16845
3638,200,2025-12-19,web,20.16,91351
3639,296,2025-05-07,mobile,354.4,26402
3640,329,2024-03-18,web,173.98,82541
3641,468,2024-09-06,store,586.31,42212
3642,494,2025-07-15,web,127.87,65346
3643,270,2024-11-24,mobile,756.71,52147
3644,439,2024-10-24,web,66.38,70353
3645,115,2025-06-27,web,179.55,99838
3646,31,2024-02-21,mobile,3082.04,93650
3647,385,2025-08-26,web,335.04,53172
3648,395,2024-09-21,mobile,873.93,33829
3649,128,2025-10-30,web,1198.78,98978
3650,336,2025-04-14,store,130.56,91421
3651,153,2025-09-09,store,208.79,99809
3652,275,2025-01-14,store,180.21,60739
3653,389,2025-06-01,web,75.51,17189
3654,396,2025-09-15,mobile,72.27,25790
3655,143,2024-09-15,web,619.93,11985
3656,462,2024-10-15,mobile,80.78,51444
3657,128,2024-08-02,store,185.41,22395
3658,285,2024-12-31,mobile,58.16,28404
3659,415,2024-01-12,mobile,86.84,15844
3660,274,2025-08-17,mobile,111.91,25723
3661,114,2025-02-19,web,165.68,74122
3662,353,2025-05-16,mobile,201.9,81205
3663,108,2024-09-12,bopis,403.8,48747
3664,438,2025-07-31,mobile,1060.03,49936
3665,18,2025-10-12,store,200.81,71528
3666,237,2025-12-09,mobile,234.85,67967
3667,101,2024-05-22,web,605.19,17115
3668,159,2024-09-21,bopis,185.41,81862
3669,6,2025-05-15,store,72.15,50685
3670,283,2024-01-12,mobile,72.27,94608
3671,178,2025-11-30,web,86.84,57260
3672,57,2024-11-25,mobile,354.4,93979
3673,404,2025-10-12,web,42.32,26527
3674,209,2025-10-31,bopis,947.82,78173
3675,473,2025-04-24,mobile,227.42,65813
3676,182,2025-03-15,store,479.4,72742
3677,104,2025-04-03,bopis,741.45,48693
3678,426,2024-01-28,web,736.39,72746
3679,289,2024-10-23,web,72.15,15813
3680,486,2024-05-14,web,2865.09,81335
3681,297,2025-12-24,store,388.96,56138
3682,238,2025-04-28,store,120.13,26838
3683,197,2025-07-16,mobile,247.15,41419
3684,390,2025-05-07,web,203.45,70600
3685,302,2025-08-29,web,13.23,44846
3686,46,2025-10-20,web,69.13,93297
3687,220,2025-05-23,mobile,309.94,18757
3688,105,2025-02-25,mobile,392.31,78716
3689,283,2024-05-26,bopis,39.27,61033
3690,105,2025-08-21,web,472.4,26312
3691,400,2025-05-20,mobile,1041.74,44256
3692,244,2024-06-06,mobile,36.24,10221
3693,118,2025-09-06,mobile,479.4,10195
3694,183,2024-02-21,store,276.26,31333
3695,439,2025-01-09,web,415.51,64597
3696,214,2024-11-09,bopis,196.26,79865
3697,183,2025-03-08,mobile,479.4,75757
3698,250,2024-01-03,web,82.3,88616
3699,462,2024-09-07,store,61.11,37517
3700,499,2025-04-14,mobile,150.08,58628
3701,233,2024-11-29,bopis,732.27,53512
3702,44,2024-12-25,web,77.95,64582
3703,400,2024-06-28,mobile,77.28,66223
3704,262,2025-02-12,web,479.4,80247
3705,449,2025-07-18,web,66.38,90854
3706,348,2024-10-21,mobile,397.34,93517
3707,330,2024-05-04,mobile,367.59,75607
3708,295,2025-02-04,mobile,90.43,84924
3709,245,2025-10-20,mobile,78.54,87057
3710,286,2025-06-17,web,76.32,39189
3711,334,2024-04-28,bopis,44.35,33472
3712,106,2024-06-20,web,406.9,94784
3713,473,2024-11-06,store,605.7,80779
3714,339,2024-06-05,web,59.0,38928
3715,163,2025-06-09,web,321.02,42031
3716,434,2025-11-16,mobile,85.98,87256
3717,50,2025-03-14,bopis,185.41,99127
3718,322,2024-05-11,mobile,1060.03,56038
3719,297,2025-03-11,mobile,250.01,89342
3720,14,2024-07-18,web,91.38,11527
3721,151,2024-08-03,mobile,198.12,58918
3722,190,2024-01-12,web,1029.67,96822
3723,94,2025-09-08,web,72.15,81841
3724,420,2024-03-28,web,77.95,82537
3725,311,2025-06-22,bopis,160.51,95788
3726,308,2025-04-24,mobile,207.92,16537
3727,41,2024-08-25,bopis,77.08,43430
3728,275,2024-02-23,mobile,245.07,81777
3729,489,2024-11-05,web,470.54,23187
3730,278,2024-03-16,mobile,457.51,21877
3731,197,2024-10-01,store,504.49,52075
3732,27,2025-01-16,store,20.69,25593
3733,136,2025-09-22,web,138.75,15562
3734,276,2025-05-03,web,117.64,97224
3735,418,2025-09-22,mobile,44.35,75419
3736,498,2025-09-12,store,419.11,58980
3737,178,2025-08-18,bopis,244.09,66645
3738,38,2024-06-13,mobile,142.68,68328
3739,224,2025-06-07,mobile,36.36,15752
3740,338,2025-04-05,web,144.54,86518
3741,225,2025-12-08,store,44.35,70502
3742,95,2025-03-24,bopis,66.38,89752
3743,314,2024-02-08,web,154.16,75564
3744,138,2025-04-09,web,41.46,64012
3745,29,2024-06-15,web,123.39,82182
3746,416,2025-12-13,web,32.62,67027
3747,434,2025-10-14,bopis,313.41,29899
3748,321,2024-07-17,mobile,262.69,80919
3749,261,2024-06-30,web,1753.85,18766
3750,294,2024-05-19,store,488.18,96926
3751,112,2024-01-02,web,247.15,57035
3752,68,2025-10-15,web,954.73,23334
3753,256,2024-03-16,store,215.5,67800
3754,481,2024-05-08,web,340.74,63842
3755,301,2024-06-01,web,36.36,46302
3756,430,2025-04-16,store,59.85,94081
3757,85,2024-11-21,web,1316.67,61475
3758,77,2025-09-26,web,135.1,26336
3759,169,2025-09-11,mobile,2843.66,11579
3760,396,2024-10-29,bopis,55.06,87836
3761,200,2025-01-02,web,122.15,46767
3762,417,2024-05-16,web,81.38,55873
3763,402,2025-10-20,web,520.87,54557
3764,11,2025-07-11,mobile,13.23,51452
3765,152,2024-04-17,web,55.48,58660
3766,364,2024-08-03,mobile,183.36,38105
3767,243,2024-09-03,mobile,39.27,32291
3768,488,2024-04-26,mobile,74.48,69724
3769,89,2025-05-01,store,1119.88,31580
3770,130,2024-03-16,web,147.27,50230
3771,471,2024-05-27,bopis,247.15,36505
3772,54,2025-07-19,mobile,312.92,84729
3773,457,2025-08-19,mobile,35.23,13657
3774,460,2024-11-07,mobile,261.3,93866
3775,356,2025-01-26,web,156.31,55517
3776,108,2024-10-02,web,157.27,31580
3777,51,2024-11-08,web,173.68,90134
3778,400,2024-10-06,web,2023.47,94836
3779,312,2024-03-12,store,145.35,99356
3780,23,2025-01-19,web,639.26,75394
3781,468,2025-08-01,bopis,13.23,54814
3782,193,2024-08-23,mobile,319.94,39629
3783,279,2024-05-17,store,90.43,86256
3784,96,2024-09-14,mobile,76.32,40637
3785,32,2025-06-10,bopis,613.93,29144
3786,297,2024-08-05,web,20.69,91300
3787,95,2024-03-29,mobile,471.93,66538
3788,239,2024-08-02,mobile,13.23,52407
3789,462,2024-03-04,store,67.55,87873
3790,81,2024-05-27,bopis,3261.68,76556
3791,70,2025-05-06,web,240.26,62189
3792,69,2025-02-18,mobile,465.79,19058
3793,112,2024-04-19,mobile,111.79,61785
3794,87,2024-06-22,mobile,82.3,78008
3795,74,2024-05-23,mobile,96.79,90059
3796,276,2025-01-27,web,70.46,65408
3797,125,2024-03-29,web,185.41,29518
3798,409,2024-08-08,web,154.6,45316
3799,239,2024-07-13,mobile,1588.93,20414
3800,475,2024-12-05,web,81.38,94667
3801,334,2025-05-22,mobile,154.16,22206
3802,239,2025-06-01,web,72.27,11918
3803,266,2024-12-18,web,392.31,32262
3804,77,2025-01-11,bopis,160.84,74572
3805,283,2025-10-17,mobile,287.1,44754
3806,139,2024-07-28,web,277.5,76802
3807,301,2024-04-16,store,153.81,31405
3808,429,2025-01-01,web,290.77,74059
3809,120,2024-12-06,mobile,1369.61,21137
3810,270,2025-01-10,web,58.16,44362
3811,30,2025-06-16,mobile,155.63,52363
3812,392,2024-09-03,mobile,39.9,36176
3813,268,2024-04-15,web,409.98,48349
3814,500,2024-08-07,store,91.38,80091
3815,229,2024-10-01,bopis,288.36,18007
3816,27,2025-12-08,web,196.26,85288
3817,393,2025-05-25,web,2247.11,25326
3818,132,2025-03-25,web,202.75,32469
3819,193,2025-07-25,web,91.38,45057
3820,388,2024-06-06,bopis,172.12,23697
3821,278,2025-01-01,store,67.11,29880
3822,147,2024-05-20,store,1029.67,75979
3823,386,2024-03-18,web,156.46,26188
3824,229,2024-01-09,mobile,91.38,16810
3825,36,2025-01-20,mobile,202.58,19624
3826,267,2025-06-14,web,77.08,89289
3827,308,2024-04-07,web,155.63,70354
3828,451,2025-07-02,web,61.11,58027
3829,449,2024-05-18,bopis,55.48,88775
3830,51,2024-11-16,web,39.64,59865
3831,107,2025-10-07,web,21.75,94099
3832,262,2025-10-09,bopis,123.39,64749
3833,394,2024-09-29,web,599.54,37126
3834,27,2025-12-13,mobile,67.55,63390
3835,430,2024-02-19,store,426.71,37715
3836,377,2025-11-09,store,81.38,32396
3837,220,2025-09-04,bopis,504.49,40577
3838,125,2025-06-13,store,186.9,92823
3839,443,2024-08-20,store,947.82,48914
3840,444,2025-10-27,bopis,639.26,61076
3841,141,2024-02-14,store,69.18,92299
3842,47,2025-07-27,bopis,81.69,62769
3843,464,2025-01-14,mobile,120.13,36206
3844,298,2025-10-28,mobile,126.48,41451
3845,100,2025-01-12,web,36.24,44105
3846,14,2024-09-09,mobile,78.07,50615
3847,488,2025-04-02,store,705.93,23056
3848,254,2024-12-25,mobile,32.62,61697
3849,214,2024-05-07,web,586.31,96486
3850,52,2025-12-27,web,35.23,75252
3851,163,2025-08-21,web,156.46,81779
3852,238,2025-09-05,store,286.79,33906
3853,426,2025-06-09,web,311.26,92104
3854,484,2024-01-11,store,116.43,81640
3855,300,2025-10-02,web,85.98,70435
3856,474,2025-03-06,web,266.75,11755
3857,64,2025-02-21,web,504.49,11589
3858,85,2025-03-07,store,194.48,81698
3859,396,2024-03-10,bopis,85.98,62426
3860,52,2025-01-28,mobile,756.71,76851
3861,80,2024-07-06,store,66.38,76491
3862,7,2024-08-15,web,554.17,48880
3863,483,2024-10-31,bopis,228.96,53763
3864,277,2025-05-16,mobile,215.5,61574
3865,182,2024-03-22,bopis,354.4,36237
3866,210,2024-01-09,web,1241.89,17335
3867,129,2025-08-30,mobile,3110.76,38454
3868,45,2025-02-19,web,756.71,82101
3869,88,2025-08-31,web,756.71,59036
3870,490,2025-11-02,web,1176.93,23315
3871,499,2024-03-29,web,475.57,34644
3872,460,2024-03-24,bopis,138.13,88977
3873,380,2024-01-18,store,247.15,41718
3874,178,2025-03-22,web,76.32,89694
3875,279,2024-10-09,web,34.3,79103
3876,353,2025-04-29,bopis,69.13,79442
3877,61,2025-01-04,mobile,552.52,12807
3878,207,2024-12-09,bopis,207.54,64653
3879,485,2024-01-19,mobile,175.25,84430
3880,95,2024-07-30,web,162.76,72920
3881,469,2025-04-16,mobile,1019.1,53024
3882,40,2025-10-10,web,117.81,25523
3883,253,2024-10-20,bopis,85.98,35909
3884,369,2025-06-05,web,72.27,36476
3885,9,2025-06-25,mobile,156.31,18727
3886,44,2025-03-10,mobile,194.48,11036
3887,212,2025-05-28,web,147.27,44972
3888,356,2025-05-20,web,2243.95,45291
3889,466,2025-05-26,mobile,185.41,94316
3890,121,2025-01-19,web,216.45,35662
3891,405,2025-09-05,store,44.35,93711
3892,166,2025-06-21,web,312.92,76423
3893,94,2025-04-01,store,227.11,74246
3894,339,2024-12-14,web,271.29,70199
3895,402,2024-03-25,store,59.85,11798
3896,61,2024-01-02,mobile,39.27,92102
3897,440,2025-06-12,mobile,708.13,66535
3898,324,2025-03-10,web,59.85,33561
3899,54,2024-12-20,mobile,644.47,65252
3900,492,2025-06-27,mobile,39.64,86111
3901,45,2025-01-31,bopis,86.41,38469
3902,227,2025-02-02,mobile,82.3,65719
3903,436,2024-09-24,mobile,772.2,59708
3904,156,2025-01-06,web,78.07,78769
3905,189,2025-09-08,mobile,749.58,85201
3906,176,2025-10-27,web,417.77,53456
3907,468,2024-02-22,bopis,133.48,68380
3908,304,2025-01-21,bopis,185.41,57033
3909,78,2024-02-20,mobile,220.31,89318
3910,367,2025-06-06,mobile,124.6,81776
3911,448,2025-04-23,web,247.15,81915
3912,342,2024-03-06,web,215.46,15382
3913,367,2024-06-02,web,201.9,62722
3914,378,2025-02-19,web,58.82,25478
3915,239,2025-07-19,mobile,28.81,68796
3916,201,2025-01-30,bopis,41.46,12341
3917,394,2025-08-08,web,586.31,59251
3918,311,2024-08-08,web,62.07,47522
3919,420,2025-12-27,mobile,96.79,46387
3920,106,2025-01-25,store,520.87,42870
3921,179,2025-06-28,web,1617.9,75277
3922,340,2025-10-12,bopis,20.16,71882
3923,106,2024-01-11,bopis,479.4,15913
3924,383,2025-12-28,bopis,69.18,12116
3925,144,2024-03-21,web,76.32,41826
3926,267,2025-12-23,web,203.45,16101
3927,81,2025-11-22,web,32.62,95805
3928,175,2025-12-16,store,66.38,54947
3929,119,2024-04-19,mobile,125.24,69546
3930,122,2025-10-04,mobile,138.13,42653
3931,483,2025-12-24,mobile,1169.17,49644
3932,236,2024-12-14,mobile,155.63,19783
3933,17,2024-03-11,mobile,119.7,12991
3934,326,2024-12-04,mobile,327.49,76797
3935,497,2024-09-01,mobile,55.06,76660
3936,9,2025-06-27,web,129.69,86992
3937,199,2024-07-23,mobile,36.24,77909
3938,159,2024-04-15,mobile,37.24,97343
3939,143,2025-09-04,web,109.92,13961
3940,161,2025-04-09,web,250.94,97714
3941,91,2024-11-02,bopis,184.32,18024
3942,357,2024-09-10,web,1338.81,49259
3943,50,2024-12-30,bopis,262.39,61484
3944,108,2025-06-16,mobile,39.27,48045
3945,172,2025-12-29,web,185.41,77748
3946,390,2024-07-12,mobile,588.78,75107
3947,398,2024-11-04,store,107.84,23402
3948,296,2024-07-10,web,414.39,30811
3949,92,2024-11-13,web,143.02,19561
3950,277,2024-07-23,bopis,520.87,62892
3951,393,2024-10-17,mobile,194.48,37975
3952,197,2024-07-29,mobile,96.79,33079
3953,31,2024-03-24,mobile,351.43,15670
3954,200,2024-09-24,web,69.13,61407
3955,435,2024-10-11,mobile,20.69,84777
3956,80,2024-01-10,mobile,79.8,35577
3957,478,2024-09-11,mobile,77.3,80449
3958,465,2024-10-06,web,82.46,86481
3959,210,2025-05-18,web,244.09,13491
3960,472,2025-09-30,store,1043.13,13094
3961,334,2024-06-17,store,354.4,51569
3962,480,2024-03-16,bopis,86.84,43965
3963,421,2025-01-04,web,459.91,51227
3964,314,2024-02-15,web,1895.64,12103
3965,387,2024-06-19,mobile,40.32,20743
3966,269,2024-08-30,store,1082.55,80462
3967,430,2025-12-09,web,354.4,42570
3968,6,2025-10-15,web,42.32,43202
3969,260,2025-01-06,web,403.8,39366
3970,212,2024-04-06,web,112.53,16523
3971,141,2024-10-27,web,20.16,58833
3972,474,2025-12-17,mobile,69.18,25640
3973,45,2025-02-22,web,90.43,99040
3974,154,2025-10-26,store,294.75,35231
3975,304,2026-01-01,store,244.09,61547
3976,482,2024-12-28,mobile,820.39,16489
3977,166,2024-11-06,mobile,319.94,67078
3978,231,2024-03-23,mobile,1499.16,10152
3979,312,2024-07-02,bopis,547.15,39335
3980,161,2025-06-21,web,317.92,28937
3981,305,2026-01-01,web,186.9,34019
3982,416,2025-05-03,bopis,20.69,87718
3983,187,2024-10-17,web,277.5,65807
3984,376,2024-09-01,web,81.69,52072
3985,337,2025-12-02,store,194.48,40023
3986,110,2025-11-08,web,105.69,70761
3987,406,2024-11-01,mobile,61.11,88586
3988,233,2025-08-02,store,44.35,35442
3989,465,2025-05-05,bopis,55.48,34568
3990,347,2025-09-05,web,69.13,74627
3991,463,2025-02-18,store,123.39,38118
3992,18,2024-08-26,mobile,96.79,42965
3993,207,2024-09-17,store,39.64,45782
3994,337,2024-06-25,web,852.12,76847
3995,61,2024-08-15,web,77.3,37501
3996,48,2025-06-16,store,783.21,28683
3997,264,2024-07-01,web,156.31,37093
3998,169,2024-12-25,web,215.5,75518
3999,318,2024-01-24,web,450.24,87754
4000,341,2024-01-31,mobile,34.3,13532
4001,180,2024-03-07,web,41.08,45922
4002,269,2024-03-30,web,606.55,39734
4003,6,2024-07-21,mobile,425.54,50349
4004,245,2025-10-11,bopis,155.63,83076
4005,222,2024-12-30,mobile,147.27,62034
4006,185,2024-01-29,web,36.36,23725
4007,460,2024-08-19,web,201.9,97525
4008,207,2025-01-10,store,1111.11,21960
4009,77,2025-03-22,web,682.26,93441
4010,252,2024-07-11,web,618.78,75872
4011,216,2025-05-23,mobile,100.58,91562
4012,318,2024-08-03,store,58.16,25175
4013,25,2025-07-09,web,637.58,93191
4014,232,2024-10-06,web,165.18,68501
4015,419,2024-07-05,web,28.81,59420
4016,379,2024-03-04,web,67.55,47794
4017,403,2024-12-20,mobile,475.18,37861
4018,266,2024-03-10,mobile,908.44,30573
4019,267,2025-02-06,store,254.42,40798
4020,300,2024-02-24,mobile,78.07,73498
4021,126,2024-05-03,store,1561.59,42946
4022,112,2024-09-14,web,21.75,95310
4023,68,2024-08-28,bopis,1082.55,62870
4024,69,2024-04-26,store,28.81,61661
4025,207,2024-12-07,web,107.53,68468
4026,338,2025-04-13,web,34.98,66385
4027,147,2025-10-21,web,32.62,72610
4028,294,2024-05-07,mobile,111.75,81618
4029,298,2024-07-05,mobile,267.01,26127
4030,162,2024-03-28,mobile,86.41,39333
4031,453,2025-01-09,web,201.59,45909
4032,353,2024-05-26,bopis,497.57,22062
4033,159,2024-12-02,store,520.87,38169
4034,186,2024-02-04,web,28.81,14436
4035,426,2025-10-07,web,295.06,55411
4036,473,2025-08-04,store,1029.67,72927
4037,170,2024-06-03,web,1325.42,95074
4038,410,2025-04-04,store,32.62,48703
4039,248,2024-09-03,mobile,194.48,73759
4040,82,2025-12-23,bopis,28.81,23307
4041,140,2024-02-15,web,1106.88,52096
4042,352,2024-11-13,mobile,62.3,15373
4043,192,2025-11-10,web,150.08,27253
4044,122,2024-03-17,web,99.06,74301
4045,31,2025-11-02,web,454.84,81454
4046,357,2024-10-25,store,36.36,39884
4047,233,2024-08-14,mobile,263.59,23868
4048,222,2025-08-10,mobile,520.87,82071
4049,246,2024-12-02,web,69.11,15584
4050,479,2024-09-04,mobile,62.3,47351
4051,357,2025-09-28,bopis,244.09,12149
4052,374,2024-03-26,web,195.58,45319
4053,96,2025-08-04,web,150.37,80739
4054,403,2024-01-14,mobile,138.75,71018
4055,58,2024-08-31,bopis,319.94,23663
4056,385,2025-11-18,mobile,115.68,55205
4057,333,2025-12-11,mobile,579.36,43589
4058,192,2024-06-28,mobile,84.52,89833
4059,75,2024-07-30,web,86.84,12472
4060,55,2025-01-19,mobile,150.08,78926
4061,266,2024-07-06,mobile,947.82,79168
4062,231,2024-06-06,web,171.96,23240
4063,268,2024-05-06,store,521.72,38645
4064,260,2024-07-25,store,605.7,94311
4065,141,2024-12-07,mobile,177.36,61739
4066,18,2024-08-04,store,39.9,55277
4067,428,2025-06-05,mobile,227.11,66396
4068,409,2024-11-29,bopis,91.38,97181
4069,180,2024-09-08,web,69.13,27597
4070,128,2024-09-29,store,1747.86,41402
4071,272,2025-02-25,store,1060.03,49109
4072,117,2025-01-13,mobile,39.9,29348
4073,369,2024-01-07,store,67.55,67877
4074,254,2024-10-27,store,138.13,59069
4075,166,2025-04-10,web,203.45,96597
4076,249,2025-10-03,bopis,154.43,69542
4077,441,2025-05-24,store,644.58,84815
4078,452,2025-09-16,mobile,99.06,14575
4079,469,2025-05-10,mobile,947.82,42074
4080,412,2024-03-10,bopis,77.3,85133
4081,426,2025-02-13,web,81.69,18822
4082,97,2025-12-09,mobile,78.07,45757
4083,128,2024-07-01,web,947.82,56546
4084,276,2024-06-10,web,201.16,78295
4085,433,2025-05-07,bopis,730.47,81756
4086,55,2025-05-28,mobile,44.34,10008
4087,100,2024-12-21,web,35.72,73561
4088,243,2024-06-29,mobile,657.17,69709
4089,424,2025-03-03,web,67.55,49011
4090,279,2025-03-03,web,37.24,41583
4091,426,2025-10-23,bopis,943.06,89036
4092,236,2024-05-20,web,729.89,56557
4093,353,2025-12-11,store,59.85,38953
4094,284,2024-09-13,web,271.29,91621
4095,426,2025-03-29,bopis,65.24,58746
4096,362,2025-07-03,web,689.02,45514
4097,288,2024-07-23,web,41.08,91201
4098,351,2025-10-11,web,390.74,29907
4099,197,2024-03-17,web,39.9,87497
4100,82,2024-09-28,web,78.07,71587
4101,366,2024-11-06,store,138.75,32987
4102,192,2025-06-19,store,81.38,54210
4103,219,2025-10-10,store,263.66,61385
4104,236,2024-10-13,bopis,611.3,42235
4105,400,2025-12-06,mobile,69.11,54778
4106,281,2024-06-05,mobile,160.51,16925
4107,352,2024-03-22,mobile,201.33,67185
4108,396,2024-05-18,bopis,536.94,94825
4109,101,2024-05-19,mobile,35.23,87844
4110,2,2025-07-01,web,1098.48,46243
4111,195,2025-04-27,web,81.69,38003
4112,42,2025-02-08,web,262.69,73106
4113,407,2024-04-02,web,55.48,32064
4114,273,2025-12-11,web,34.3,27491
4115,281,2025-10-10,mobile,479.4,13561
4116,477,2024-11-16,store,873.93,63650
4117,177,2025-06-19,store,86.41,38312
4118,106,2024-01-13,mobile,62.07,18128
4119,233,2025-05-27,web,672.72,92823
4120,345,2025-08-29,bopis,86.84,59081
4121,222,2025-12-20,store,28.81,71276
4122,144,2024-11-08,web,41.38,42723
4123,403,2024-08-29,mobile,353.61,64435
4124,491,2024-09-09,mobile,100.58,60293
4125,227,2025-05-14,bopis,72.27,36448
4126,231,2024-09-27,mobile,32.62,80250
4127,145,2024-07-05,mobile,52.97,38158
4128,425,2024-11-20,store,203.45,27961
4129,150,2025-11-09,web,1532.34,70415
4130,414,2025-09-15,web,55.06,20566
4131,32,2025-04-03,store,138.75,59463
4132,418,2024-12-20,web,144.3,57911
4133,449,2024-07-28,web,430.67,28453
4134,178,2024-03-05,store,349.79,90534
4135,100,2024-02-07,bopis,3247.65,86931
4136,427,2024-09-27,mobile,394.17,84883
4137,320,2025-06-26,web,1302.25,88229
4138,261,2025-01-26,bopis,201.9,16559
4139,332,2025-03-07,web,631.45,25926
4140,389,2024-05-26,bopis,84.52,81912
4141,476,2025-03-23,web,156.46,51850
4142,440,2024-09-18,web,156.31,52513
4143,393,2025-08-22,mobile,267.84,79176
4144,351,2024-03-01,web,72.27,37733
4145,256,2025-07-20,web,550.28,71640
4146,170,2024-10-13,mobile,79.8,96862
4147,476,2025-04-10,store,247.15,83655
4148,354,2025-02-17,store,2417.11,94222
4149,60,2024-11-20,bopis,646.5,45810
4150,210,2025-10-13,bopis,91.38,72706
4151,422,2024-06-14,mobile,65.25,64180
4152,115,2025-02-21,web,34.3,29755
4153,342,2024-07-26,store,1133.77,39259
4154,490,2024-07-20,web,625.76,80555
4155,343,2024-09-27,web,20.69,34811
4156,82,2024-05-28,bopis,1027.19,89059
4157,308,2024-07-02,mobile,756.71,72775
4158,145,2024-08-15,web,86.84,40167
4159,293,2024-11-14,web,769.25,47800
4160,359,2025-08-30,mobile,59.85,94115
4161,153,2024-09-25,web,294.53,89599
4162,361,2025-07-06,mobile,46.31,95640
4163,374,2024-08-10,bopis,647.46,56631
4164,287,2024-06-29,mobile,212.99,18065
4165,269,2025-02-09,bopis,13.23,41967
4166,135,2025-12-18,web,66.74,45883
4167,310,2025-01-24,web,55.06,46906
4168,142,2024-03-09,mobile,304.9,91851
4169,84,2024-04-02,mobile,169.27,99627
4170,345,2025-08-07,web,194.48,12364
4171,136,2025-08-12,mobile,78.07,94113
4172,100,2025-12-07,mobile,36.36,35724
4173,283,2025-07-09,mobile,450.24,23044
4174,290,2024-12-09,mobile,76.32,60586
4175,62,2025-08-13,web,21.75,10085
4176,376,2024-12-30,mobile,144.54,37478
4177,399,2025-09-26,mobile,319.94,57753
4178,299,2025-05-26,mobile,184.35,97761
4179,475,2025-04-04,bopis,120.13,82639
4180,307,2025-05-09,mobile,51.27,77789
4181,101,2025-04-18,store,44.34,40492
4182,396,2024-04-19,bopis,58.16,30773
4183,20,2024-04-25,bopis,84.52,95523
4184,87,2024-06-27,web,244.09,52710
4185,192,2024-05-18,web,947.82,41709
4186,321,2025-01-08,web,116.43,95292
4187,365,2024-06-14,web,35.72,17480
4188,332,2024-02-28,web,92.62,87304
4189,343,2025-06-07,mobile,111.88,67387
4190,442,2025-12-16,mobile,227.42,54582
4191,313,2025-03-15,web,156.14,23884
4192,481,2025-02-15,mobile,1261.93,88691
4193,213,2025-01-14,bopis,1438.2,89716
4194,350,2025-11-11,web,242.44,92352
4195,326,2025-08-04,web,1027.02,36211
4196,158,2025-11-02,web,1014.88,79200
4197,245,2025-12-23,mobile,504.49,57035
4198,467,2024-07-03,web,296.15,24306
4199,16,2025-09-05,web,77.3,85869
4200,444,2024-04-14,mobile,113.42,59494
4201,228,2025-04-06,mobile,301.68,27945
4202,38,2025-07-28,bopis,35.23,97568
4203,237,2025-07-10,bopis,82.92,17309
4204,72,2025-08-04,mobile,545.43,20033
4205,160,2025-04-25,store,662.63,72340
4206,26,2025-09-12,web,338.39,14545
4207,352,2025-03-02,mobile,20.16,77170
4208,232,2024-12-24,store,67.55,43790
4209,472,2025-08-24,mobile,86.41,73512
4210,457,2025-11-14,store,155.63,90777
4211,58,2024-08-17,web,639.26,45325
4212,303,2025-06-30,web,194.84,57122
4213,1,2024-03-10,web,370.17,85552
4214,345,2025-06-03,web,3663.06,57481
4215,229,2024-08-04,web,156.46,46368
4216,420,2024-06-26,web,90.43,28632
4217,44,2024-05-02,web,312.62,16145
4218,247,2024-06-09,bopis,44.35,54161
4219,308,2024-05-12,web,947.82,21305
4220,92,2025-07-21,web,182.47,26097
4221,220,2025-08-26,web,503.77,23994
4222,105,2024-10-08,mobile,1060.03,16556
4223,372,2024-03-16,web,55.06,93497
4224,391,2024-01-03,mobile,403.26,34746
4225,314,2024-01-30,bopis,91.38,24800
4226,198,2024-03-13,web,77.08,79105
4227,360,2024-05-30,store,100.58,41193
4228,351,2025-02-08,store,44.34,71310
4229,144,2025-08-01,mobile,76.0,74486
4230,246,2024-09-25,bopis,41.08,61748
4231,445,2024-03-06,mobile,525.89,73452
4232,241,2025-12-04,web,20.69,37113
4233,303,2025-04-03,store,2120.06,66572
4234,480,2025-01-19,store,1119.79,53570
4235,200,2024-01-17,bopis,215.5,55563
4236,8,2024-06-11,store,138.75,36095
4237,239,2024-05-11,bopis,520.87,10937
4238,395,2025-10-07,mobile,20.16,27809
4239,143,2024-03-12,web,321.02,78336
4240,278,2024-09-26,store,335.99,92743
4241,380,2024-07-25,store,333.56,98746
4242,426,2024-11-05,store,206.27,94622
4243,185,2025-01-28,web,550.8,66491
4244,34,2024-04-05,web,234.21,24527
4245,304,2024-03-22,bopis,72.72,24936
4246,388,2025-09-27,web,147.27,89496
4247,311,2024-05-03,mobile,194.84,29846
4248,157,2024-08-12,web,247.15,43711
4249,89,2025-12-07,mobile,62.3,10856
4250,182,2024-08-27,store,203.45,45778
4251,217,2024-05-30,web,77.28,82269
4252,38,2024-10-21,store,1510.27,82546
4253,122,2025-07-20,mobile,34.3,82683
4254,371,2025-05-25,mobile,84.52,58736
4255,251,2024-10-17,web,119.7,27725
4256,3,2024-08-24,mobile,178.89,90029
4257,276,2025-03-22,web,86.41,44606
4258,309,2024-04-21,store,58.16,48216
4259,424,2025-07-21,bopis,1747.86,54243
4260,37,2025-11-20,web,116.32,77457
4261,11,2024-08-22,web,706.01,44207
4262,16,2025-07-21,bopis,100.75,87220
4263,353,2024-05-03,web,1029.67,53736
4264,54,2025-08-31,mobile,55.48,77131
4265,70,2025-11-24,web,873.93,38568
4266,68,2025-09-20,bopis,86.41,34951
4267,320,2024-07-28,web,993.66,32326
4268,458,2025-11-19,mobile,96.79,19538
4269,29,2025-11-23,store,120.13,33762
4270,175,2025-01-30,web,13.23,96753
4271,249,2024-01-29,web,61.11,49472
4272,161,2025-07-30,mobile,144.54,36704
4273,127,2025-10-24,mobile,90.43,71304
4274,439,2024-03-11,web,244.09,27469
4275,158,2024-06-17,mobile,156.46,35233
4276,263,2025-01-23,web,86.43,49173
4277,42,2024-04-20,store,44.34,68651
4278,256,2024-04-05,web,215.5,57969
4279,316,2024-10-30,web,107.19,26931
4280,470,2025-09-04,store,42.32,72699
4281,166,2025-01-04,web,20.69,75402
4282,326,2025-11-01,store,237.16,90240
4283,477,2024-01-22,store,177.0,56278
4284,430,2025-05-21,bopis,194.48,87937
4285,256,2025-11-12,bopis,52.97,94932
4286,116,2024-09-06,web,41.46,13970
4287,299,2025-09-05,mobile,1029.67,48258
4288,316,2025-01-01,store,281.4,51752
4289,78,2024-06-01,bopis,749.58,30669
4290,27,2025-12-14,bopis,58.82,58110
4291,309,2024-07-29,web,503.62,69588
4292,27,2025-08-09,web,182.76,42637
4293,489,2024-11-05,mobile,784.62,70664
4294,473,2024-02-23,mobile,223.14,44409
4295,294,2025-06-19,mobile,1082.55,26055
4296,54,2025-06-27,mobile,195.08,17249
4297,202,2025-10-25,web,375.0,23624
4298,239,2024-01-25,web,42.32,10144
4299,494,2025-10-02,bopis,77.95,25682
4300,382,2024-12-02,store,86.84,79635
4301,475,2024-09-11,mobile,44.34,52822
4302,354,2024-03-06,mobile,227.42,84086
4303,287,2024-11-28,web,69.11,71573
4304,205,2025-07-11,web,138.75,72239
4305,411,2025-11-26,web,91.38,54913
4306,470,2024-03-26,store,96.79,77772
4307,139,2025-03-10,web,191.01,39864
4308,404,2025-05-02,web,84.52,68259
4309,313,2025-11-29,mobile,276.26,48725
4310,256,2025-11-26,mobile,216.46,47308
4311,52,2024-12-13,store,228.96,52614
4312,456,2025-07-26,bopis,227.11,96457
4313,3,2024-07-19,web,91.38,57822
4314,358,2024-07-01,mobile,78.07,80128
4315,25,2024-09-26,web,69.13,38511
4316,273,2024-02-04,bopis,123.7,25992
4317,95,2024-05-23,web,873.93,89888
4318,387,2024-11-02,store,59.0,59634
4319,227,2025-12-13,web,85.98,45936
4320,479,2024-08-09,web,177.13,12546
4321,109,2024-06-02,bopis,97.97,78996
4322,492,2025-05-17,bopis,82.3,70252
4323,306,2025-03-08,web,933.78,20706
4324,145,2024-12-02,web,650.1,70865
4325,382,2024-04-30,mobile,139.85,42712
4326,132,2024-08-14,store,68.6,36622
4327,231,2025-05-10,web,69.11,21370
4328,197,2025-08-27,store,1105.3,59380
4329,233,2025-05-07,web,13.23,49456
4330,230,2025-08-09,mobile,495.68,73138
4331,48,2025-07-21,bopis,2270.13,91254
4332,441,2025-06-18,web,647.46,12714
4333,289,2024-02-18,web,266.33,43006
4334,313,2024-08-14,web,44.34,22195
4335,13,2025-04-24,web,947.82,74133
4336,469,2025-10-12,web,59.85,95127
4337,229,2025-10-19,mobile,280.69,21960
4338,246,2024-09-20,mobile,124.38,67893
4339,17,2025-01-19,mobile,138.13,48143
4340,338,2024-02-21,web,185.41,40708
4341,334,2025-06-10,web,684.25,81065
4342,282,2025-02-01,bopis,55.48,96768
4343,299,2025-12-20,mobile,431.0,96779
4344,17,2025-02-14,mobile,58.16,82359
4345,55,2025-08-05,mobile,942.12,75567
4346,184,2024-03-07,web,2120.06,60174
4347,455,2024-09-14,web,144.54,84172
4348,209,2024-09-10,web,2663.13,46511
4349,375,2024-12-18,mobile,203.45,32158
4350,371,2025-04-27,bopis,831.88,32498
4351,348,2024-06-21,web,320.78,59281
4352,413,2024-04-02,web,77.3,83290
4353,266,2025-10-13,web,139.85,33981
4354,235,2025-02-22,web,1198.68,13334
4355,164,2025-12-14,web,91.38,12799
4356,361,2024-07-21,web,91.38,49845
4357,95,2025-06-06,web,39.64,62683
4358,259,2025-12-22,store,39.9,31652
4359,203,2025-10-17,mobile,1029.67,54100
4360,75,2025-04-08,bopis,100.58,23892
4361,367,2025-09-06,web,1064.9,54455
4362,499,2025-11-19,mobile,130.75,38927
4363,331,2024-05-22,web,915.31,47206
4364,347,2024-09-19,web,194.84,93320
4365,166,2025-10-02,web,247.53,22431
4366,221,2025-10-21,bopis,211.97,11216
4367,413,2024-11-03,web,443.26,77122
4368,267,2025-03-03,store,1029.67,67820
4369,197,2024-04-11,bopis,504.49,23256
4370,230,2024-05-13,web,116.43,12910
4371,155,2024-04-10,web,66.38,14662
4372,432,2025-03-21,mobile,466.89,79804
4373,86,2024-02-05,mobile,401.59,18588
4374,17,2024-03-29,web,55.06,31302
4375,245,2024-11-24,bopis,77.95,87782
4376,225,2024-08-31,web,231.84,79468
4377,320,2024-01-27,bopis,69.18,31551
4378,173,2025-09-10,web,84.25,96672
4379,328,2024-09-02,store,479.4,76480
4380,2,2025-11-24,web,39.64,15113
4381,487,2025-11-14,web,44.35,42174
4382,118,2025-11-15,store,156.31,98676
4383,472,2024-08-05,mobile,520.87,40907
4384,40,2024-04-17,web,55.06,21092
4385,352,2024-01-19,mobile,373.5,40481
4386,489,2024-08-17,mobile,1795.89,81543
4387,299,2024-03-28,mobile,39.9,82312
4388,104,2024-06-14,store,108.45,35433
4389,73,2025-06-27,store,91.38,72822
4390,465,2025-12-30,mobile,91.38,83860
4391,145,2024-08-19,store,639.26,48102
4392,75,2024-08-10,mobile,756.71,39830
4393,17,2025-08-08,web,639.26,90968
4394,344,2024-05-12,web,257.82,38258
4395,28,2025-02-23,web,316.24,67067
4396,49,2025-05-09,store,584.52,45944
4397,255,2024-08-21,bopis,196.26,40060
4398,41,2024-11-17,bopis,915.52,42588
4399,66,2025-02-15,store,408.07,28136
4400,73,2025-07-24,bopis,55.48,70675
4401,60,2025-09-30,web,301.74,19411
4402,457,2025-10-18,store,282.61,92153
4403,413,2025-05-16,mobile,831.27,93182
4404,428,2025-08-01,store,153.81,80738
4405,336,2024-04-22,web,756.71,99702
4406,26,2024-08-12,store,69.11,36066
4407,222,2025-12-22,web,77.3,48022
4408,452,2024-10-05,web,1060.03,29601
4409,109,2025-04-18,web,546.51,57008
4410,28,2025-10-08,bopis,39.9,70989
4411,282,2025-06-27,web,3247.65,12956
4412,487,2025-10-22,mobile,588.78,33775
4413,317,2025-04-12,store,520.87,51841
4414,500,2025-01-27,web,120.13,56892
4415,413,2024-11-06,web,279.85,40042
4416,210,2024-02-02,web,71.44,31242
4417,275,2024-02-19,web,121.14,86005
4418,186,2025-10-31,bopis,85.98,50491
4419,344,2025-04-23,bopis,294.54,97370
4420,366,2024-10-10,store,155.63,31611
4421,219,2024-07-31,mobile,257.94,81933
4422,318,2025-10-16,store,35.23,60545
4423,244,2025-12-07,mobile,1046.43,54557
4424,143,2025-12-13,bopis,100.58,55464
4425,459,2025-10-05,store,827.84,21796
4426,25,2024-09-18,web,69.18,20907
4427,350,2025-07-14,mobile,155.09,89941
4428,318,2024-07-31,web,157.69,17927
4429,407,2025-10-06,bopis,61.11,99827
4430,190,2025-07-02,web,520.87,50830
4431,421,2024-06-02,web,133.02,15416
4432,198,2025-02-04,web,37.24,61439
4433,220,2024-07-15,bopis,354.4,95032
4434,73,2024-03-19,web,20.16,73701
4435,39,2024-01-21,web,118.0,93411
4436,436,2024-03-01,mobile,86.41,95704
4437,383,2024-04-04,bopis,365.9,43192
4438,194,2024-07-10,mobile,491.24,13348
4439,379,2025-05-23,store,138.75,30928
4440,28,2024-07-22,mobile,160.51,37187
4441,1,2024-02-21,web,1970.75,31066
4442,269,2025-04-10,bopis,680.23,19679
4443,142,2024-05-28,mobile,66.74,35894
4444,264,2024-09-19,mobile,1338.25,18617
4445,279,2024-07-08,mobile,1702.61,52698
4446,131,2025-10-05,web,69.11,29482
4447,49,2024-07-16,store,91.38,33437
4448,323,2025-07-16,mobile,44.35,86870
4449,318,2024-03-09,store,44.34,45920
4450,320,2025-11-28,web,151.48,18955
4451,233,2024-10-15,bopis,52.97,56525
4452,392,2024-03-28,web,245.07,14835
4453,63,2025-09-29,bopis,118.02,28951
4454,67,2024-03-21,mobile,66.38,81519
4455,454,2025-03-07,store,150.08,35105
4456,280,2025-05-15,bopis,297.18,91893
4457,378,2024-06-06,web,873.93,11460
4458,412,2025-10-16,store,100.58,21119
4459,28,2024-01-08,bopis,67.55,65258
4460,231,2024-09-27,mobile,138.75,19188
4461,272,2024-10-04,mobile,130.25,44708
4462,399,2025-03-16,web,147.27,19788
4463,365,2025-03-19,web,247.15,79848
4464,209,2025-05-19,mobile,44.35,57603
4465,318,2025-04-03,web,77.28,80512
4466,211,2025-04-27,bopis,62.3,25783
4467,206,2025-09-23,web,194.84,65579
4468,339,2024-02-01,web,96.79,16365
4469,349,2024-12-14,web,61.11,52613
4470,470,2024-12-05,bopis,55.06,25664
4471,378,2025-11-30,store,215.5,79296
4472,113,2025-08-12,mobile,158.86,37872
4473,94,2024-08-14,mobile,29.41,76029
4474,498,2024-04-23,web,123.39,20084
4475,493,2025-12-23,web,35.23,65424
4476,28,2024-06-05,web,41.46,81656
4477,178,2024-01-25,web,749.58,88633
4478,93,2025-05-16,web,40.32,10975
4479,447,2024-05-17,mobile,96.79,39754
4480,88,2024-06-02,web,77.95,11311
4481,9,2025-09-30,bopis,194.84,84422
4482,470,2025-08-17,web,605.7,96695
4483,184,2024-10-13,bopis,78.07,91046
4484,246,2024-08-02,web,150.08,12357
4485,430,2025-10-01,store,44.35,14786
4486,16,2024-10-16,mobile,91.38,54534
4487,67,2025-07-15,web,708.8,28989
4488,112,2025-12-07,web,120.13,83858
4489,459,2025-04-21,mobile,233.42,99067
4490,380,2025-12-26,mobile,424.77,18472
4491,376,2025-05-26,bopis,51.27,67074
4492,357,2025-12-16,store,392.52,96076
4493,139,2024-11-06,web,2248.74,82441
4494,379,2024-10-03,bopis,354.4,28256
4495,221,2024-01-03,web,69.13,77285
4496,490,2024-01-25,mobile,72.27,91507
4497,79,2024-11-04,web,1210.11,93264
4498,18,2024-07-31,mobile,265.3,70973
4499,219,2024-01-14,mobile,215.5,52127
4500,241,2024-06-20,store,203.45,69195
4501,377,2025-09-22,web,97.86,95668
4502,89,2024-10-28,store,91.38,44851
4503,439,2025-09-18,mobile,494.3,54659
4504,462,2025-09-24,web,756.97,60001
4505,165,2024-10-21,bopis,152.03,47967
4506,53,2024-09-27,store,183.33,19708
4507,38,2025-12-25,bopis,1942.38,42906
4508,174,2024-04-17,web,157.81,68169
4509,476,2025-11-09,web,479.4,24049
4510,101,2025-02-02,bopis,303.55,81909
4511,311,2025-02-12,store,251.74,82998
4512,238,2024-06-01,web,147.27,98401
4513,3,2025-05-04,web,155.63,91292
4514,226,2025-11-04,bopis,85.43,32403
4515,438,2024-12-21,web,138.13,37912
4516,166,2025-01-28,mobile,147.27,27636
4517,355,2025-07-21,web,567.09,73548
4518,112,2024-12-08,mobile,72.15,42147
4519,433,2025-09-29,store,91.38,79323
4520,64,2025-05-23,web,153.81,46070
4521,373,2024-10-14,store,138.75,44453
4522,381,2024-02-26,mobile,62.3,60521
4523,479,2025-07-13,store,139.54,11234
4524,286,2024-08-10,web,66.38,37682
4525,401,2024-03-06,store,84.52,63527
4526,407,2025-09-05,mobile,41.46,11241
4527,176,2025-05-02,store,86.84,52754
4528,491,2025-11-19,mobile,66.74,71204
4529,207,2024-01-07,web,586.31,14464
4530,405,2025-10-10,mobile,173.11,93982
4531,223,2025-07-11,bopis,1082.55,62373
4532,416,2024-07-08,web,77.28,58518
4533,415,2024-07-31,mobile,222.45,88039
4534,192,2026-01-01,web,100.58,26671
4535,72,2024-12-24,web,26.46,14914
4536,214,2025-11-18,web,13.23,10740
4537,247,2024-11-01,mobile,86.41,79919
4538,479,2025-05-02,web,41.46,73673
4539,232,2025-11-21,web,194.84,63173
4540,313,2025-03-11,store,479.4,45832
4541,250,2024-11-26,web,749.58,47029
4542,210,2024-04-27,mobile,69.18,72312
4543,423,2024-05-19,web,1110.35,47174
4544,359,2025-10-09,store,194.84,34870
4545,243,2024-11-17,mobile,219.19,79776
4546,470,2025-05-22,web,201.9,39904
4547,238,2025-04-17,web,505.36,46545
4548,163,2024-04-29,web,117.48,45466
4549,102,2025-09-10,web,319.94,45784
4550,322,2025-10-15,web,1082.55,53273
4551,336,2024-12-27,bopis,147.27,31869
4552,44,2024-03-05,bopis,84.52,64221
4553,74,2025-05-04,mobile,176.08,16315
4554,418,2024-10-01,web,290.37,21740
4555,240,2024-01-10,mobile,311.45,22532
4556,337,2024-01-30,web,431.0,83016
4557,474,2025-05-09,store,119.03,36151
4558,276,2024-12-30,web,231.9,94724
4559,148,2025-03-20,store,525.85,74262
4560,217,2025-10-07,store,84.52,60725
4561,445,2024-02-28,store,466.89,24373
4562,337,2024-12-02,web,379.42,65182
4563,381,2025-10-14,mobile,84.64,22007
4564,271,2025-06-14,web,682.26,34923
4565,390,2025-05-06,bopis,13.23,58922
4566,221,2025-07-04,bopis,72.27,72053
4567,6,2024-09-13,mobile,1163.89,55401
4568,461,2024-02-03,web,197.21,88708
4569,215,2025-02-06,store,58.16,55846
4570,257,2025-05-21,bopis,36.36,97153
4571,203,2024-10-26,mobile,319.94,86517
4572,339,2025-08-03,bopis,244.09,85736
4573,50,2025-08-06,web,1051.54,77161
4574,156,2025-04-09,mobile,311.89,60006
4575,166,2025-01-30,web,655.44,58079
4576,404,2024-01-18,mobile,1668.93,97449
4577,12,2024-11-11,web,156.46,28795
4578,181,2025-05-01,store,292.12,10511
4579,219,2025-02-02,mobile,190.61,78955
4580,454,2024-02-10,store,69.11,91419
4581,319,2025-09-20,mobile,250.83,49286
4582,313,2025-09-20,web,156.46,60773
4583,95,2024-06-30,mobile,383.05,54567
4584,202,2025-12-11,web,3180.09,48830
4585,229,2025-09-11,mobile,59.0,22651
4586,342,2025-11-28,bopis,13.23,48835
4587,432,2024-05-10,web,62.3,64118
4588,32,2025-09-26,bopis,85.57,41948
4589,126,2025-02-13,bopis,319.94,75981
4590,271,2024-11-15,store,873.93,61253
4591,131,2024-02-26,web,120.13,77109
4592,180,2024-10-23,mobile,77.3,75889
4593,304,2025-12-24,bopis,76.32,10499
4594,229,2024-05-11,web,1002.88,19331
4595,433,2025-01-21,web,44.34,49741
4596,28,2025-03-28,store,44.35,18604
4597,126,2025-08-10,mobile,136.22,31412
4598,392,2025-03-06,mobile,133.48,67221
4599,349,2024-03-28,mobile,57.62,88422
4600,434,2025-09-01,bopis,77.08,56297
4601,463,2025-05-04,web,230.71,78199
4602,58,2024-05-16,mobile,857.79,68968
4603,41,2024-04-02,mobile,3247.65,97860
4604,196,2025-09-23,web,486.0,83397
4605,446,2024-04-25,bopis,34.3,22638
4606,277,2025-10-05,store,72.48,30999
4607,402,2025-05-19,web,99.06,50746
4608,14,2024-10-07,mobile,81.38,82997
4609,356,2025-01-03,bopis,77.3,23569
4610,392,2025-08-07,mobile,70.46,31236
4611,8,2024-06-12,mobile,383.81,18107
4612,146,2025-08-22,mobile,488.18,65685
4613,156,2025-03-21,bopis,227.42,45165
4614,373,2024-06-28,mobile,155.63,47753
4615,393,2024-06-29,mobile,194.84,80287
4616,177,2025-07-31,store,173.98,47239
4617,483,2024-01-10,bopis,52.97,64172
4618,5,2024-11-28,web,43.5,17468
4619,477,2024-11-04,mobile,138.22,85920
4620,114,2024-04-20,web,59.0,32381
4621,14,2025-02-09,mobile,102.9,35605
4622,203,2024-06-18,bopis,194.84,25804
4623,38,2025-11-11,mobile,1297.68,13908
4624,198,2024-11-21,bopis,58.16,44522
4625,466,2025-07-10,bopis,120.13,32690
4626,405,2025-07-12,web,138.13,49320
4627,410,2025-01-28,bopis,88.68,96798
4628,432,2025-11-02,store,1513.42,48484
4629,435,2025-10-12,web,246.78,38890
4630,195,2024-09-04,web,69.11,84326
4631,338,2024-07-10,web,480.54,68720
4632,59,2024-11-22,mobile,468.93,96744
4633,169,2025-03-08,web,120.13,39351
4634,448,2025-08-06,web,151.26,88600
4635,203,2024-06-25,store,69.13,61663
4636,22,2025-02-19,bopis,1917.78,47994
4637,274,2024-11-20,store,28.81,86785
4638,96,2025-03-16,mobile,194.84,89801
4639,80,2024-04-15,store,583.44,70298
4640,449,2024-06-12,web,166.94,75601
4641,239,2024-03-12,web,155.63,44944
4642,178,2024-04-21,mobile,145.84,33030
4643,424,2025-04-03,mobile,556.23,99090
4644,245,2025-10-12,mobile,134.22,19191
4645,97,2025-04-02,store,44.35,90344
4646,277,2025-01-24,web,1228.98,31248
4647,114,2025-04-12,web,77.95,61437
4648,490,2025-02-16,web,174.46,32296
4649,114,2024-08-26,web,871.73,22865
4650,90,2025-03-25,mobile,86.84,53122
4651,61,2024-04-29,store,124.38,18816
4652,355,2024-01-04,web,69.13,62239
4653,91,2024-10-05,web,244.09,79789
4654,25,2024-12-17,bopis,940.31,95547
4655,496,2025-01-02,bopis,116.43,62779
4656,485,2024-06-08,store,13.23,73962
4657,394,2024-02-03,web,953.93,95204
4658,342,2025-05-23,web,1036.4,85409
4659,398,2024-07-06,web,67.55,55552
4660,345,2024-08-18,bopis,947.82,72634
4661,353,2025-10-27,store,134.22,23808
4662,317,2024-03-16,mobile,586.31,68317
4663,132,2025-03-01,mobile,395.15,53276
4664,346,2025-06-18,bopis,569.9,89987
4665,171,2025-03-20,bopis,86.41,45122
4666,434,2025-06-18,bopis,131.43,65912
4667,277,2025-01-23,mobile,683.7,50732
4668,268,2024-01-30,web,100.58,53945
4669,62,2024-08-31,store,86.84,68680
4670,63,2024-04-25,bopis,709.7,23633
4671,231,2025-04-21,store,873.93,93638
4672,257,2025-11-18,bopis,215.5,72248
4673,444,2025-12-26,web,96.79,73728
4674,372,2025-05-26,store,13.23,48277
4675,317,2025-01-03,mobile,350.3,43376
4676,292,2025-09-11,web,479.4,96037
4677,326,2025-11-20,bopis,99.06,45759
4678,373,2024-12-04,bopis,2181.11,35444
4679,301,2024-02-26,mobile,1073.9,46105
4680,14,2025-07-16,store,244.09,32268
4681,398,2025-08-30,mobile,672.08,10927
4682,66,2024-01-16,mobile,20.69,62084
4683,320,2024-09-19,store,20.69,90554
4684,434,2025-08-30,bopis,749.58,17114
4685,259,2025-05-22,store,370.17,88405
4686,132,2025-04-13,web,126.96,69379
4687,76,2024-06-25,web,37.24,28591
4688,447,2024-03-21,store,123.39,10370
4689,366,2025-06-20,web,116.43,64460
4690,423,2025-05-30,web,155.63,77660
4691,97,2025-07-22,web,28.81,14587
4692,292,2025-05-21,bopis,51.27,69334
4693,183,2024-02-12,web,1318.58,40864
4694,469,2024-06-09,mobile,41.08,52796
4695,450,2024-08-19,mobile,81.38,74885
4696,478,2025-02-06,web,922.92,85938
4697,412,2025-08-21,web,81.69,24499
4698,488,2025-09-12,mobile,88.41,51956
4699,307,2025-06-01,store,1029.67,55631
4700,375,2025-04-28,mobile,180.16,56346
4701,97,2024-06-11,web,78.07,50876
4702,430,2024-05-16,web,375.58,71782
4703,72,2024-11-25,mobile,100.58,75296
4704,489,2025-03-24,mobile,72.72,70483
4705,52,2025-09-20,web,36.36,34091
4706,358,2025-07-18,web,201.9,99080
4707,195,2025-12-29,store,65.24,73367
4708,437,2025-08-10,web,20.16,63837
4709,389,2025-02-01,store,1029.67,42798
4710,120,2024-09-06,web,156.46,55548
4711,474,2025-03-20,store,35.72,39054
4712,371,2024-08-04,web,42.32,64528
4713,177,2024-01-04,bopis,1060.03,19562
4714,32,2024-09-17,web,138.75,21097
4715,96,2025-03-01,store,120.13,86815
4716,60,2025-07-09,web,830.45,40071
4717,201,2024-07-22,web,873.93,50386
4718,479,2024-06-06,web,749.58,78155
4719,57,2025-03-14,mobile,156.46,68416
4720,404,2024-10-18,web,123.39,24707
4721,250,2025-08-17,bopis,639.26,69859
4722,53,2025-04-10,bopis,39.27,26252
4723,137,2025-07-06,store,116.43,53388
4724,76,2024-08-06,mobile,693.85,53811
4725,94,2024-07-30,mobile,231.24,82165
4726,476,2025-10-11,web,58.16,35737
4727,26,2025-05-16,bopis,185.9,19082
4728,279,2024-10-05,web,196.26,86082
4729,116,2024-08-30,mobile,41.46,43962
4730,236,2025-04-15,store,84.52,24705
4731,57,2025-08-02,mobile,319.94,99055
4732,161,2024-08-13,web,203.45,91409
4733,147,2024-10-02,store,163.38,97833
4734,75,2025-01-18,mobile,172.82,91582
4735,22,2025-06-12,mobile,586.31,78473
4736,26,2025-06-17,mobile,99.06,84876
4737,394,2025-04-20,web,35.23,13387
4738,125,2024-02-02,mobile,194.48,93127
4739,448,2024-01-27,web,646.5,58779
4740,43,2025-09-02,mobile,51.27,10516
4741,198,2025-12-04,store,86.84,91076
4742,458,2025-04-16,bopis,20.69,14218
4743,155,2024-11-14,mobile,1004.17,34864
4744,303,2024-06-17,bopis,66.74,87520
4745,262,2025-02-16,web,841.78,92681
4746,386,2025-06-10,web,214.01,31155
4747,109,2025-05-05,store,319.94,93311
4748,130,2024-08-28,store,44.35,44439
4749,259,2025-08-31,bopis,21.75,40963
4750,303,2024-06-20,bopis,195.23,14666
4751,266,2024-03-18,web,354.4,94826
4752,140,2025-09-02,bopis,1362.41,21617
4753,70,2024-01-13,bopis,62.07,37003
4754,450,2025-12-13,web,244.09,80123
4755,234,2025-11-20,mobile,55.06,30161
4756,107,2025-02-26,web,82.3,14702
4757,259,2024-09-16,web,245.07,47392
4758,197,2025-07-20,web,461.88,70073
4759,208,2024-05-06,web,927.89,83567
4760,85,2025-12-27,web,28.81,39634
4761,97,2025-08-03,web,138.31,82177
4762,19,2024-11-10,mobile,21.75,95749
4763,420,2025-12-10,store,116.43,81911
4764,448,2025-03-03,web,20.69,84830
4765,37,2024-11-17,bopis,479.4,20056
4766,390,2025-08-16,mobile,39.27,84692
4767,365,2025-07-01,store,39.27,23836
4768,478,2025-12-09,web,20.69,18966
4769,500,2025-06-15,web,2248.74,28170
4770,26,2024-07-29,bopis,85.98,53514
4771,475,2024-09-04,web,100.58,23695
4772,237,2025-12-05,store,207.91,71781
4773,44,2024-05-02,web,160.51,80145
4774,240,2024-11-01,bopis,85.98,25698
4775,246,2024-10-12,bopis,244.09,87317
4776,200,2024-01-30,bopis,20.69,24653
4777,246,2024-07-04,store,586.79,43288
4778,482,2025-01-25,store,215.5,28729
4779,386,2025-06-07,mobile,520.87,69659
4780,231,2025-10-20,web,86.41,77626
4781,296,2025-03-18,store,21.75,80837
4782,350,2024-04-11,web,21.75,41819
4783,106,2025-05-05,mobile,354.4,49340
4784,177,2024-11-22,mobile,59.0,87306
4785,254,2025-08-13,mobile,586.31,33779
4786,53,2025-10-07,store,81.38,41164
4787,176,2025-02-17,bopis,42.32,29072
4788,32,2024-10-09,store,76.32,41727
4789,492,2024-08-09,mobile,496.29,29047
4790,131,2025-09-21,mobile,958.8,67269
4791,64,2025-10-28,store,39.27,48507
4792,72,2025-07-20,store,42.32,35107
4793,174,2025-01-30,store,675.43,78148
4794,108,2024-04-29,mobile,533.87,64612
4795,74,2024-07-15,web,191.62,36542
4796,362,2024-10-10,web,406.9,28143
4797,72,2025-09-27,mobile,90.43,76985
4798,494,2024-08-20,mobile,71.44,52146
4799,110,2024-08-09,mobile,329.02,44700
4800,381,2024-01-02,web,132.76,46732
4801,78,2024-11-22,mobile,230.07,49864
4802,111,2024-09-10,web,52.97,19246
4803,408,2025-04-24,store,66.74,62765
4804,402,2024-12-17,store,138.26,19866
4805,70,2024-10-25,store,185.41,78054
4806,460,2024-03-18,store,163.38,29548
4807,106,2024-04-22,store,599.03,96365
4808,179,2025-07-16,mobile,150.08,24570
4809,111,2024-02-15,web,86.41,44853
4810,437,2025-11-22,web,194.84,12052
4811,109,2024-10-25,mobile,1851.0,43824
4812,55,2025-02-07,bopis,123.39,98997
4813,466,2025-03-12,mobile,42.32,95486
4814,363,2024-10-24,web,368.43,66711
4815,227,2024-04-01,mobile,1895.64,12124
4816,475,2025-06-24,bopis,133.02,66302
4817,239,2025-03-18,store,1029.67,11888
4818,152,2025-10-04,mobile,259.23,14730
4819,494,2024-11-08,web,215.5,95711
4820,383,2025-01-10,store,59.0,46226
4821,392,2024-03-08,store,207.75,66616
4822,370,2025-06-22,store,52.97,17744
4823,371,2024-03-10,mobile,122.22,98132
4824,215,2024-12-14,mobile,481.53,62988
4825,288,2024-09-30,web,72.27,33254
4826,420,2025-12-07,mobile,35.23,21064
4827,110,2025-06-29,web,194.48,96080
4828,148,2024-06-28,web,88.69,43158
4829,135,2024-04-01,web,20.69,73969
4830,499,2024-09-30,web,59.85,76387
4831,159,2025-10-01,mobile,90.43,40182
4832,474,2025-10-21,bopis,244.09,10208
4833,315,2025-02-04,web,1942.38,44215
4834,241,2025-04-27,bopis,20.16,51350
4835,350,2025-04-06,web,138.36,59603
4836,190,2025-07-02,web,100.58,77599
4837,318,2025-03-13,mobile,608.06,66957
4838,140,2025-05-11,mobile,32.62,40431
4839,221,2024-08-04,web,61.11,92259
4840,192,2024-04-26,store,756.71,92280
4841,385,2024-04-26,web,732.27,72345
4842,352,2025-01-09,web,99.06,29677
4843,320,2025-12-26,store,277.14,71610
4844,385,2024-08-05,web,133.48,87148
4845,294,2025-11-19,mobile,46.31,60965
4846,351,2025-03-28,web,86.84,93990
4847,281,2025-07-26,web,188.91,59611
4848,124,2025-02-04,bopis,120.13,78664
4849,149,2025-07-20,mobile,20.69,35195
4850,127,2024-12-15,web,160.51,10928
4851,207,2024-11-12,store,498.04,27327
4852,50,2024-10-14,mobile,84.52,13993
4853,30,2024-11-18,mobile,303.74,79752
4854,105,2025-10-12,web,82.92,31160
4855,227,2025-11-17,bopis,1082.55,48702
4856,367,2024-06-25,mobile,229.07,91651
4857,259,2025-07-04,web,77.95,71042
4858,281,2024-07-31,store,41.46,43996
4859,299,2025-08-24,mobile,37.24,77162
4860,175,2024-03-16,web,77.95,69714
4861,332,2024-04-27,bopis,319.94,51680
4862,72,2024-06-08,web,13.23,57210
4863,122,2025-05-21,web,66.38,13571
4864,410,2025-01-15,bopis,120.13,97011
4865,25,2024-07-17,web,125.88,68245
4866,67,2025-11-05,web,640.57,12907
4867,7,2024-03-18,store,28.81,41602
4868,143,2024-10-12,bopis,749.58,25626
4869,468,2025-12-18,bopis,540.85,68271
4870,472,2025-11-13,mobile,77.3,74272
4871,266,2025-07-23,bopis,29.41,81725
4872,111,2024-08-23,web,78.07,62529
4873,54,2024-09-23,web,979.42,55923
4874,441,2025-10-10,mobile,1499.16,95102
4875,393,2025-01-16,bopis,194.84,43850
4876,450,2025-11-02,mobile,207.54,87841
4877,1,2025-02-03,bopis,123.54,53251
4878,286,2024-09-30,web,92.3,20710
4879,329,2025-08-08,web,52.97,61639
4880,441,2024-01-09,bopis,66.74,48426
4881,477,2024-01-11,mobile,354.4,27323
4882,278,2024-04-15,bopis,246.78,53600
4883,271,2024-12-19,bopis,59.0,70461
4884,429,2024-09-23,bopis,224.11,75004
4885,393,2025-05-25,web,77.95,60115
4886,423,2024-11-20,web,34.3,80277
4887,374,2024-02-12,web,36.36,90283
4888,186,2024-07-18,web,1029.67,84357
4889,159,2024-01-25,mobile,155.9,76766
4890,45,2024-06-14,mobile,1895.64,78243
4891,348,2025-09-15,mobile,73.08,83221
4892,121,2025-04-30,bopis,21.75,62814
4893,228,2025-06-09,mobile,227.42,77691
4894,83,2024-01-13,store,302.9,62473
4895,199,2025-03-15,store,2934.71,65909
4896,266,2024-06-06,store,20.69,83306
4897,107,2024-10-04,mobile,319.94,45599
4898,114,2024-05-05,store,749.58,15867
4899,44,2025-07-05,web,55.06,97454
4900,239,2025-09-05,mobile,81.96,76500
4901,10,2024-03-13,bopis,1124.87,38207
4902,13,2024-03-21,mobile,578.45,26261
4903,123,2024-09-27,store,185.41,39148
4904,76,2024-08-29,mobile,39.9,44691
4905,41,2024-01-27,store,105.69,30707
4906,153,2024-10-16,mobile,68.6,95890
4907,494,2025-08-04,web,51.27,37198
4908,391,2025-11-28,store,1747.86,90315
4909,124,2025-01-03,web,227.42,29712
4910,135,2025-05-03,web,256.15,46822
4911,338,2025-02-18,web,276.26,18205
4912,313,2025-01-05,web,392.52,95666
4913,442,2024-10-08,mobile,156.46,90375
4914,186,2024-08-30,store,91.38,52013
4915,192,2024-06-18,web,2621.79,35665
4916,249,2025-08-04,web,109.08,52624
4917,340,2025-07-02,store,117.78,89670
4918,64,2024-12-24,web,87.27,96404
4919,268,2024-02-07,mobile,41.46,11921
4920,410,2024-01-06,mobile,39.27,96391
4921,91,2025-04-24,mobile,756.71,77544
4922,313,2025-11-19,web,131.38,70018
4923,109,2025-04-20,mobile,20.16,42253
4924,71,2024-09-16,web,147.27,33045
4925,294,2024-01-18,bopis,134.66,35774
4926,400,2025-04-15,web,981.28,30526
4927,118,2024-04-06,web,136.94,95615
4928,84,2025-06-21,mobile,123.39,22448
4929,222,2024-07-12,web,360.44,89296
4930,401,2024-03-05,web,123.39,17989
4931,165,2025-11-11,web,310.91,91174
4932,235,2024-05-22,web,1141.54,52331
4933,414,2024-06-07,bopis,610.35,41506
4934,63,2025-10-25,web,479.4,58512
4935,253,2024-04-28,web,95.38,78212
4936,118,2025-05-09,web,201.9,92717
4937,143,2024-04-15,web,2165.1,97557
4938,36,2025-01-31,bopis,227.42,44580
4939,36,2024-11-13,mobile,51.27,55961
4940,290,2024-05-09,bopis,341.69,85617
4941,291,2025-09-26,mobile,392.31,72732
4942,422,2025-12-18,web,132.76,41786
4943,27,2024-09-07,web,586.31,15252
4944,414,2025-07-26,mobile,182.88,63201
4945,84,2024-04-14,web,442.27,58891
4946,245,2024-02-10,mobile,2248.74,55634
4947,387,2024-11-07,mobile,2207.42,89450
4948,310,2025-06-18,store,389.68,88630
4949,230,2025-11-03,store,429.82,95539
4950,46,2024-12-23,mobile,123.39,97228
4951,172,2025-02-26,mobile,69.11,89233
4952,491,2024-03-25,web,69.13,96470
4953,363,2024-12-29,bopis,216.45,54816
4954,458,2024-01-15,web,1995.01,17770
4955,141,2024-07-10,store,283.18,55785
4956,291,2024-06-17,bopis,354.4,72482
4957,202,2025-02-21,mobile,156.46,42270
4958,451,2024-07-06,mobile,1065.05,17366
4959,183,2024-06-23,bopis,86.43,62512
4960,454,2024-02-27,store,203.45,70310
4961,229,2025-12-09,mobile,66.74,65801
4962,398,2025-05-08,mobile,304.03,57096
4963,210,2025-01-06,web,42.32,65086
4964,127,2024-05-19,web,126.96,38758
4965,306,2025-02-10,bopis,934.99,85472
4966,403,2025-08-29,web,118.92,87603
4967,220,2025-01-20,store,81.69,47369
4968,169,2024-11-15,web,62.3,82859
4969,427,2025-04-10,web,941.98,60653
4970,15,2025-03-14,bopis,450.24,66121
4971,438,2024-08-09,web,247.15,55313
4972,22,2024-09-17,mobile,873.93,98266
4973,163,2025-04-22,bopis,468.93,91217
4974,55,2024-10-09,bopis,77.28,26025
4975,361,2024-03-26,mobile,59.0,53356
4976,309,2024-09-07,bopis,72.27,77885
4977,205,2025-10-21,bopis,86.41,86228
4978,188,2024-09-11,bopis,66.74,55716
4979,105,2025-04-14,bopis,582.81,37537
4980,46,2025-12-01,web,69.18,90028
4981,72,2024-02-10,web,86.41,65525
4982,140,2025-10-15,mobile,556.59,80526
4983,485,2025-05-21,bopis,72.15,95743
4984,397,2024-08-31,web,123.24,65249
4985,396,2024-05-28,web,215.5,97609
4986,27,2025-07-27,store,77.28,54656
4987,184,2025-07-14,web,120.13,42121
4988,357,2025-06-16,web,81.69,58060
4989,304,2025-08-28,web,51.27,60336
4990,115,2024-02-02,store,34.3,22820
4991,203,2024-08-23,web,381.16,73668
4992,238,2024-03-01,mobile,394.17,88625
4993,424,2025-06-17,web,75.62,94603
4994,203,2024-01-26,store,67.11,47319
4995,229,2024-04-22,web,227.11,23781
4996,253,2024-09-01,web,110.96,24207
4997,98,2025-05-31,mobile,586.31,29034
4998,8,2025-06-23,bopis,59.85,73114
4999,420,2025-05-26,web,46.31,59069
