order_item_id,order_id,product_id,quantity,unit_price,discount_amount
1,1000,1022,1,69.13,0.0
2,1001,1061,1,156.46,0.0
2,1001,1090,3,42.32,0.0
4,1002,1056,1,203.45,0.0
4,1002,1054,1,34.3,0.0
6,1003,1002,1,67.11,0.0
7,1004,1057,1,194.48,0.0
7,1004,1049,1,99.06,0.0
7,1004,1086,1,91.38,0.0
10,1005,1083,3,90.43,0.0
10,1005,1019,1,39.27,0.0
12,1006,1001,1,36.36,0.0
13,1007,1046,1,639.26,0.0
14,1008,1054,1,34.3,0.0
14,1008,1050,1,138.13,0.0
14,1008,1035,1,100.58,0.0
17,1009,1088,3,41.46,0.0
18,1010,1040,1,1029.67,0.0
19,1011,1012,1,44.35,0.0
19,1011,1056,1,203.45,0.0
19,1011,1085,1,46.31,0.0
22,1012,1082,2,52.97,0.0
23,1013,1069,3,160.51,0.0
24,1014,1006,1,35.72,0.0
25,1015,1009,1,69.18,0.0
26,1016,1051,1,138.75,0.0
26,1016,1032,1,319.94,0.0
28,1017,1017,1,51.27,0.0
29,1018,1026,1,647.46,0.0
29,1018,1001,1,36.36,0.0
31,1019,1016,1,77.28,0.0
31,1019,1042,1,227.11,0.0
33,1020,1084,1,59.0,0.0
33,1020,1091,2,55.48,0.0
35,1021,1073,1,116.43,0.0
36,1022,1064,3,227.42,0.0
36,1022,1059,1,147.27,0.0
36,1022,1014,1,67.55,0.0
39,1023,1027,1,504.49,0.0
39,1023,1011,1,39.64,0.0
39,1023,1021,1,59.85,0.0
42,1024,1008,1,41.08,0.0
43,1025,1084,1,59.0,0.0
43,1025,1067,1,196.26,0.0
43,1025,1035,1,100.58,0.0
46,1026,1053,1,81.38,0.0
47,1027,1041,1,201.9,0.0
48,1028,1051,1,138.75,0.0
49,1029,1004,1,69.11,0.0
50,1030,1078,3,55.06,0.0
51,1031,1094,1,85.98,0.0
52,1032,1008,2,41.08,0.0
53,1033,1016,1,77.28,0.0
54,1034,1041,1,201.9,0.0
55,1035,1033,2,873.93,0.0
56,1036,1031,1,244.09,0.0
56,1036,1037,2,756.71,0.0
58,1037,1045,1,392.31,0.0
58,1037,1079,1,61.11,0.0
60,1038,1091,1,55.48,0.0
61,1039,1047,1,76.32,0.0
62,1040,1046,2,639.26,0.0
63,1041,1074,1,39.9,0.0
64,1042,1011,1,39.64,0.0
65,1043,1012,1,44.35,0.0
65,1043,1044,1,586.31,0.0
67,1044,1033,1,873.93,0.0
68,1045,1062,1,247.15,0.0
68,1045,1055,3,185.41,0.0
68,1045,1089,1,35.23,0.0
71,1046,1018,1,82.3,0.0
71,1046,1042,1,227.11,0.0
73,1047,1096,2,20.16,0.0
74,1048,1041,1,201.9,0.0
74,1048,1009,2,69.18,0.0
76,1049,1050,1,138.13,0.0
76,1049,1069,1,160.51,0.0
78,1050,1001,1,36.36,0.0
79,1051,1065,1,123.39,0.0
80,1052,1042,1,227.11,0.0
81,1053,1082,3,52.97,0.0
81,1053,1045,2,392.31,0.0
81,1053,1015,1,84.52,0.0
84,1054,1002,1,67.11,0.0
84,1054,1093,1,62.3,0.0
86,1055,1084,1,59.0,0.0
87,1056,1034,1,479.4,0.0
88,1057,1056,1,203.45,0.0
89,1058,1007,1,72.27,0.0
89,1058,1092,1,77.3,0.0
91,1059,1064,1,227.42,0.0
92,1060,1072,1,156.31,0.0
93,1061,1055,1,185.41,0.0
94,1062,1009,1,69.18,0.0
94,1062,1065,1,123.39,0.0
96,1063,1035,1,100.58,0.0
97,1064,1063,1,21.75,0.0
98,1065,1062,1,247.15,0.0
99,1066,1026,3,647.46,0.0
99,1066,1014,1,67.55,0.0
101,1067,1003,1,20.69,0.0
101,1067,1032,1,319.94,0.0
101,1067,1011,2,39.64,0.0
104,1068,1016,1,77.28,0.0
105,1069,1087,1,37.24,0.0
106,1070,1092,1,77.3,0.0
107,1071,1001,3,36.36,0.0
108,1072,1088,2,41.46,0.0
108,1072,1039,1,194.84,0.0
108,1072,1092,2,77.3,0.0
111,1073,1026,1,647.46,0.0
112,1074,1021,1,59.85,0.0
113,1075,1060,2,86.84,0.0
114,1076,1095,1,77.08,0.0
115,1077,1079,1,61.11,0.0
115,1077,1034,1,479.4,0.0
117,1078,1036,1,354.4,0.0
117,1078,1073,1,116.43,0.0
119,1079,1012,1,44.35,0.0
120,1080,1053,1,81.38,0.0
121,1081,1036,3,354.4,0.0
122,1082,1071,1,215.5,0.0
123,1083,1012,1,44.35,0.0
124,1084,1060,1,86.84,0.0
124,1084,1065,1,123.39,0.0
126,1085,1086,1,91.38,0.0
127,1086,1077,2,28.81,0.0
128,1087,1031,2,244.09,0.0
129,1088,1023,1,32.62,0.0
129,1088,1010,1,29.41,0.0
129,1088,1028,1,520.87,0.0
132,1089,1018,1,82.3,0.0
133,1090,1032,1,319.94,0.0
134,1091,1082,1,52.97,0.0
135,1092,1036,1,354.4,0.0
135,1092,1028,1,520.87,0.0
137,1093,1032,3,319.94,0.0
137,1093,1083,1,90.43,0.0
137,1093,1038,1,1082.55,0.0
140,1094,1055,1,185.41,0.0
140,1094,1084,2,59.0,0.0
142,1095,1057,1,194.48,0.0
142,1095,1006,3,35.72,0.0
142,1095,1042,2,227.11,0.0
145,1096,1013,1,86.41,0.0
145,1096,1036,2,354.4,0.0
147,1097,1022,1,69.13,0.0
148,1098,1062,2,247.15,0.0
149,1099,1001,2,36.36,0.0
149,1099,1091,1,55.48,0.0
151,1100,1005,1,81.69,0.0
152,1101,1069,2,160.51,0.0
152,1101,1030,1,72.15,0.0
154,1102,1058,1,120.13,0.0
155,1103,1085,2,46.31,0.0
156,1104,1050,1,138.13,0.0
157,1105,1017,2,51.27,0.0
158,1106,1062,1,247.15,0.0
159,1107,1012,1,44.35,0.0
159,1107,1028,1,520.87,0.0
159,1107,1006,1,35.72,0.0
162,1108,1095,1,77.08,0.0
163,1109,1074,1,39.9,0.0
164,1110,1078,2,55.06,0.0
165,1111,1046,2,639.26,0.0
165,1111,1013,1,86.41,0.0
167,1112,1052,1,150.08,0.0
168,1113,1052,1,150.08,0.0
168,1113,1014,1,67.55,0.0
170,1114,1052,1,150.08,0.0
170,1114,1011,1,39.64,0.0
172,1115,1042,1,227.11,0.0
173,1116,1035,1,100.58,0.0
174,1117,1004,1,69.11,0.0
175,1118,1048,1,749.58,0.0
176,1119,1076,1,77.95,0.0
177,1120,1086,1,91.38,0.0
177,1120,1067,2,196.26,0.0
179,1121,1025,2,66.38,0.0
180,1122,1091,1,55.48,0.0
181,1123,1068,1,78.07,0.0
181,1123,1002,1,67.11,0.0
181,1123,1034,2,479.4,0.0
184,1124,1016,1,77.28,0.0
185,1125,1064,1,227.42,0.0
186,1126,1061,3,156.46,0.0
186,1126,1013,1,86.41,0.0
186,1126,1024,1,36.24,0.0
189,1127,1001,1,36.36,0.0
189,1127,1074,3,39.9,0.0
189,1127,1024,3,36.24,0.0
192,1128,1075,1,96.79,0.0
193,1129,1027,1,504.49,0.0
193,1129,1017,1,51.27,0.0
195,1130,1031,1,244.09,0.0
196,1131,1037,1,756.71,0.0
197,1132,1021,2,59.85,0.0
197,1132,1001,1,36.36,0.0
199,1133,1072,1,156.31,0.0
200,1134,1078,1,55.06,0.0
201,1135,1041,1,201.9,0.0
202,1136,1083,1,90.43,0.0
203,1137,1057,1,194.48,0.0
203,1137,1073,1,116.43,0.0
205,1138,1068,1,78.07,0.0
206,1139,1082,1,52.97,0.0
207,1140,1005,1,81.69,0.0
208,1141,1039,1,194.84,0.0
208,1141,1044,1,586.31,0.0
210,1142,1090,1,42.32,0.0
211,1143,1076,1,77.95,0.0
212,1144,1072,1,156.31,0.0
212,1144,1036,1,354.4,0.0
212,1144,1058,1,120.13,0.0
215,1145,1026,1,647.46,0.0
216,1146,1005,1,81.69,0.0
217,1147,1041,3,201.9,0.0
218,1148,1082,2,52.97,0.0
219,1149,1010,2,29.41,0.0
219,1149,1037,2,756.71,0.0
219,1149,1035,1,100.58,0.0
222,1150,1065,1,123.39,0.0
222,1150,1024,1,36.24,0.0
224,1151,1081,3,58.16,0.0
225,1152,1061,1,156.46,0.0
226,1153,1030,1,72.15,0.0
226,1153,1084,1,59.0,0.0
228,1154,1007,1,72.27,0.0
229,1155,1086,2,91.38,0.0
229,1155,1067,1,196.26,0.0
229,1155,1088,1,41.46,0.0
232,1156,1006,1,35.72,0.0
233,1157,1090,3,42.32,0.0
234,1158,1056,1,203.45,0.0
234,1158,1077,1,28.81,0.0
236,1159,1049,1,99.06,0.0
236,1159,1011,1,39.64,0.0
236,1159,1093,1,62.3,0.0
239,1160,1022,3,69.13,0.0
240,1161,1026,1,647.46,0.0
240,1161,1034,1,479.4,0.0
242,1162,1067,3,196.26,0.0
243,1163,1020,1,44.34,0.0
243,1163,1076,1,77.95,0.0
245,1164,1024,3,36.24,0.0
246,1165,1046,2,639.26,0.0
246,1165,1046,1,639.26,0.0
246,1165,1010,2,29.41,0.0
249,1166,1048,1,749.58,0.0
250,1167,1055,1,185.41,0.0
250,1167,1056,1,203.45,0.0
250,1167,1075,1,96.79,0.0
253,1168,1034,1,479.4,0.0
254,1169,1064,1,227.42,0.0
255,1170,1008,1,41.08,0.0
256,1171,1096,1,20.16,0.0
257,1172,1037,1,756.71,0.0
258,1173,1084,3,59.0,0.0
259,1174,1028,3,520.87,0.0
259,1174,1026,1,647.46,0.0
259,1174,1014,2,67.55,0.0
262,1175,1044,1,586.31,0.0
263,1176,1092,1,77.3,0.0
263,1176,1048,1,749.58,0.0
265,1177,1053,2,81.38,0.0
266,1178,1024,1,36.24,0.0
266,1178,1089,1,35.23,0.0
268,1179,1046,1,639.26,0.0
268,1179,1021,1,59.85,0.0
268,1179,1050,1,138.13,0.0
271,1180,1047,1,76.32,0.0
272,1181,1052,1,150.08,0.0
273,1182,1083,3,90.43,0.0
274,1183,1020,1,44.34,0.0
275,1184,1095,1,77.08,0.0
276,1185,1082,3,52.97,0.0
277,1186,1079,1,61.11,0.0
277,1186,1059,1,147.27,0.0
277,1186,1014,1,67.55,0.0
280,1187,1033,1,873.93,0.0
281,1188,1095,1,77.08,0.0
282,1189,1080,1,13.23,0.0
283,1190,1021,3,59.85,0.0
283,1190,1069,1,160.51,0.0
285,1191,1075,1,96.79,0.0
285,1191,1072,1,156.31,0.0
287,1192,1082,1,52.97,0.0
287,1192,1048,1,749.58,0.0
289,1193,1050,1,138.13,0.0
289,1193,1071,1,215.5,0.0
291,1194,1018,1,82.3,0.0
292,1195,1039,1,194.84,0.0
293,1196,1092,1,77.3,0.0
294,1197,1080,1,13.23,0.0
294,1197,1060,3,86.84,0.0
296,1198,1089,2,35.23,0.0
297,1199,1005,1,81.69,0.0
297,1199,1036,1,354.4,0.0
299,1200,1078,1,55.06,0.0
299,1200,1076,1,77.95,0.0
299,1200,1033,1,873.93,0.0
302,1201,1005,1,81.69,0.0
303,1202,1066,3,155.63,0.0
304,1203,1041,2,201.9,0.0
305,1204,1060,3,86.84,0.0
306,1205,1059,1,147.27,0.0
306,1205,1016,1,77.28,0.0
306,1205,1056,1,203.45,0.0
309,1206,1045,1,392.31,0.0
310,1207,1015,1,84.52,0.0
311,1208,1021,1,59.85,0.0
312,1209,1063,2,21.75,0.0
313,1210,1080,3,13.23,0.0
314,1211,1021,1,59.85,0.0
314,1211,1048,1,749.58,0.0
316,1212,1081,2,58.16,0.0
317,1213,1004,3,69.11,0.0
318,1214,1040,1,1029.67,0.0
319,1215,1077,1,28.81,0.0
319,1215,1096,2,20.16,0.0
321,1216,1014,1,67.55,0.0
322,1217,1040,1,1029.67,0.0
323,1218,1081,1,58.16,0.0
324,1219,1068,1,78.07,0.0
325,1220,1070,1,66.74,0.0
326,1221,1004,3,69.11,0.0
327,1222,1022,1,69.13,0.0
328,1223,1022,1,69.13,0.0
328,1223,1053,1,81.38,0.0
328,1223,1016,1,77.28,0.0
331,1224,1095,1,77.08,0.0
331,1224,1017,1,51.27,0.0
331,1224,1022,1,69.13,0.0
334,1225,1051,1,138.75,0.0
335,1226,1016,1,77.28,0.0
336,1227,1078,3,55.06,0.0
337,1228,1032,1,319.94,0.0
338,1229,1010,2,29.41,0.0
338,1229,1026,1,647.46,0.0
340,1230,1050,1,138.13,0.0
341,1231,1056,1,203.45,0.0
342,1232,1020,1,44.34,0.0
342,1232,1024,1,36.24,0.0
344,1233,1003,1,20.69,0.0
345,1234,1040,2,1029.67,0.0
345,1234,1084,1,59.0,0.0
345,1234,1036,1,354.4,0.0
348,1235,1083,1,90.43,0.0
348,1235,1001,1,36.36,0.0
350,1236,1008,2,41.08,0.0
351,1237,1054,1,34.3,0.0
352,1238,1019,3,39.27,0.0
353,1239,1077,1,28.81,0.0
353,1239,1083,1,90.43,0.0
355,1240,1063,1,21.75,0.0
356,1241,1065,1,123.39,0.0
357,1242,1046,1,639.26,0.0
358,1243,1034,1,479.4,0.0
359,1244,1014,1,67.55,0.0
360,1245,1011,1,39.64,0.0
360,1245,1068,1,78.07,0.0
362,1246,1030,1,72.15,0.0
363,1247,1045,1,392.31,0.0
363,1247,1013,3,86.41,0.0
365,1248,1016,1,77.28,0.0
366,1249,1079,2,61.11,0.0
367,1250,1066,1,155.63,0.0
368,1251,1040,1,1029.67,0.0
369,1252,1086,1,91.38,0.0
369,1252,1032,1,319.94,0.0
369,1252,1034,3,479.4,0.0
372,1253,1017,1,51.27,0.0
372,1253,1001,1,36.36,0.0
374,1254,1054,1,34.3,0.0
375,1255,1070,1,66.74,0.0
375,1255,1016,3,77.28,0.0
377,1256,1056,2,203.45,0.0
378,1257,1070,1,66.74,0.0
379,1258,1025,1,66.38,0.0
380,1259,1032,1,319.94,0.0
381,1260,1082,1,52.97,0.0
381,1260,1084,1,59.0,0.0
383,1261,1091,1,55.48,0.0
384,1262,1031,1,244.09,0.0
384,1262,1093,1,62.3,0.0
386,1263,1026,1,647.46,0.0
386,1263,1032,1,319.94,0.0
386,1263,1052,3,150.08,0.0
389,1264,1005,3,81.69,0.0
389,1264,1061,1,156.46,0.0
391,1265,1090,1,42.32,0.0
392,1266,1084,1,59.0,0.0
393,1267,1041,1,201.9,0.0
394,1268,1078,1,55.06,0.0
395,1269,1028,2,520.87,0.0
395,1269,1093,1,62.3,0.0
397,1270,1025,1,66.38,0.0
398,1271,1027,1,504.49,0.0
399,1272,1053,1,81.38,0.0
400,1273,1011,1,39.64,0.0
401,1274,1001,1,36.36,0.0
402,1275,1040,1,1029.67,0.0
403,1276,1020,1,44.34,0.0
404,1277,1033,1,873.93,0.0
405,1278,1063,1,21.75,0.0
406,1279,1067,1,196.26,0.0
406,1279,1057,1,194.48,0.0
406,1279,1045,1,392.31,0.0
409,1280,1030,1,72.15,0.0
410,1281,1055,1,185.41,0.0
411,1282,1040,1,1029.67,0.0
412,1283,1086,1,91.38,0.0
412,1283,1036,2,354.4,0.0
414,1284,1059,1,147.27,0.0
414,1284,1024,1,36.24,0.0
416,1285,1012,1,44.35,0.0
416,1285,1049,1,99.06,0.0
418,1286,1034,1,479.4,0.0
418,1286,1030,1,72.15,0.0
420,1287,1088,3,41.46,0.0
420,1287,1050,1,138.13,0.0
420,1287,1089,1,35.23,0.0
423,1288,1089,1,35.23,0.0
424,1289,1045,3,392.31,0.0
424,1289,1035,1,100.58,0.0
424,1289,1083,1,90.43,0.0
427,1290,1062,1,247.15,0.0
427,1290,1058,1,120.13,0.0
427,1290,1078,1,55.06,0.0
430,1291,1069,1,160.51,0.0
431,1292,1040,1,1029.67,0.0
432,1293,1076,1,77.95,0.0
433,1294,1072,1,156.31,0.0
434,1295,1032,1,319.94,0.0
435,1296,1067,1,196.26,0.0
435,1296,1053,1,81.38,0.0
437,1297,1015,1,84.52,0.0
437,1297,1091,1,55.48,0.0
439,1298,1066,1,155.63,0.0
440,1299,1048,1,749.58,0.0
440,1299,1070,1,66.74,0.0
442,1300,1050,1,138.13,0.0
442,1300,1067,1,196.26,0.0
442,1300,1080,1,13.23,0.0
445,1301,1051,1,138.75,0.0
446,1302,1011,1,39.64,0.0
447,1303,1074,1,39.9,0.0
447,1303,1016,2,77.28,0.0
447,1303,1094,1,85.98,0.0
450,1304,1045,1,392.31,0.0
451,1305,1012,1,44.35,0.0
452,1306,1005,1,81.69,0.0
453,1307,1009,1,69.18,0.0
454,1308,1020,1,44.34,0.0
454,1308,1001,1,36.36,0.0
454,1308,1092,1,77.3,0.0
457,1309,1047,2,76.32,0.0
457,1309,1095,1,77.08,0.0
459,1310,1094,1,85.98,0.0
459,1310,1020,1,44.34,0.0
461,1311,1083,3,90.43,0.0
462,1312,1003,1,20.69,0.0
463,1313,1088,1,41.46,0.0
463,1313,1011,1,39.64,0.0
463,1313,1014,1,67.55,0.0
466,1314,1092,1,77.3,0.0
467,1315,1002,1,67.11,0.0
468,1316,1002,1,67.11,0.0
469,1317,1038,1,1082.55,0.0
469,1317,1002,1,67.11,0.0
471,1318,1049,3,99.06,0.0
471,1318,1065,2,123.39,0.0
473,1319,1090,1,42.32,0.0
473,1319,1084,1,59.0,0.0
475,1320,1002,1,67.11,0.0
475,1320,1096,2,20.16,0.0
477,1321,1015,1,84.52,0.0
477,1321,1006,1,35.72,0.0
477,1321,1068,1,78.07,0.0
480,1322,1017,1,51.27,0.0
480,1322,1006,1,35.72,0.0
482,1323,1071,3,215.5,0.0
483,1324,1025,1,66.38,0.0
484,1325,1095,1,77.08,0.0
485,1326,1039,1,194.84,0.0
486,1327,1037,1,756.71,0.0
486,1327,1025,1,66.38,0.0
488,1328,1068,1,78.07,0.0
489,1329,1074,1,39.9,0.0
490,1330,1027,1,504.49,0.0
491,1331,1050,1,138.13,0.0
492,1332,1056,1,203.45,0.0
493,1333,1040,1,1029.67,0.0
494,1334,1078,1,55.06,0.0
495,1335,1067,1,196.26,0.0
496,1336,1090,1,42.32,0.0
497,1337,1012,1,44.35,0.0
498,1338,1074,1,39.9,0.0
499,1339,1065,2,123.39,0.0
500,1340,1012,1,44.35,0.0
501,1341,1096,1,20.16,0.0
502,1342,1063,2,21.75,0.0
503,1343,1019,2,39.27,0.0
503,1343,1031,3,244.09,0.0
505,1344,1083,1,90.43,0.0
506,1345,1036,2,354.4,0.0
507,1346,1029,1,1060.03,0.0
508,1347,1002,1,67.11,0.0
509,1348,1091,1,55.48,0.0
509,1348,1008,2,41.08,0.0
511,1349,1090,3,42.32,0.0
512,1350,1088,3,41.46,0.0
512,1350,1024,1,36.24,0.0
514,1351,1015,1,84.52,0.0
515,1352,1082,1,52.97,0.0
515,1352,1079,2,61.11,0.0
515,1352,1024,1,36.24,0.0
518,1353,1035,1,100.58,0.0
519,1354,1023,2,32.62,0.0
520,1355,1088,3,41.46,0.0
521,1356,1063,2,21.75,0.0
522,1357,1053,1,81.38,0.0
522,1357,1027,1,504.49,0.0
524,1358,1060,1,86.84,0.0
525,1359,1086,1,91.38,0.0
526,1360,1040,1,1029.67,0.0
527,1361,1050,1,138.13,0.0
528,1362,1076,1,77.95,0.0
528,1362,1089,1,35.23,0.0
528,1362,1095,1,77.08,0.0
531,1363,1045,2,392.31,0.0
532,1364,1039,1,194.84,0.0
532,1364,1093,1,62.3,0.0
534,1365,1056,1,203.45,0.0
535,1366,1003,1,20.69,0.0
535,1366,1045,1,392.31,0.0
537,1367,1004,2,69.11,0.0
537,1367,1044,1,586.31,0.0
539,1368,1011,1,39.64,0.0
540,1369,1002,2,67.11,0.0
541,1370,1039,1,194.84,0.0
541,1370,1010,1,29.41,0.0
543,1371,1034,1,479.4,0.0
544,1372,1095,1,77.08,0.0
545,1373,1086,1,91.38,0.0
546,1374,1071,3,215.5,0.0
546,1374,1038,2,1082.55,0.0
548,1375,1006,1,35.72,0.0
549,1376,1051,3,138.75,0.0
549,1376,1093,1,62.3,0.0
549,1376,1086,1,91.38,0.0
552,1377,1066,1,155.63,0.0
553,1378,1082,3,52.97,0.0
554,1379,1068,1,78.07,0.0
555,1380,1011,1,39.64,0.0
556,1381,1069,1,160.51,0.0
557,1382,1049,1,99.06,0.0
558,1383,1079,1,61.11,0.0
559,1384,1052,1,150.08,0.0
559,1384,1078,1,55.06,0.0
559,1384,1026,1,647.46,0.0
562,1385,1073,1,116.43,0.0
563,1386,1082,1,52.97,0.0
564,1387,1011,2,39.64,0.0
565,1388,1036,1,354.4,0.0
566,1389,1037,1,756.71,0.0
567,1390,1078,1,55.06,0.0
567,1390,1021,1,59.85,0.0
569,1391,1032,2,319.94,0.0
570,1392,1038,1,1082.55,0.0
570,1392,1089,1,35.23,0.0
570,1392,1064,3,227.42,0.0
573,1393,1015,1,84.52,0.0
573,1393,1029,1,1060.03,0.0
573,1393,1046,1,639.26,0.0
576,1394,1011,1,39.64,0.0
576,1394,1083,1,90.43,0.0
576,1394,1087,1,37.24,0.0
579,1395,1042,1,227.11,0.0
580,1396,1012,1,44.35,0.0
581,1397,1076,1,77.95,0.0
582,1398,1080,1,13.23,0.0
582,1398,1053,1,81.38,0.0
582,1398,1022,1,69.13,0.0
585,1399,1089,1,35.23,0.0
585,1399,1076,2,77.95,0.0
587,1400,1029,1,1060.03,0.0
588,1401,1053,1,81.38,0.0
589,1402,1011,1,39.64,0.0
590,1403,1028,1,520.87,0.0
591,1404,1037,1,756.71,0.0
592,1405,1014,1,67.55,0.0
593,1406,1033,2,873.93,0.0
593,1406,1063,1,21.75,0.0
595,1407,1045,1,392.31,0.0
595,1407,1020,1,44.34,0.0
595,1407,1001,1,36.36,0.0
598,1408,1064,1,227.42,0.0
599,1409,1085,3,46.31,0.0
600,1410,1021,2,59.85,0.0
601,1411,1035,1,100.58,0.0
602,1412,1083,1,90.43,0.0
603,1413,1025,1,66.38,0.0
604,1414,1036,3,354.4,0.0
605,1415,1006,1,35.72,0.0
606,1416,1025,1,66.38,0.0
607,1417,1084,1,59.0,0.0
608,1418,1017,1,51.27,0.0
609,1419,1036,2,354.4,0.0
609,1419,1048,1,749.58,0.0
609,1419,1010,1,29.41,0.0
612,1420,1009,2,69.18,0.0
613,1421,1032,3,319.94,0.0
614,1422,1035,3,100.58,0.0
614,1422,1056,1,203.45,0.0
614,1422,1010,1,29.41,0.0
617,1423,1016,1,77.28,0.0
618,1424,1091,1,55.48,0.0
618,1424,1051,2,138.75,0.0
618,1424,1004,2,69.11,0.0
621,1425,1029,1,1060.03,0.0
622,1426,1055,2,185.41,0.0
622,1426,1077,1,28.81,0.0
624,1427,1038,1,1082.55,0.0
624,1427,1015,1,84.52,0.0
626,1428,1092,1,77.3,0.0
627,1429,1092,1,77.3,0.0
628,1430,1079,1,61.11,0.0
629,1431,1085,1,46.31,0.0
629,1431,1009,1,69.18,0.0
631,1432,1002,1,67.11,0.0
632,1433,1058,1,120.13,0.0
633,1434,1026,1,647.46,0.0
633,1434,1033,1,873.93,0.0
635,1435,1028,1,520.87,0.0
636,1436,1091,1,55.48,0.0
637,1437,1069,1,160.51,0.0
638,1438,1078,3,55.06,0.0
639,1439,1015,1,84.52,0.0
640,1440,1009,1,69.18,0.0
641,1441,1058,1,120.13,0.0
642,1442,1072,1,156.31,0.0
642,1442,1012,1,44.35,0.0
644,1443,1065,1,123.39,0.0
645,1444,1061,1,156.46,0.0
645,1444,1065,2,123.39,0.0
645,1444,1037,2,756.71,0.0
648,1445,1076,1,77.95,0.0
649,1446,1017,1,51.27,0.0
650,1447,1060,1,86.84,0.0
651,1448,1009,2,69.18,0.0
652,1449,1043,1,947.82,0.0
653,1450,1034,1,479.4,0.0
654,1451,1062,1,247.15,0.0
655,1452,1058,1,120.13,0.0
656,1453,1091,1,55.48,0.0
656,1453,1022,1,69.13,0.0
656,1453,1073,1,116.43,0.0
659,1454,1060,1,86.84,0.0
660,1455,1007,1,72.27,0.0
660,1455,1012,1,44.35,0.0
662,1456,1066,1,155.63,0.0
663,1457,1090,1,42.32,0.0
664,1458,1009,3,69.18,0.0
665,1459,1007,1,72.27,0.0
665,1459,1088,1,41.46,0.0
667,1460,1003,1,20.69,0.0
668,1461,1085,3,46.31,0.0
669,1462,1031,1,244.09,0.0
670,1463,1044,3,586.31,0.0
671,1464,1029,1,1060.03,0.0
672,1465,1032,1,319.94,0.0
673,1466,1057,3,194.48,0.0
674,1467,1069,3,160.51,0.0
675,1468,1027,1,504.49,0.0
676,1469,1051,3,138.75,0.0
677,1470,1067,3,196.26,0.0
677,1470,1006,1,35.72,0.0
679,1471,1015,3,84.52,0.0
680,1472,1046,1,639.26,0.0
681,1473,1012,1,44.35,0.0
681,1473,1072,1,156.31,0.0
683,1474,1083,1,90.43,0.0
683,1474,1070,1,66.74,0.0
685,1475,1008,2,41.08,0.0
686,1476,1089,2,35.23,0.0
687,1477,1006,1,35.72,0.0
688,1478,1017,2,51.27,0.0
689,1479,1020,1,44.34,0.0
690,1480,1074,1,39.9,0.0
690,1480,1093,1,62.3,0.0
692,1481,1085,1,46.31,0.0
693,1482,1005,1,81.69,0.0
694,1483,1069,2,160.51,0.0
694,1483,1005,1,81.69,0.0
696,1484,1057,1,194.48,0.0
696,1484,1046,1,639.26,0.0
696,1484,1018,1,82.3,0.0
699,1485,1058,1,120.13,0.0
699,1485,1038,1,1082.55,0.0
701,1486,1007,1,72.27,0.0
702,1487,1037,1,756.71,0.0
702,1487,1017,1,51.27,0.0
704,1488,1024,1,36.24,0.0
705,1489,1001,1,36.36,0.0
706,1490,1095,1,77.08,0.0
707,1491,1071,1,215.5,0.0
708,1492,1087,1,37.24,0.0
708,1492,1063,2,21.75,0.0
710,1493,1068,2,78.07,0.0
711,1494,1040,1,1029.67,0.0
711,1494,1063,2,21.75,0.0
711,1494,1093,1,62.3,0.0
714,1495,1071,1,215.5,0.0
715,1496,1086,3,91.38,0.0
715,1496,1064,1,227.42,0.0
717,1497,1042,1,227.11,0.0
718,1498,1090,1,42.32,0.0
719,1499,1081,1,58.16,0.0
720,1500,1012,3,44.35,0.0
720,1500,1035,1,100.58,0.0
722,1501,1021,2,59.85,0.0
723,1502,1069,1,160.51,0.0
724,1503,1057,3,194.48,0.0
724,1503,1027,1,504.49,0.0
726,1504,1015,2,84.52,0.0
726,1504,1070,1,66.74,0.0
728,1505,1044,1,586.31,0.0
729,1506,1062,1,247.15,0.0
730,1507,1022,1,69.13,0.0
731,1508,1049,1,99.06,0.0
732,1509,1088,1,41.46,0.0
733,1510,1059,1,147.27,0.0
734,1511,1071,1,215.5,0.0
735,1512,1072,1,156.31,0.0
736,1513,1035,3,100.58,0.0
736,1513,1006,1,35.72,0.0
738,1514,1047,1,76.32,0.0
739,1515,1032,1,319.94,0.0
739,1515,1046,1,639.26,0.0
741,1516,1084,1,59.0,0.0
741,1516,1054,1,34.3,0.0
743,1517,1051,1,138.75,0.0
743,1517,1093,3,62.3,0.0
745,1518,1033,1,873.93,0.0
746,1519,1066,1,155.63,0.0
747,1520,1054,1,34.3,0.0
748,1521,1042,1,227.11,0.0
749,1522,1060,2,86.84,0.0
750,1523,1076,1,77.95,0.0
751,1524,1047,1,76.32,0.0
751,1524,1061,1,156.46,0.0
753,1525,1028,1,520.87,0.0
754,1526,1050,3,138.13,0.0
754,1526,1044,1,586.31,0.0
754,1526,1051,1,138.75,0.0
757,1527,1054,1,34.3,0.0
757,1527,1059,1,147.27,0.0
759,1528,1036,1,354.4,0.0
760,1529,1066,1,155.63,0.0
761,1530,1090,1,42.32,0.0
762,1531,1017,1,51.27,0.0
763,1532,1058,1,120.13,0.0
763,1532,1072,1,156.31,0.0
765,1533,1008,1,41.08,0.0
765,1533,1094,1,85.98,0.0
767,1534,1025,3,66.38,0.0
768,1535,1042,3,227.11,0.0
769,1536,1010,1,29.41,0.0
769,1536,1017,1,51.27,0.0
769,1536,1037,1,756.71,0.0
772,1537,1067,1,196.26,0.0
773,1538,1089,1,35.23,0.0
774,1539,1051,1,138.75,0.0
775,1540,1022,1,69.13,0.0
776,1541,1024,1,36.24,0.0
777,1542,1019,1,39.27,0.0
778,1543,1005,1,81.69,0.0
779,1544,1062,1,247.15,0.0
779,1544,1015,1,84.52,0.0
781,1545,1053,1,81.38,0.0
781,1545,1034,3,479.4,0.0
783,1546,1049,1,99.06,0.0
783,1546,1092,1,77.3,0.0
783,1546,1036,1,354.4,0.0
786,1547,1026,1,647.46,0.0
787,1548,1006,1,35.72,0.0
787,1548,1004,3,69.11,0.0
787,1548,1062,3,247.15,0.0
790,1549,1077,1,28.81,0.0
790,1549,1003,1,20.69,0.0
792,1550,1018,1,82.3,0.0
793,1551,1062,1,247.15,0.0
794,1552,1055,3,185.41,0.0
795,1553,1079,2,61.11,0.0
795,1553,1044,1,586.31,0.0
795,1553,1016,2,77.28,0.0
798,1554,1062,1,247.15,0.0
799,1555,1028,3,520.87,0.0
800,1556,1029,1,1060.03,0.0
801,1557,1069,1,160.51,0.0
802,1558,1016,1,77.28,0.0
803,1559,1019,2,39.27,0.0
804,1560,1013,1,86.41,0.0
805,1561,1063,1,21.75,0.0
805,1561,1061,1,156.46,0.0
807,1562,1083,3,90.43,0.0
808,1563,1042,1,227.11,0.0
809,1564,1087,1,37.24,0.0
810,1565,1067,1,196.26,0.0
811,1566,1046,1,639.26,0.0
812,1567,1014,2,67.55,0.0
812,1567,1049,1,99.06,0.0
814,1568,1003,1,20.69,0.0
815,1569,1032,2,319.94,0.0
816,1570,1090,1,42.32,0.0
817,1571,1084,2,59.0,0.0
818,1572,1061,1,156.46,0.0
819,1573,1051,1,138.75,0.0
820,1574,1093,1,62.3,0.0
821,1575,1083,3,90.43,0.0
822,1576,1002,1,67.11,0.0
822,1576,1095,2,77.08,0.0
824,1577,1015,1,84.52,0.0
825,1578,1043,1,947.82,0.0
826,1579,1064,1,227.42,0.0
827,1580,1032,1,319.94,0.0
828,1581,1084,1,59.0,0.0
829,1582,1065,3,123.39,0.0
830,1583,1051,3,138.75,0.0
830,1583,1014,2,67.55,0.0
832,1584,1076,1,77.95,0.0
833,1585,1029,1,1060.03,0.0
834,1586,1001,1,36.36,0.0
835,1587,1053,1,81.38,0.0
836,1588,1087,1,37.24,0.0
837,1589,1054,1,34.3,0.0
838,1590,1033,1,873.93,0.0
839,1591,1033,1,873.93,0.0
840,1592,1033,3,873.93,0.0
840,1592,1074,1,39.9,0.0
842,1593,1073,1,116.43,0.0
842,1593,1056,1,203.45,0.0
842,1593,1077,1,28.81,0.0
845,1594,1096,3,20.16,0.0
845,1594,1087,1,37.24,0.0
847,1595,1061,3,156.46,0.0
848,1596,1059,3,147.27,0.0
849,1597,1004,1,69.11,0.0
849,1597,1094,1,85.98,0.0
851,1598,1062,1,247.15,0.0
852,1599,1040,1,1029.67,0.0
853,1600,1013,1,86.41,0.0
854,1601,1021,1,59.85,0.0
855,1602,1041,2,201.9,0.0
856,1603,1016,1,77.28,0.0
857,1604,1024,1,36.24,0.0
858,1605,1056,1,203.45,0.0
859,1606,1084,1,59.0,0.0
860,1607,1063,1,21.75,0.0
861,1608,1001,1,36.36,0.0
861,1608,1096,2,20.16,0.0
863,1609,1026,1,647.46,0.0
863,1609,1077,1,28.81,0.0
865,1610,1063,1,21.75,0.0
866,1611,1032,1,319.94,0.0
866,1611,1039,1,194.84,0.0
866,1611,1084,3,59.0,0.0
869,1612,1081,1,58.16,0.0
869,1612,1010,1,29.41,0.0
869,1612,1092,2,77.3,0.0
872,1613,1067,1,196.26,0.0
873,1614,1089,1,35.23,0.0
874,1615,1008,1,41.08,0.0
875,1616,1022,1,69.13,0.0
875,1616,1071,1,215.5,0.0
877,1617,1003,3,20.69,0.0
878,1618,1037,3,756.71,0.0
879,1619,1016,1,77.28,0.0
880,1620,1042,1,227.11,0.0
881,1621,1034,3,479.4,0.0
881,1621,1026,1,647.46,0.0
883,1622,1002,1,67.11,0.0
884,1623,1061,1,156.46,0.0
885,1624,1087,1,37.24,0.0
886,1625,1023,3,32.62,0.0
887,1626,1035,1,100.58,0.0
887,1626,1083,1,90.43,0.0
887,1626,1058,1,120.13,0.0
890,1627,1029,1,1060.03,0.0
891,1628,1022,1,69.13,0.0
892,1629,1079,1,61.11,0.0
892,1629,1065,2,123.39,0.0
894,1630,1050,1,138.13,0.0
894,1630,1012,1,44.35,0.0
896,1631,1002,1,67.11,0.0
897,1632,1041,1,201.9,0.0
898,1633,1087,1,37.24,0.0
899,1634,1029,1,1060.03,0.0
900,1635,1001,1,36.36,0.0
901,1636,1020,1,44.34,0.0
901,1636,1092,3,77.3,0.0
901,1636,1028,1,520.87,0.0
904,1637,1028,1,520.87,0.0
905,1638,1077,1,28.81,0.0
905,1638,1032,1,319.94,0.0
907,1639,1090,1,42.32,0.0
908,1640,1030,1,72.15,0.0
909,1641,1082,1,52.97,0.0
909,1641,1043,1,947.82,0.0
911,1642,1004,1,69.11,0.0
912,1643,1070,1,66.74,0.0
913,1644,1081,1,58.16,0.0
914,1645,1038,1,1082.55,0.0
915,1646,1073,1,116.43,0.0
915,1646,1021,1,59.85,0.0
917,1647,1092,1,77.3,0.0
918,1648,1092,1,77.3,0.0
919,1649,1032,1,319.94,0.0
920,1650,1030,1,72.15,0.0
921,1651,1005,1,81.69,0.0
922,1652,1084,1,59.0,0.0
923,1653,1065,1,123.39,0.0
924,1654,1075,1,96.79,0.0
924,1654,1050,1,138.13,0.0
926,1655,1091,1,55.48,0.0
927,1656,1055,1,185.41,0.0
928,1657,1010,1,29.41,0.0
929,1658,1085,1,46.31,0.0
930,1659,1073,1,116.43,0.0
930,1659,1010,1,29.41,0.0
932,1660,1084,1,59.0,0.0
933,1661,1049,2,99.06,0.0
934,1662,1092,1,77.3,0.0
934,1662,1047,1,76.32,0.0
934,1662,1025,1,66.38,0.0
937,1663,1081,1,58.16,0.0
938,1664,1089,1,35.23,0.0
939,1665,1048,1,749.58,0.0
939,1665,1012,1,44.35,0.0
941,1666,1084,1,59.0,0.0
941,1666,1074,1,39.9,0.0
941,1666,1011,1,39.64,0.0
944,1667,1033,1,873.93,0.0
944,1667,1022,1,69.13,0.0
944,1667,1081,3,58.16,0.0
947,1668,1080,1,13.23,0.0
948,1669,1047,3,76.32,0.0
948,1669,1073,1,116.43,0.0
950,1670,1055,1,185.41,0.0
950,1670,1067,1,196.26,0.0
950,1670,1054,3,34.3,0.0
953,1671,1091,1,55.48,0.0
953,1671,1006,1,35.72,0.0
955,1672,1062,1,247.15,0.0
956,1673,1018,1,82.3,0.0
957,1674,1038,1,1082.55,0.0
958,1675,1010,1,29.41,0.0
958,1675,1061,2,156.46,0.0
960,1676,1083,1,90.43,0.0
961,1677,1053,1,81.38,0.0
961,1677,1071,3,215.5,0.0
961,1677,1054,1,34.3,0.0
964,1678,1012,1,44.35,0.0
965,1679,1033,1,873.93,0.0
965,1679,1014,1,67.55,0.0
965,1679,1057,1,194.48,0.0
968,1680,1014,1,67.55,0.0
969,1681,1096,1,20.16,0.0
969,1681,1049,1,99.06,0.0
971,1682,1095,1,77.08,0.0
972,1683,1043,1,947.82,0.0
973,1684,1061,2,156.46,0.0
974,1685,1042,1,227.11,0.0
974,1685,1033,1,873.93,0.0
974,1685,1045,1,392.31,0.0
977,1686,1071,1,215.5,0.0
978,1687,1091,1,55.48,0.0
979,1688,1003,1,20.69,0.0
980,1689,1041,1,201.9,0.0
981,1690,1007,1,72.27,0.0
981,1690,1065,1,123.39,0.0
981,1690,1074,1,39.9,0.0
984,1691,1074,3,39.9,0.0
985,1692,1037,1,756.71,0.0
986,1693,1044,2,586.31,0.0
987,1694,1067,1,196.26,0.0
988,1695,1025,1,66.38,0.0
989,1696,1019,3,39.27,0.0
990,1697,1022,1,69.13,0.0
991,1698,1030,3,72.15,0.0
992,1699,1069,1,160.51,0.0
992,1699,1023,1,32.62,0.0
992,1699,1092,1,77.3,0.0
995,1700,1077,1,28.81,0.0
996,1701,1043,1,947.82,0.0
997,1702,1012,1,44.35,0.0
997,1702,1024,1,36.24,0.0
999,1703,1039,1,194.84,0.0
999,1703,1038,1,1082.55,0.0
1001,1704,1085,2,46.31,0.0
1002,1705,1040,1,1029.67,0.0
1003,1706,1050,1,138.13,0.0
1004,1707,1058,1,120.13,0.0
1005,1708,1022,1,69.13,0.0
1006,1709,1011,1,39.64,0.0
1007,1710,1051,1,138.75,0.0
1008,1711,1057,1,194.48,0.0
1009,1712,1050,1,138.13,0.0
1010,1713,1002,2,67.11,0.0
1010,1713,1076,2,77.95,0.0
1010,1713,1071,1,215.5,0.0
1013,1714,1093,1,62.3,0.0
1013,1714,1079,1,61.11,0.0
1015,1715,1093,1,62.3,0.0
1015,1715,1066,1,155.63,0.0
1017,1716,1007,1,72.27,0.0
1017,1716,1051,1,138.75,0.0
1019,1717,1091,3,55.48,0.0
1020,1718,1037,3,756.71,0.0
1020,1718,1056,1,203.45,0.0
1020,1718,1024,1,36.24,0.0
1023,1719,1050,1,138.13,0.0
1023,1719,1093,2,62.3,0.0
1025,1720,1085,1,46.31,0.0
1025,1720,1012,1,44.35,0.0
1025,1720,1045,1,392.31,0.0
1028,1721,1049,1,99.06,0.0
1028,1721,1047,1,76.32,0.0
1030,1722,1078,1,55.06,0.0
1031,1723,1050,2,138.13,0.0
1031,1723,1095,1,77.08,0.0
1033,1724,1002,1,67.11,0.0
1033,1724,1066,1,155.63,0.0
1033,1724,1053,1,81.38,0.0
1036,1725,1051,1,138.75,0.0
1037,1726,1082,2,52.97,0.0
1037,1726,1058,3,120.13,0.0
1039,1727,1070,3,66.74,0.0
1040,1728,1049,3,99.06,0.0
1041,1729,1095,3,77.08,0.0
1041,1729,1047,1,76.32,0.0
1041,1729,1010,1,29.41,0.0
1044,1730,1009,3,69.18,0.0
1045,1731,1048,1,749.58,0.0
1046,1732,1090,1,42.32,0.0
1047,1733,1006,1,35.72,0.0
1048,1734,1048,3,749.58,0.0
1049,1735,1030,1,72.15,0.0
1050,1736,1011,1,39.64,0.0
1051,1737,1012,1,44.35,0.0
1052,1738,1043,1,947.82,0.0
1052,1738,1077,1,28.81,0.0
1054,1739,1061,1,156.46,0.0
1054,1739,1078,1,55.06,0.0
1054,1739,1078,1,55.06,0.0
1057,1740,1091,3,55.48,0.0
1058,1741,1057,2,194.48,0.0
1059,1742,1039,1,194.84,0.0
1059,1742,1042,1,227.11,0.0
1059,1742,1011,1,39.64,0.0
1062,1743,1032,1,319.94,0.0
1062,1743,1093,3,62.3,0.0
1064,1744,1051,1,138.75,0.0
1065,1745,1008,1,41.08,0.0
1066,1746,1093,1,62.3,0.0
1067,1747,1003,1,20.69,0.0
1068,1748,1069,1,160.51,0.0
1068,1748,1015,1,84.52,0.0
1070,1749,1051,1,138.75,0.0
1071,1750,1055,1,185.41,0.0
1071,1750,1096,1,20.16,0.0
1073,1751,1038,1,1082.55,0.0
1074,1752,1093,1,62.3,0.0
1075,1753,1054,3,34.3,0.0
1075,1753,1069,1,160.51,0.0
1075,1753,1045,1,392.31,0.0
1078,1754,1049,1,99.06,0.0
1079,1755,1085,1,46.31,0.0
1079,1755,1050,2,138.13,0.0
1081,1756,1013,2,86.41,0.0
1082,1757,1045,1,392.31,0.0
1082,1757,1006,1,35.72,0.0
1084,1758,1026,1,647.46,0.0
1084,1758,1075,1,96.79,0.0
1086,1759,1025,3,66.38,0.0
1086,1759,1025,1,66.38,0.0
1086,1759,1043,1,947.82,0.0
1089,1760,1039,1,194.84,0.0
1089,1760,1006,1,35.72,0.0
1091,1761,1015,1,84.52,0.0
1092,1762,1055,1,185.41,0.0
1093,1763,1039,1,194.84,0.0
1094,1764,1069,1,160.51,0.0
1095,1765,1016,3,77.28,0.0
1095,1765,1009,1,69.18,0.0
1097,1766,1063,1,21.75,0.0
1098,1767,1057,1,194.48,0.0
1099,1768,1085,1,46.31,0.0
1100,1769,1045,1,392.31,0.0
1101,1770,1091,3,55.48,0.0
1101,1770,1056,1,203.45,0.0
1103,1771,1080,3,13.23,0.0
1104,1772,1024,3,36.24,0.0
1105,1773,1006,1,35.72,0.0
1106,1774,1015,1,84.52,0.0
1106,1774,1087,1,37.24,0.0
1108,1775,1096,1,20.16,0.0
1109,1776,1074,1,39.9,0.0
1110,1777,1076,1,77.95,0.0
1110,1777,1019,1,39.27,0.0
1112,1778,1083,1,90.43,0.0
1113,1779,1068,1,78.07,0.0
1114,1780,1007,1,72.27,0.0
1115,1781,1010,1,29.41,0.0
1115,1781,1064,1,227.42,0.0
1117,1782,1017,1,51.27,0.0
1118,1783,1013,1,86.41,0.0
1119,1784,1036,1,354.4,0.0
1120,1785,1041,1,201.9,0.0
1121,1786,1029,1,1060.03,0.0
1122,1787,1063,1,21.75,0.0
1123,1788,1066,2,155.63,0.0
1124,1789,1032,1,319.94,0.0
1125,1790,1013,1,86.41,0.0
1126,1791,1040,1,1029.67,0.0
1127,1792,1049,3,99.06,0.0
1128,1793,1011,3,39.64,0.0
1129,1794,1086,1,91.38,0.0
1130,1795,1041,1,201.9,0.0
1131,1796,1020,1,44.34,0.0
1132,1797,1010,1,29.41,0.0
1133,1798,1059,1,147.27,0.0
1134,1799,1035,1,100.58,0.0
1135,1800,1074,1,39.9,0.0
1135,1800,1089,1,35.23,0.0
1135,1800,1019,1,39.27,0.0
1138,1801,1068,1,78.07,0.0
1139,1802,1062,1,247.15,0.0
1140,1803,1034,1,479.4,0.0
1141,1804,1031,1,244.09,0.0
1142,1805,1053,1,81.38,0.0
1143,1806,1020,1,44.34,0.0
1144,1807,1063,1,21.75,0.0
1145,1808,1091,1,55.48,0.0
1145,1808,1076,3,77.95,0.0
1147,1809,1030,1,72.15,0.0
1147,1809,1074,1,39.9,0.0
1149,1810,1043,1,947.82,0.0
1150,1811,1054,1,34.3,0.0
1151,1812,1017,1,51.27,0.0
1152,1813,1041,1,201.9,0.0
1153,1814,1039,1,194.84,0.0
1154,1815,1047,1,76.32,0.0
1155,1816,1037,2,756.71,0.0
1156,1817,1032,1,319.94,0.0
1157,1818,1026,3,647.46,0.0
1158,1819,1071,3,215.5,0.0
1159,1820,1053,1,81.38,0.0
1160,1821,1087,1,37.24,0.0
1161,1822,1005,1,81.69,0.0
1162,1823,1068,1,78.07,0.0
1163,1824,1090,1,42.32,0.0
1164,1825,1026,1,647.46,0.0
1164,1825,1058,1,120.13,0.0
1166,1826,1001,1,36.36,0.0
1167,1827,1039,1,194.84,0.0
1168,1828,1020,1,44.34,0.0
1169,1829,1033,3,873.93,0.0
1169,1829,1014,1,67.55,0.0
1171,1830,1058,2,120.13,0.0
1172,1831,1085,1,46.31,0.0
1173,1832,1039,1,194.84,0.0
1173,1832,1063,1,21.75,0.0
1175,1833,1062,1,247.15,0.0
1176,1834,1067,1,196.26,0.0
1177,1835,1039,1,194.84,0.0
1178,1836,1030,1,72.15,0.0
1178,1836,1047,3,76.32,0.0
1178,1836,1043,1,947.82,0.0
1181,1837,1068,2,78.07,0.0
1182,1838,1025,1,66.38,0.0
1183,1839,1069,1,160.51,0.0
1184,1840,1083,2,90.43,0.0
1185,1841,1068,1,78.07,0.0
1185,1841,1010,1,29.41,0.0
1187,1842,1061,1,156.46,0.0
1188,1843,1052,3,150.08,0.0
1189,1844,1063,3,21.75,0.0
1190,1845,1023,1,32.62,0.0
1190,1845,1035,1,100.58,0.0
1192,1846,1008,3,41.08,0.0
1192,1846,1089,1,35.23,0.0
1194,1847,1095,1,77.08,0.0
1195,1848,1048,1,749.58,0.0
1196,1849,1023,3,32.62,0.0
1197,1850,1059,1,147.27,0.0
1198,1851,1013,1,86.41,0.0
1198,1851,1026,1,647.46,0.0
1198,1851,1056,1,203.45,0.0
1201,1852,1079,1,61.11,0.0
1201,1852,1014,1,67.55,0.0
1203,1853,1025,3,66.38,0.0
1204,1854,1084,1,59.0,0.0
1205,1855,1075,1,96.79,0.0
1206,1856,1033,1,873.93,0.0
1207,1857,1086,1,91.38,0.0
1207,1857,1022,1,69.13,0.0
1207,1857,1028,1,520.87,0.0
1210,1858,1033,1,873.93,0.0
1210,1858,1064,1,227.42,0.0
1210,1858,1009,3,69.18,0.0
1213,1859,1094,1,85.98,0.0
1214,1860,1010,1,29.41,0.0
1214,1860,1039,1,194.84,0.0
1216,1861,1006,1,35.72,0.0
1217,1862,1070,1,66.74,0.0
1218,1863,1026,1,647.46,0.0
1219,1864,1018,1,82.3,0.0
1219,1864,1076,1,77.95,0.0
1219,1864,1026,3,647.46,0.0
1222,1865,1027,1,504.49,0.0
1222,1865,1081,1,58.16,0.0
1222,1865,1090,3,42.32,0.0
1225,1866,1006,2,35.72,0.0
1226,1867,1047,1,76.32,0.0
1227,1868,1043,1,947.82,0.0
1228,1869,1029,1,1060.03,0.0
1228,1869,1025,1,66.38,0.0
1228,1869,1055,1,185.41,0.0
1231,1870,1043,1,947.82,0.0
1232,1871,1019,1,39.27,0.0
1232,1871,1078,1,55.06,0.0
1234,1872,1078,1,55.06,0.0
1235,1873,1013,2,86.41,0.0
1236,1874,1053,3,81.38,0.0
1236,1874,1038,1,1082.55,0.0
1238,1875,1019,1,39.27,0.0
1239,1876,1042,1,227.11,0.0
1239,1876,1056,2,203.45,0.0
1241,1877,1064,2,227.42,0.0
1241,1877,1011,1,39.64,0.0
1243,1878,1039,1,194.84,0.0
1243,1878,1024,1,36.24,0.0
1245,1879,1082,1,52.97,0.0
1245,1879,1091,1,55.48,0.0
1245,1879,1055,1,185.41,0.0
1248,1880,1028,1,520.87,0.0
1248,1880,1068,1,78.07,0.0
1248,1880,1027,1,504.49,0.0
1251,1881,1072,1,156.31,0.0
1252,1882,1053,1,81.38,0.0
1252,1882,1096,1,20.16,0.0
1254,1883,1070,1,66.74,0.0
1254,1883,1019,3,39.27,0.0
1254,1883,1034,2,479.4,0.0
1257,1884,1018,1,82.3,0.0
1257,1884,1034,1,479.4,0.0
1259,1885,1083,3,90.43,0.0
1259,1885,1042,3,227.11,0.0
1261,1886,1068,1,78.07,0.0
1261,1886,1007,1,72.27,0.0
1263,1887,1069,3,160.51,0.0
1263,1887,1061,1,156.46,0.0
1263,1887,1082,1,52.97,0.0
1266,1888,1096,1,20.16,0.0
1266,1888,1074,1,39.9,0.0
1268,1889,1060,1,86.84,0.0
1268,1889,1050,1,138.13,0.0
1270,1890,1014,1,67.55,0.0
1271,1891,1026,3,647.46,0.0
1272,1892,1028,1,520.87,0.0
1273,1893,1010,3,29.41,0.0
1274,1894,1017,1,51.27,0.0
1275,1895,1071,1,215.5,0.0
1276,1896,1030,1,72.15,0.0
1277,1897,1088,1,41.46,0.0
1278,1898,1006,1,35.72,0.0
1279,1899,1026,1,647.46,0.0
1280,1900,1081,1,58.16,0.0
1281,1901,1055,1,185.41,0.0
1281,1901,1057,1,194.48,0.0
1283,1902,1050,1,138.13,0.0
1283,1902,1055,1,185.41,0.0
1285,1903,1050,3,138.13,0.0
1286,1904,1063,1,21.75,0.0
1287,1905,1046,1,639.26,0.0
1288,1906,1062,1,247.15,0.0
1289,1907,1035,1,100.58,0.0
1289,1907,1061,3,156.46,0.0
1291,1908,1074,1,39.9,0.0
1292,1909,1013,1,86.41,0.0
1293,1910,1062,2,247.15,0.0
1294,1911,1069,2,160.51,0.0
1295,1912,1015,2,84.52,0.0
1296,1913,1025,1,66.38,0.0
1296,1913,1059,1,147.27,0.0
1298,1914,1046,1,639.26,0.0
1298,1914,1079,1,61.11,0.0
1300,1915,1027,1,504.49,0.0
1301,1916,1089,1,35.23,0.0
1301,1916,1086,1,91.38,0.0
1301,1916,1082,1,52.97,0.0
1304,1917,1029,1,1060.03,0.0
1305,1918,1087,1,37.24,0.0
1306,1919,1002,1,67.11,0.0
1307,1920,1083,1,90.43,0.0
1308,1921,1070,1,66.74,0.0
1309,1922,1051,1,138.75,0.0
1310,1923,1083,1,90.43,0.0
1311,1924,1014,1,67.55,0.0
1312,1925,1096,1,20.16,0.0
1313,1926,1059,1,147.27,0.0
1313,1926,1004,1,69.11,0.0
1313,1926,1029,1,1060.03,0.0
1316,1927,1041,3,201.9,0.0
1316,1927,1045,1,392.31,0.0
1318,1928,1015,1,84.52,0.0
1318,1928,1004,2,69.11,0.0
1320,1929,1004,1,69.11,0.0
1321,1930,1068,1,78.07,0.0
1322,1931,1065,1,123.39,0.0
1322,1931,1072,3,156.31,0.0
1324,1932,1022,2,69.13,0.0
1324,1932,1075,1,96.79,0.0
1326,1933,1013,1,86.41,0.0
1326,1933,1006,1,35.72,0.0
1328,1934,1094,1,85.98,0.0
1328,1934,1056,1,203.45,0.0
1328,1934,1018,1,82.3,0.0
1331,1935,1020,3,44.34,0.0
1331,1935,1040,1,1029.67,0.0
1333,1936,1069,1,160.51,0.0
1334,1937,1016,3,77.28,0.0
1335,1938,1052,2,150.08,0.0
1335,1938,1023,1,32.62,0.0
1337,1939,1057,1,194.48,0.0
1338,1940,1048,1,749.58,0.0
1339,1941,1084,2,59.0,0.0
1340,1942,1010,1,29.41,0.0
1341,1943,1065,1,123.39,0.0
1342,1944,1073,1,116.43,0.0
1343,1945,1002,1,67.11,0.0
1344,1946,1081,1,58.16,0.0
1345,1947,1079,1,61.11,0.0
1345,1947,1002,1,67.11,0.0
1347,1948,1063,1,21.75,0.0
1348,1949,1087,3,37.24,0.0
1349,1950,1005,2,81.69,0.0
1349,1950,1029,1,1060.03,0.0
1349,1950,1059,1,147.27,0.0
1352,1951,1054,1,34.3,0.0
1352,1951,1085,1,46.31,0.0
1352,1951,1071,1,215.5,0.0
1355,1952,1024,1,36.24,0.0
1356,1953,1065,2,123.39,0.0
1357,1954,1027,1,504.49,0.0
1358,1955,1049,1,99.06,0.0
1359,1956,1026,1,647.46,0.0
1359,1956,1012,1,44.35,0.0
1361,1957,1019,3,39.27,0.0
1361,1957,1041,1,201.9,0.0
1363,1958,1086,1,91.38,0.0
1364,1959,1072,1,156.31,0.0
1364,1959,1089,1,35.23,0.0
1366,1960,1082,3,52.97,0.0
1367,1961,1092,1,77.3,0.0
1368,1962,1063,1,21.75,0.0
1369,1963,1055,1,185.41,0.0
1370,1964,1048,1,749.58,0.0
1370,1964,1013,1,86.41,0.0
1372,1965,1007,1,72.27,0.0
1373,1966,1057,1,194.48,0.0
1374,1967,1008,1,41.08,0.0
1375,1968,1058,1,120.13,0.0
1376,1969,1085,1,46.31,0.0
1377,1970,1043,1,947.82,0.0
1378,1971,1085,1,46.31,0.0
1378,1971,1023,2,32.62,0.0
1380,1972,1080,1,13.23,0.0
1380,1972,1031,2,244.09,0.0
1382,1973,1041,1,201.9,0.0
1383,1974,1014,3,67.55,0.0
1384,1975,1017,1,51.27,0.0
1385,1976,1024,1,36.24,0.0
1385,1976,1087,1,37.24,0.0
1387,1977,1094,1,85.98,0.0
1388,1978,1029,1,1060.03,0.0
1389,1979,1073,1,116.43,0.0
1390,1980,1089,3,35.23,0.0
1391,1981,1051,1,138.75,0.0
1391,1981,1092,1,77.3,0.0
1391,1981,1094,1,85.98,0.0
1394,1982,1056,1,203.45,0.0
1395,1983,1024,1,36.24,0.0
1395,1983,1081,1,58.16,0.0
1397,1984,1026,3,647.46,0.0
1397,1984,1033,1,873.93,0.0
1399,1985,1087,1,37.24,0.0
1400,1986,1039,3,194.84,0.0
1401,1987,1010,1,29.41,0.0
1402,1988,1037,1,756.71,0.0
1403,1989,1032,1,319.94,0.0
1404,1990,1062,1,247.15,0.0
1405,1991,1042,1,227.11,0.0
1406,1992,1087,1,37.24,0.0
1406,1992,1021,1,59.85,0.0
1406,1992,1046,1,639.26,0.0
1409,1993,1086,1,91.38,0.0
1410,1994,1065,1,123.39,0.0
1410,1994,1091,1,55.48,0.0
1412,1995,1092,1,77.3,0.0
1412,1995,1037,1,756.71,0.0
1414,1996,1020,1,44.34,0.0
1414,1996,1008,1,41.08,0.0
1416,1997,1078,1,55.06,0.0
1416,1997,1092,1,77.3,0.0
1418,1998,1004,1,69.11,0.0
1418,1998,1050,1,138.13,0.0
1420,1999,1001,1,36.36,0.0
1420,1999,1092,1,77.3,0.0
1422,2000,1081,1,58.16,0.0
1423,2001,1082,3,52.97,0.0
1424,2002,1050,1,138.13,0.0
1425,2003,1005,2,81.69,0.0
1426,2004,1092,2,77.3,0.0
1427,2005,1006,1,35.72,0.0
1427,2005,1020,1,44.34,0.0
1429,2006,1014,1,67.55,0.0
1430,2007,1055,1,185.41,0.0
1431,2008,1001,2,36.36,0.0
1432,2009,1017,1,51.27,0.0
1433,2010,1046,1,639.26,0.0
1433,2010,1004,1,69.11,0.0
1433,2010,1059,1,147.27,0.0
1436,2011,1035,1,100.58,0.0
1437,2012,1023,1,32.62,0.0
1437,2012,1077,1,28.81,0.0
1439,2013,1090,1,42.32,0.0
1440,2014,1059,1,147.27,0.0
1441,2015,1050,1,138.13,0.0
1441,2015,1030,1,72.15,0.0
1441,2015,1096,1,20.16,0.0
1444,2016,1004,1,69.11,0.0
1444,2016,1048,1,749.58,0.0
1446,2017,1090,1,42.32,0.0
1446,2017,1016,1,77.28,0.0
1448,2018,1063,1,21.75,0.0
1449,2019,1003,1,20.69,0.0
1450,2020,1075,1,96.79,0.0
1451,2021,1049,1,99.06,0.0
1452,2022,1030,1,72.15,0.0
1452,2022,1069,1,160.51,0.0
1452,2022,1077,1,28.81,0.0
1455,2023,1025,1,66.38,0.0
1455,2023,1065,1,123.39,0.0
1457,2024,1021,2,59.85,0.0
1457,2024,1003,3,20.69,0.0
1459,2025,1062,1,247.15,0.0
1460,2026,1064,1,227.42,0.0
1461,2027,1067,1,196.26,0.0
1461,2027,1069,1,160.51,0.0
1461,2027,1017,1,51.27,0.0
1464,2028,1058,1,120.13,0.0
1464,2028,1027,1,504.49,0.0
1464,2028,1057,1,194.48,0.0
1467,2029,1060,2,86.84,0.0
1468,2030,1061,1,156.46,0.0
1469,2031,1096,1,20.16,0.0
1470,2032,1073,1,116.43,0.0
1471,2033,1057,1,194.48,0.0
1471,2033,1085,1,46.31,0.0
1473,2034,1082,1,52.97,0.0
1473,2034,1057,1,194.48,0.0
1473,2034,1038,1,1082.55,0.0
1476,2035,1014,1,67.55,0.0
1477,2036,1013,1,86.41,0.0
1478,2037,1080,1,13.23,0.0
1479,2038,1067,1,196.26,0.0
1479,2038,1060,1,86.84,0.0
1481,2039,1029,1,1060.03,0.0
1482,2040,1024,1,36.24,0.0
1483,2041,1026,3,647.46,0.0
1484,2042,1078,1,55.06,0.0
1485,2043,1005,1,81.69,0.0
1485,2043,1046,1,639.26,0.0
1487,2044,1008,3,41.08,0.0
1487,2044,1021,3,59.85,0.0
1489,2045,1061,1,156.46,0.0
1490,2046,1036,1,354.4,0.0
1490,2046,1018,1,82.3,0.0
1490,2046,1062,1,247.15,0.0
1493,2047,1049,1,99.06,0.0
1493,2047,1035,1,100.58,0.0
1495,2048,1087,1,37.24,0.0
1496,2049,1018,1,82.3,0.0
1497,2050,1048,2,749.58,0.0
1497,2050,1060,1,86.84,0.0
1499,2051,1029,1,1060.03,0.0
1499,2051,1001,3,36.36,0.0
1501,2052,1025,1,66.38,0.0
1502,2053,1065,1,123.39,0.0
1503,2054,1033,1,873.93,0.0
1503,2054,1076,2,77.95,0.0
1505,2055,1091,1,55.48,0.0
1506,2056,1034,1,479.4,0.0
1507,2057,1001,1,36.36,0.0
1507,2057,1070,3,66.74,0.0
1509,2058,1046,2,639.26,0.0
1509,2058,1012,1,44.35,0.0
1511,2059,1026,1,647.46,0.0
1512,2060,1019,1,39.27,0.0
1512,2060,1094,1,85.98,0.0
1514,2061,1016,1,77.28,0.0
1515,2062,1063,1,21.75,0.0
1516,2063,1036,1,354.4,0.0
1517,2064,1042,1,227.11,0.0
1518,2065,1033,1,873.93,0.0
1519,2066,1052,1,150.08,0.0
1520,2067,1022,1,69.13,0.0
1521,2068,1004,2,69.11,0.0
1522,2069,1016,1,77.28,0.0
1522,2069,1071,1,215.5,0.0
1524,2070,1067,2,196.26,0.0
1525,2071,1062,2,247.15,0.0
1525,2071,1017,1,51.27,0.0
1525,2071,1013,1,86.41,0.0
1528,2072,1079,1,61.11,0.0
1529,2073,1046,1,639.26,0.0
1530,2074,1046,1,639.26,0.0
1530,2074,1071,1,215.5,0.0
1532,2075,1038,1,1082.55,0.0
1532,2075,1046,1,639.26,0.0
1532,2075,1051,1,138.75,0.0
1535,2076,1069,1,160.51,0.0
1536,2077,1080,1,13.23,0.0
1537,2078,1010,3,29.41,0.0
1537,2078,1047,1,76.32,0.0
1539,2079,1018,1,82.3,0.0
1539,2079,1055,1,185.41,0.0
1539,2079,1059,3,147.27,0.0
1542,2080,1032,2,319.94,0.0
1543,2081,1036,1,354.4,0.0
1544,2082,1039,1,194.84,0.0
1545,2083,1078,1,55.06,0.0
1546,2084,1092,1,77.3,0.0
1547,2085,1040,1,1029.67,0.0
1548,2086,1074,1,39.9,0.0
1549,2087,1002,1,67.11,0.0
1550,2088,1012,1,44.35,0.0
1551,2089,1082,1,52.97,0.0
1551,2089,1026,1,647.46,0.0
1553,2090,1002,1,67.11,0.0
1553,2090,1075,1,96.79,0.0
1553,2090,1026,1,647.46,0.0
1556,2091,1088,1,41.46,0.0
1557,2092,1052,1,150.08,0.0
1558,2093,1063,1,21.75,0.0
1559,2094,1017,1,51.27,0.0
1559,2094,1043,1,947.82,0.0
1561,2095,1054,1,34.3,0.0
1562,2096,1070,1,66.74,0.0
1563,2097,1070,1,66.74,0.0
1563,2097,1022,1,69.13,0.0
1565,2098,1040,1,1029.67,0.0
1566,2099,1073,2,116.43,0.0
1566,2099,1002,3,67.11,0.0
1568,2100,1032,3,319.94,0.0
1569,2101,1068,1,78.07,0.0
1570,2102,1091,1,55.48,0.0
1570,2102,1057,1,194.48,0.0
1572,2103,1082,1,52.97,0.0
1573,2104,1023,1,32.62,0.0
1574,2105,1017,1,51.27,0.0
1575,2106,1036,2,354.4,0.0
1576,2107,1072,1,156.31,0.0
1576,2107,1008,3,41.08,0.0
1578,2108,1035,1,100.58,0.0
1579,2109,1039,1,194.84,0.0
1580,2110,1090,2,42.32,0.0
1581,2111,1060,3,86.84,0.0
1581,2111,1093,1,62.3,0.0
1583,2112,1021,1,59.85,0.0
1583,2112,1038,1,1082.55,0.0
1583,2112,1016,3,77.28,0.0
1586,2113,1080,1,13.23,0.0
1586,2113,1066,1,155.63,0.0
1586,2113,1042,1,227.11,0.0
1589,2114,1072,1,156.31,0.0
1589,2114,1085,1,46.31,0.0
1589,2114,1034,1,479.4,0.0
1592,2115,1094,1,85.98,0.0
1592,2115,1044,1,586.31,0.0
1592,2115,1067,1,196.26,0.0
1595,2116,1061,1,156.46,0.0
1596,2117,1041,1,201.9,0.0
1596,2117,1055,1,185.41,0.0
1598,2118,1002,1,67.11,0.0
1599,2119,1010,1,29.41,0.0
1600,2120,1067,1,196.26,0.0
1601,2121,1027,3,504.49,0.0
1602,2122,1027,1,504.49,0.0
1603,2123,1055,1,185.41,0.0
1603,2123,1028,3,520.87,0.0
1605,2124,1055,1,185.41,0.0
1606,2125,1082,1,52.97,0.0
1607,2126,1037,2,756.71,0.0
1608,2127,1052,1,150.08,0.0
1609,2128,1074,1,39.9,0.0
1610,2129,1024,1,36.24,0.0
1611,2130,1023,1,32.62,0.0
1612,2131,1028,3,520.87,0.0
1613,2132,1010,1,29.41,0.0
1614,2133,1077,1,28.81,0.0
1614,2133,1089,1,35.23,0.0
1616,2134,1065,1,123.39,0.0
1617,2135,1020,3,44.34,0.0
1618,2136,1055,1,185.41,0.0
1619,2137,1083,1,90.43,0.0
1620,2138,1046,1,639.26,0.0
1621,2139,1013,2,86.41,0.0
1622,2140,1027,1,504.49,0.0
1623,2141,1025,1,66.38,0.0
1624,2142,1029,1,1060.03,0.0
1624,2142,1095,1,77.08,0.0
1626,2143,1086,1,91.38,0.0
1627,2144,1049,1,99.06,0.0
1628,2145,1068,2,78.07,0.0
1629,2146,1003,1,20.69,0.0
1630,2147,1003,2,20.69,0.0
1630,2147,1081,1,58.16,0.0
1632,2148,1009,2,69.18,0.0
1633,2149,1012,2,44.35,0.0
1634,2150,1048,2,749.58,0.0
1635,2151,1061,1,156.46,0.0
1636,2152,1094,2,85.98,0.0
1637,2153,1072,1,156.31,0.0
1638,2154,1081,1,58.16,0.0
1639,2155,1065,1,123.39,0.0
1640,2156,1077,1,28.81,0.0
1641,2157,1093,1,62.3,0.0
1641,2157,1009,1,69.18,0.0
1643,2158,1068,2,78.07,0.0
1643,2158,1029,3,1060.03,0.0
1645,2159,1085,1,46.31,0.0
1646,2160,1049,1,99.06,0.0
1647,2161,1024,2,36.24,0.0
1648,2162,1087,3,37.24,0.0
1649,2163,1091,1,55.48,0.0
1649,2163,1009,1,69.18,0.0
1649,2163,1058,1,120.13,0.0
1652,2164,1042,1,227.11,0.0
1653,2165,1024,1,36.24,0.0
1653,2165,1053,1,81.38,0.0
1653,2165,1012,1,44.35,0.0
1656,2166,1093,1,62.3,0.0
1657,2167,1047,2,76.32,0.0
1657,2167,1071,1,215.5,0.0
1659,2168,1001,1,36.36,0.0
1659,2168,1096,1,20.16,0.0
1661,2169,1062,1,247.15,0.0
1661,2169,1011,1,39.64,0.0
1661,2169,1070,1,66.74,0.0
1664,2170,1066,2,155.63,0.0
1665,2171,1058,1,120.13,0.0
1666,2172,1074,1,39.9,0.0
1667,2173,1032,1,319.94,0.0
1668,2174,1018,1,82.3,0.0
1669,2175,1092,3,77.3,0.0
1670,2176,1016,1,77.28,0.0
1670,2176,1092,1,77.3,0.0
1672,2177,1043,1,947.82,0.0
1673,2178,1074,1,39.9,0.0
1673,2178,1049,1,99.06,0.0
1675,2179,1020,1,44.34,0.0
1675,2179,1035,1,100.58,0.0
1677,2180,1042,1,227.11,0.0
1678,2181,1018,1,82.3,0.0
1679,2182,1044,1,586.31,0.0
1680,2183,1025,1,66.38,0.0
1681,2184,1049,1,99.06,0.0
1682,2185,1063,1,21.75,0.0
1683,2186,1023,1,32.62,0.0
1684,2187,1082,1,52.97,0.0
1685,2188,1053,1,81.38,0.0
1686,2189,1026,3,647.46,0.0
1687,2190,1041,1,201.9,0.0
1688,2191,1032,1,319.94,0.0
1689,2192,1014,1,67.55,0.0
1690,2193,1018,1,82.3,0.0
1690,2193,1034,1,479.4,0.0
1692,2194,1073,1,116.43,0.0
1692,2194,1087,1,37.24,0.0
1694,2195,1076,1,77.95,0.0
1695,2196,1080,1,13.23,0.0
1695,2196,1019,1,39.27,0.0
1697,2197,1001,1,36.36,0.0
1698,2198,1042,1,227.11,0.0
1698,2198,1057,1,194.48,0.0
1698,2198,1059,1,147.27,0.0
1701,2199,1058,1,120.13,0.0
1701,2199,1041,1,201.9,0.0
1703,2200,1092,1,77.3,0.0
1703,2200,1062,1,247.15,0.0
1705,2201,1052,1,150.08,0.0
1706,2202,1081,1,58.16,0.0
1707,2203,1078,1,55.06,0.0
1708,2204,1046,3,639.26,0.0
1708,2204,1076,1,77.95,0.0
1710,2205,1084,1,59.0,0.0
1711,2206,1093,2,62.3,0.0
1712,2207,1020,1,44.34,0.0
1713,2208,1029,1,1060.03,0.0
1714,2209,1077,2,28.81,0.0
1714,2209,1053,1,81.38,0.0
1716,2210,1033,3,873.93,0.0
1717,2211,1002,1,67.11,0.0
1718,2212,1039,3,194.84,0.0
1719,2213,1054,1,34.3,0.0
1719,2213,1095,1,77.08,0.0
1721,2214,1061,1,156.46,0.0
1721,2214,1093,1,62.3,0.0
1721,2214,1077,1,28.81,0.0
1724,2215,1019,3,39.27,0.0
1725,2216,1041,1,201.9,0.0
1726,2217,1050,1,138.13,0.0
1727,2218,1030,1,72.15,0.0
1728,2219,1001,1,36.36,0.0
1729,2220,1004,1,69.11,0.0
1730,2221,1059,1,147.27,0.0
1731,2222,1038,1,1082.55,0.0
1732,2223,1064,1,227.42,0.0
1733,2224,1073,3,116.43,0.0
1734,2225,1054,1,34.3,0.0
1735,2226,1030,1,72.15,0.0
1735,2226,1079,1,61.11,0.0
1737,2227,1030,2,72.15,0.0
1737,2227,1011,2,39.64,0.0
1739,2228,1055,1,185.41,0.0
1739,2228,1047,1,76.32,0.0
1739,2228,1086,1,91.38,0.0
1742,2229,1091,1,55.48,0.0
1743,2230,1054,3,34.3,0.0
1744,2231,1081,1,58.16,0.0
1745,2232,1047,3,76.32,0.0
1745,2232,1025,1,66.38,0.0
1747,2233,1088,1,41.46,0.0
1748,2234,1059,1,147.27,0.0
1749,2235,1018,1,82.3,0.0
1750,2236,1081,2,58.16,0.0
1751,2237,1058,1,120.13,0.0
1752,2238,1002,1,67.11,0.0
1753,2239,1046,1,639.26,0.0
1754,2240,1077,2,28.81,0.0
1755,2241,1020,1,44.34,0.0
1755,2241,1041,1,201.9,0.0
1755,2241,1069,1,160.51,0.0
1758,2242,1071,1,215.5,0.0
1759,2243,1087,1,37.24,0.0
1760,2244,1043,3,947.82,0.0
1761,2245,1021,1,59.85,0.0
1762,2246,1072,2,156.31,0.0
1763,2247,1035,1,100.58,0.0
1764,2248,1008,1,41.08,0.0
1765,2249,1049,1,99.06,0.0
1766,2250,1094,1,85.98,0.0
1767,2251,1075,1,96.79,0.0
1768,2252,1018,3,82.3,0.0
1769,2253,1009,2,69.18,0.0
1770,2254,1095,3,77.08,0.0
1770,2254,1045,1,392.31,0.0
1772,2255,1038,1,1082.55,0.0
1773,2256,1087,1,37.24,0.0
1774,2257,1056,1,203.45,0.0
1775,2258,1066,1,155.63,0.0
1775,2258,1017,1,51.27,0.0
1777,2259,1042,1,227.11,0.0
1778,2260,1057,1,194.48,0.0
1778,2260,1037,1,756.71,0.0
1780,2261,1065,1,123.39,0.0
1781,2262,1038,2,1082.55,0.0
1782,2263,1008,3,41.08,0.0
1782,2263,1055,1,185.41,0.0
1784,2264,1047,1,76.32,0.0
1785,2265,1081,1,58.16,0.0
1786,2266,1055,1,185.41,0.0
1787,2267,1026,1,647.46,0.0
1788,2268,1042,1,227.11,0.0
1789,2269,1035,1,100.58,0.0
1789,2269,1074,3,39.9,0.0
1791,2270,1062,1,247.15,0.0
1792,2271,1028,1,520.87,0.0
1793,2272,1090,1,42.32,0.0
1794,2273,1073,1,116.43,0.0
1795,2274,1061,1,156.46,0.0
1795,2274,1017,3,51.27,0.0
1797,2275,1095,1,77.08,0.0
1798,2276,1027,1,504.49,0.0
1799,2277,1080,1,13.23,0.0
1799,2277,1091,1,55.48,0.0
1799,2277,1004,1,69.11,0.0
1802,2278,1086,1,91.38,0.0
1803,2279,1011,2,39.64,0.0
1803,2279,1024,1,36.24,0.0
1805,2280,1064,2,227.42,0.0
1806,2281,1023,3,32.62,0.0
1807,2282,1094,1,85.98,0.0
1807,2282,1050,1,138.13,0.0
1809,2283,1040,1,1029.67,0.0
1810,2284,1094,1,85.98,0.0
1811,2285,1046,1,639.26,0.0
1812,2286,1050,1,138.13,0.0
1813,2287,1029,1,1060.03,0.0
1813,2287,1051,1,138.75,0.0
1813,2287,1054,1,34.3,0.0
1816,2288,1032,2,319.94,0.0
1817,2289,1006,1,35.72,0.0
1818,2290,1059,1,147.27,0.0
1819,2291,1040,1,1029.67,0.0
1820,2292,1011,1,39.64,0.0
1820,2292,1059,3,147.27,0.0
1822,2293,1096,1,20.16,0.0
1823,2294,1026,1,647.46,0.0
1824,2295,1027,2,504.49,0.0
1825,2296,1078,1,55.06,0.0
1825,2296,1081,1,58.16,0.0
1827,2297,1092,1,77.3,0.0
1827,2297,1047,1,76.32,0.0
1829,2298,1057,1,194.48,0.0
1830,2299,1010,1,29.41,0.0
1830,2299,1029,3,1060.03,0.0
1830,2299,1087,1,37.24,0.0
1833,2300,1069,1,160.51,0.0
1834,2301,1025,1,66.38,0.0
1835,2302,1080,1,13.23,0.0
1836,2303,1070,3,66.74,0.0
1836,2303,1040,1,1029.67,0.0
1836,2303,1039,2,194.84,0.0
1839,2304,1017,1,51.27,0.0
1840,2305,1065,1,123.39,0.0
1840,2305,1056,1,203.45,0.0
1842,2306,1043,1,947.82,0.0
1843,2307,1003,1,20.69,0.0
1843,2307,1076,1,77.95,0.0
1843,2307,1009,2,69.18,0.0
1846,2308,1009,3,69.18,0.0
1847,2309,1063,1,21.75,0.0
1848,2310,1070,1,66.74,0.0
1849,2311,1038,3,1082.55,0.0
1849,2311,1003,2,20.69,0.0
1851,2312,1032,1,319.94,0.0
1852,2313,1054,1,34.3,0.0
1852,2313,1082,3,52.97,0.0
1854,2314,1028,1,520.87,0.0
1855,2315,1093,1,62.3,0.0
1856,2316,1046,1,639.26,0.0
1856,2316,1080,1,13.23,0.0
1856,2316,1059,1,147.27,0.0
1859,2317,1091,1,55.48,0.0
1860,2318,1031,1,244.09,0.0
1860,2318,1079,1,61.11,0.0
1862,2319,1087,1,37.24,0.0
1863,2320,1022,1,69.13,0.0
1864,2321,1008,3,41.08,0.0
1865,2322,1010,3,29.41,0.0
1865,2322,1014,1,67.55,0.0
1867,2323,1057,1,194.48,0.0
1868,2324,1060,1,86.84,0.0
1869,2325,1079,1,61.11,0.0
1870,2326,1072,1,156.31,0.0
1871,2327,1027,1,504.49,0.0
1872,2328,1018,3,82.3,0.0
1873,2329,1096,1,20.16,0.0
1874,2330,1029,1,1060.03,0.0
1875,2331,1089,1,35.23,0.0
1875,2331,1085,1,46.31,0.0
1877,2332,1017,1,51.27,0.0
1877,2332,1029,1,1060.03,0.0
1879,2333,1095,1,77.08,0.0
1879,2333,1091,2,55.48,0.0
1881,2334,1039,2,194.84,0.0
1882,2335,1061,2,156.46,0.0
1883,2336,1011,1,39.64,0.0
1883,2336,1080,1,13.23,0.0
1883,2336,1019,1,39.27,0.0
1886,2337,1061,1,156.46,0.0
1887,2338,1056,1,203.45,0.0
1888,2339,1055,1,185.41,0.0
1889,2340,1068,1,78.07,0.0
1889,2340,1092,1,77.3,0.0
1889,2340,1061,1,156.46,0.0
1892,2341,1081,1,58.16,0.0
1892,2341,1004,1,69.11,0.0
1894,2342,1095,1,77.08,0.0
1895,2343,1025,1,66.38,0.0
1896,2344,1048,1,749.58,0.0
1897,2345,1084,1,59.0,0.0
1898,2346,1068,2,78.07,0.0
1899,2347,1017,1,51.27,0.0
1900,2348,1083,1,90.43,0.0
1900,2348,1040,1,1029.67,0.0
1900,2348,1064,1,227.42,0.0
1903,2349,1024,1,36.24,0.0
1904,2350,1088,1,41.46,0.0
1904,2350,1045,2,392.31,0.0
1906,2351,1090,1,42.32,0.0
1906,2351,1031,1,244.09,0.0
1908,2352,1078,2,55.06,0.0
1909,2353,1039,1,194.84,0.0
1909,2353,1013,1,86.41,0.0
1909,2353,1045,1,392.31,0.0
1912,2354,1095,3,77.08,0.0
1913,2355,1048,1,749.58,0.0
1914,2356,1062,1,247.15,0.0
1914,2356,1080,1,13.23,0.0
1914,2356,1040,1,1029.67,0.0
1917,2357,1003,1,20.69,0.0
1917,2357,1047,3,76.32,0.0
1919,2358,1061,1,156.46,0.0
1919,2358,1076,2,77.95,0.0
1921,2359,1057,1,194.48,0.0
1922,2360,1023,1,32.62,0.0
1922,2360,1073,1,116.43,0.0
1924,2361,1029,1,1060.03,0.0
1924,2361,1006,1,35.72,0.0
1926,2362,1055,1,185.41,0.0
1927,2363,1087,1,37.24,0.0
1928,2364,1044,3,586.31,0.0
1928,2364,1040,1,1029.67,0.0
1930,2365,1094,1,85.98,0.0
1930,2365,1041,1,201.9,0.0
1930,2365,1028,2,520.87,0.0
1933,2366,1073,1,116.43,0.0
1934,2367,1011,3,39.64,0.0
1935,2368,1052,3,150.08,0.0
1936,2369,1028,3,520.87,0.0
1937,2370,1036,1,354.4,0.0
1937,2370,1025,1,66.38,0.0
1937,2370,1073,1,116.43,0.0
1940,2371,1003,1,20.69,0.0
1940,2371,1070,1,66.74,0.0
1940,2371,1064,1,227.42,0.0
1943,2372,1053,1,81.38,0.0
1944,2373,1053,1,81.38,0.0
1944,2373,1013,1,86.41,0.0
1946,2374,1007,1,72.27,0.0
1947,2375,1073,1,116.43,0.0
1947,2375,1025,3,66.38,0.0
1947,2375,1070,2,66.74,0.0
1950,2376,1058,2,120.13,0.0
1951,2377,1084,1,59.0,0.0
1952,2378,1030,1,72.15,0.0
1952,2378,1038,3,1082.55,0.0
1954,2379,1063,3,21.75,0.0
1955,2380,1026,1,647.46,0.0
1956,2381,1018,2,82.3,0.0
1956,2381,1052,2,150.08,0.0
1958,2382,1065,1,123.39,0.0
1959,2383,1085,1,46.31,0.0
1960,2384,1074,1,39.9,0.0
1961,2385,1056,2,203.45,0.0
1962,2386,1076,1,77.95,0.0
1962,2386,1016,1,77.28,0.0
1964,2387,1040,1,1029.67,0.0
1964,2387,1058,1,120.13,0.0
1966,2388,1022,1,69.13,0.0
1966,2388,1083,2,90.43,0.0
1968,2389,1051,1,138.75,0.0
1969,2390,1001,1,36.36,0.0
1970,2391,1096,1,20.16,0.0
1971,2392,1054,2,34.3,0.0
1972,2393,1076,1,77.95,0.0
1973,2394,1035,1,100.58,0.0
1974,2395,1082,1,52.97,0.0
1974,2395,1064,1,227.42,0.0
1976,2396,1039,1,194.84,0.0
1977,2397,1009,1,69.18,0.0
1977,2397,1042,1,227.11,0.0
1979,2398,1028,1,520.87,0.0
1979,2398,1039,1,194.84,0.0
1981,2399,1069,3,160.51,0.0
1982,2400,1055,1,185.41,0.0
1983,2401,1034,1,479.4,0.0
1983,2401,1017,1,51.27,0.0
1985,2402,1058,2,120.13,0.0
1985,2402,1062,1,247.15,0.0
1987,2403,1085,1,46.31,0.0
1988,2404,1087,1,37.24,0.0
1989,2405,1056,1,203.45,0.0
1990,2406,1036,1,354.4,0.0
1990,2406,1071,1,215.5,0.0
1992,2407,1009,1,69.18,0.0
1993,2408,1057,2,194.48,0.0
1994,2409,1069,1,160.51,0.0
1995,2410,1023,2,32.62,0.0
1996,2411,1024,1,36.24,0.0
1997,2412,1033,1,873.93,0.0
1998,2413,1055,1,185.41,0.0
1999,2414,1094,1,85.98,0.0
2000,2415,1081,1,58.16,0.0
2000,2415,1022,2,69.13,0.0
2000,2415,1028,1,520.87,0.0
2003,2416,1048,1,749.58,0.0
2003,2416,1071,2,215.5,0.0
2003,2416,1003,1,20.69,0.0
2006,2417,1029,1,1060.03,0.0
2007,2418,1055,1,185.41,0.0
2008,2419,1095,2,77.08,0.0
2009,2420,1057,1,194.48,0.0
2009,2420,1075,1,96.79,0.0
2011,2421,1007,3,72.27,0.0
2011,2421,1092,1,77.3,0.0
2013,2422,1019,1,39.27,0.0
2013,2422,1004,2,69.11,0.0
2015,2423,1028,3,520.87,0.0
2015,2423,1018,1,82.3,0.0
2015,2423,1095,1,77.08,0.0
2018,2424,1031,1,244.09,0.0
2018,2424,1063,3,21.75,0.0
2020,2425,1065,2,123.39,0.0
2021,2426,1092,1,77.3,0.0
2022,2427,1016,1,77.28,0.0
2023,2428,1050,1,138.13,0.0
2023,2428,1024,1,36.24,0.0
2025,2429,1080,1,13.23,0.0
2026,2430,1090,1,42.32,0.0
2026,2430,1048,1,749.58,0.0
2028,2431,1031,3,244.09,0.0
2029,2432,1092,3,77.3,0.0
2030,2433,1052,1,150.08,0.0
2030,2433,1086,1,91.38,0.0
2030,2433,1040,1,1029.67,0.0
2033,2434,1035,3,100.58,0.0
2033,2434,1079,1,61.11,0.0
2035,2435,1005,1,81.69,0.0
2035,2435,1018,1,82.3,0.0
2037,2436,1086,1,91.38,0.0
2038,2437,1086,1,91.38,0.0
2038,2437,1004,1,69.11,0.0
2038,2437,1081,1,58.16,0.0
2041,2438,1069,1,160.51,0.0
2041,2438,1090,1,42.32,0.0
2041,2438,1055,1,185.41,0.0
2044,2439,1006,1,35.72,0.0
2045,2440,1092,1,77.3,0.0
2046,2441,1022,1,69.13,0.0
2047,2442,1004,1,69.11,0.0
2048,2443,1069,1,160.51,0.0
2049,2444,1046,1,639.26,0.0
2050,2445,1092,1,77.3,0.0
2051,2446,1070,1,66.74,0.0
2052,2447,1093,1,62.3,0.0
2052,2447,1058,1,120.13,0.0
2054,2448,1029,2,1060.03,0.0
2055,2449,1052,1,150.08,0.0
2056,2450,1087,1,37.24,0.0
2056,2450,1090,1,42.32,0.0
2058,2451,1092,1,77.3,0.0
2058,2451,1080,1,13.23,0.0
2060,2452,1045,1,392.31,0.0
2060,2452,1074,1,39.9,0.0
2062,2453,1089,1,35.23,0.0
2063,2454,1035,1,100.58,0.0
2064,2455,1050,2,138.13,0.0
2065,2456,1087,3,37.24,0.0
2066,2457,1082,1,52.97,0.0
2067,2458,1042,1,227.11,0.0
2068,2459,1073,1,116.43,0.0
2069,2460,1022,1,69.13,0.0
2070,2461,1006,1,35.72,0.0
2071,2462,1076,1,77.95,0.0
2071,2462,1076,1,77.95,0.0
2071,2462,1006,1,35.72,0.0
2074,2463,1078,1,55.06,0.0
2075,2464,1041,1,201.9,0.0
2076,2465,1084,1,59.0,0.0
2077,2466,1075,1,96.79,0.0
2078,2467,1084,1,59.0,0.0
2079,2468,1020,1,44.34,0.0
2080,2469,1076,1,77.95,0.0
2081,2470,1044,1,586.31,0.0
2082,2471,1076,3,77.95,0.0
2083,2472,1066,2,155.63,0.0
2084,2473,1045,1,392.31,0.0
2085,2474,1093,1,62.3,0.0
2085,2474,1062,3,247.15,0.0
2087,2475,1009,1,69.18,0.0
2088,2476,1012,1,44.35,0.0
2089,2477,1001,3,36.36,0.0
2090,2478,1083,1,90.43,0.0
2091,2479,1092,3,77.3,0.0
2092,2480,1046,1,639.26,0.0
2092,2480,1033,1,873.93,0.0
2094,2481,1035,1,100.58,0.0
2095,2482,1070,1,66.74,0.0
2096,2483,1001,1,36.36,0.0
2097,2484,1037,1,756.71,0.0
2097,2484,1013,1,86.41,0.0
2099,2485,1063,1,21.75,0.0
2100,2486,1086,2,91.38,0.0
2100,2486,1023,1,32.62,0.0
2100,2486,1032,1,319.94,0.0
2103,2487,1087,1,37.24,0.0
2104,2488,1058,1,120.13,0.0
2105,2489,1032,1,319.94,0.0
2106,2490,1076,1,77.95,0.0
2106,2490,1056,1,203.45,0.0
2106,2490,1011,1,39.64,0.0
2109,2491,1017,3,51.27,0.0
2110,2492,1035,1,100.58,0.0
2111,2493,1015,1,84.52,0.0
2111,2493,1006,1,35.72,0.0
2111,2493,1088,1,41.46,0.0
2114,2494,1008,1,41.08,0.0
2114,2494,1006,1,35.72,0.0
2114,2494,1081,3,58.16,0.0
2117,2495,1036,1,354.4,0.0
2118,2496,1026,1,647.46,0.0
2119,2497,1067,2,196.26,0.0
2119,2497,1022,1,69.13,0.0
2121,2498,1043,1,947.82,0.0
2122,2499,1009,1,69.18,0.0
2123,2500,1086,2,91.38,0.0
2123,2500,1015,3,84.52,0.0
2125,2501,1022,3,69.13,0.0
2126,2502,1003,1,20.69,0.0
2127,2503,1028,1,520.87,0.0
2128,2504,1064,1,227.42,0.0
2129,2505,1079,3,61.11,0.0
2130,2506,1085,1,46.31,0.0
2131,2507,1007,1,72.27,0.0
2132,2508,1038,1,1082.55,0.0
2132,2508,1002,1,67.11,0.0
2132,2508,1082,1,52.97,0.0
2135,2509,1007,1,72.27,0.0
2136,2510,1055,1,185.41,0.0
2137,2511,1020,1,44.34,0.0
2138,2512,1076,1,77.95,0.0
2139,2513,1006,1,35.72,0.0
2140,2514,1081,1,58.16,0.0
2141,2515,1023,3,32.62,0.0
2141,2515,1061,1,156.46,0.0
2143,2516,1026,1,647.46,0.0
2143,2516,1029,1,1060.03,0.0
2145,2517,1007,3,72.27,0.0
2146,2518,1056,1,203.45,0.0
2147,2519,1033,1,873.93,0.0
2148,2520,1061,2,156.46,0.0
2149,2521,1022,1,69.13,0.0
2149,2521,1024,1,36.24,0.0
2151,2522,1005,1,81.69,0.0
2152,2523,1046,1,639.26,0.0
2153,2524,1045,1,392.31,0.0
2154,2525,1091,1,55.48,0.0
2154,2525,1035,1,100.58,0.0
2156,2526,1076,1,77.95,0.0
2156,2526,1017,1,51.27,0.0
2158,2527,1051,2,138.75,0.0
2158,2527,1077,1,28.81,0.0
2160,2528,1029,1,1060.03,0.0
2161,2529,1004,2,69.11,0.0
2162,2530,1035,2,100.58,0.0
2163,2531,1021,1,59.85,0.0
2164,2532,1041,1,201.9,0.0
2165,2533,1080,1,13.23,0.0
2166,2534,1028,1,520.87,0.0
2167,2535,1077,1,28.81,0.0
2167,2535,1087,1,37.24,0.0
2167,2535,1086,1,91.38,0.0
2170,2536,1034,1,479.4,0.0
2170,2536,1081,2,58.16,0.0
2172,2537,1036,2,354.4,0.0
2173,2538,1062,1,247.15,0.0
2173,2538,1014,1,67.55,0.0
2175,2539,1046,1,639.26,0.0
2176,2540,1052,1,150.08,0.0
2177,2541,1067,1,196.26,0.0
2177,2541,1017,1,51.27,0.0
2179,2542,1027,1,504.49,0.0
2180,2543,1069,1,160.51,0.0
2181,2544,1064,2,227.42,0.0
2182,2545,1019,1,39.27,0.0
2182,2545,1009,2,69.18,0.0
2184,2546,1069,1,160.51,0.0
2185,2547,1017,1,51.27,0.0
2186,2548,1074,2,39.9,0.0
2186,2548,1022,1,69.13,0.0
2188,2549,1061,1,156.46,0.0
2189,2550,1076,1,77.95,0.0
2190,2551,1020,1,44.34,0.0
2190,2551,1012,1,44.35,0.0
2192,2552,1076,2,77.95,0.0
2193,2553,1068,1,78.07,0.0
2193,2553,1051,1,138.75,0.0
2193,2553,1003,1,20.69,0.0
2196,2554,1080,3,13.23,0.0
2197,2555,1001,1,36.36,0.0
2198,2556,1015,1,84.52,0.0
2199,2557,1091,1,55.48,0.0
2200,2558,1020,1,44.34,0.0
2200,2558,1079,1,61.11,0.0
2200,2558,1041,1,201.9,0.0
2203,2559,1075,1,96.79,0.0
2203,2559,1076,1,77.95,0.0
2205,2560,1068,1,78.07,0.0
2206,2561,1036,1,354.4,0.0
2206,2561,1007,1,72.27,0.0
2206,2561,1057,1,194.48,0.0
2209,2562,1065,2,123.39,0.0
2210,2563,1089,1,35.23,0.0
2211,2564,1041,1,201.9,0.0
2212,2565,1003,1,20.69,0.0
2213,2566,1058,1,120.13,0.0
2213,2566,1094,1,85.98,0.0
2213,2566,1091,3,55.48,0.0
2216,2567,1016,3,77.28,0.0
2217,2568,1076,1,77.95,0.0
2217,2568,1076,1,77.95,0.0
2219,2569,1056,1,203.45,0.0
2220,2570,1042,1,227.11,0.0
2220,2570,1068,1,78.07,0.0
2222,2571,1060,1,86.84,0.0
2223,2572,1067,1,196.26,0.0
2224,2573,1025,1,66.38,0.0
2224,2573,1083,1,90.43,0.0
2226,2574,1052,1,150.08,0.0
2227,2575,1010,1,29.41,0.0
2227,2575,1054,1,34.3,0.0
2227,2575,1070,1,66.74,0.0
2230,2576,1083,1,90.43,0.0
2231,2577,1020,1,44.34,0.0
2232,2578,1024,3,36.24,0.0
2233,2579,1084,2,59.0,0.0
2233,2579,1066,1,155.63,0.0
2233,2579,1084,1,59.0,0.0
2236,2580,1021,3,59.85,0.0
2236,2580,1072,1,156.31,0.0
2238,2581,1051,1,138.75,0.0
2238,2581,1008,1,41.08,0.0
2240,2582,1014,1,67.55,0.0
2240,2582,1031,1,244.09,0.0
2242,2583,1005,1,81.69,0.0
2243,2584,1083,1,90.43,0.0
2244,2585,1075,1,96.79,0.0
2245,2586,1087,1,37.24,0.0
2246,2587,1040,1,1029.67,0.0
2247,2588,1067,1,196.26,0.0
2248,2589,1053,1,81.38,0.0
2248,2589,1008,1,41.08,0.0
2250,2590,1049,1,99.06,0.0
2250,2590,1055,1,185.41,0.0
2250,2590,1036,1,354.4,0.0
2253,2591,1093,1,62.3,0.0
2254,2592,1003,1,20.69,0.0
2255,2593,1057,1,194.48,0.0
2256,2594,1025,1,66.38,0.0
2256,2594,1066,1,155.63,0.0
2256,2594,1016,3,77.28,0.0
2259,2595,1049,1,99.06,0.0
2260,2596,1011,1,39.64,0.0
2260,2596,1031,1,244.09,0.0
2262,2597,1076,1,77.95,0.0
2263,2598,1034,2,479.4,0.0
2263,2598,1038,1,1082.55,0.0
2265,2599,1071,2,215.5,0.0
2266,2600,1047,1,76.32,0.0
2267,2601,1053,1,81.38,0.0
2267,2601,1072,1,156.31,0.0
2267,2601,1088,1,41.46,0.0
2270,2602,1094,1,85.98,0.0
2271,2603,1017,1,51.27,0.0
2271,2603,1018,1,82.3,0.0
2273,2604,1009,1,69.18,0.0
2274,2605,1018,2,82.3,0.0
2274,2605,1083,1,90.43,0.0
2276,2606,1095,1,77.08,0.0
2277,2607,1081,1,58.16,0.0
2278,2608,1047,2,76.32,0.0
2279,2609,1053,1,81.38,0.0
2280,2610,1008,1,41.08,0.0
2281,2611,1088,1,41.46,0.0
2282,2612,1026,1,647.46,0.0
2283,2613,1014,1,67.55,0.0
2284,2614,1087,1,37.24,0.0
2284,2614,1049,1,99.06,0.0
2286,2615,1033,1,873.93,0.0
2287,2616,1018,3,82.3,0.0
2287,2616,1034,1,479.4,0.0
2289,2617,1001,3,36.36,0.0
2290,2618,1006,1,35.72,0.0
2290,2618,1079,3,61.11,0.0
2292,2619,1056,1,203.45,0.0
2293,2620,1024,1,36.24,0.0
2294,2621,1042,1,227.11,0.0
2295,2622,1011,1,39.64,0.0
2296,2623,1030,1,72.15,0.0
2296,2623,1068,1,78.07,0.0
2296,2623,1042,2,227.11,0.0
2299,2624,1094,1,85.98,0.0
2300,2625,1047,1,76.32,0.0
2301,2626,1011,3,39.64,0.0
2302,2627,1036,1,354.4,0.0
2303,2628,1012,1,44.35,0.0
2304,2629,1030,1,72.15,0.0
2305,2630,1072,1,156.31,0.0
2306,2631,1089,1,35.23,0.0
2307,2632,1030,1,72.15,0.0
2308,2633,1008,1,41.08,0.0
2309,2634,1005,1,81.69,0.0
2310,2635,1039,1,194.84,0.0
2311,2636,1065,1,123.39,0.0
2312,2637,1076,1,77.95,0.0
2312,2637,1055,1,185.41,0.0
2314,2638,1046,1,639.26,0.0
2315,2639,1093,2,62.3,0.0
2315,2639,1065,1,123.39,0.0
2317,2640,1091,3,55.48,0.0
2317,2640,1033,1,873.93,0.0
2319,2641,1044,3,586.31,0.0
2320,2642,1011,1,39.64,0.0
2321,2643,1019,1,39.27,0.0
2322,2644,1030,1,72.15,0.0
2323,2645,1059,1,147.27,0.0
2324,2646,1085,1,46.31,0.0
2324,2646,1048,1,749.58,0.0
2326,2647,1053,1,81.38,0.0
2327,2648,1010,1,29.41,0.0
2328,2649,1082,1,52.97,0.0
2329,2650,1069,1,160.51,0.0
2330,2651,1011,2,39.64,0.0
2331,2652,1064,1,227.42,0.0
2332,2653,1040,1,1029.67,0.0
2333,2654,1053,1,81.38,0.0
2333,2654,1055,3,185.41,0.0
2335,2655,1022,1,69.13,0.0
2336,2656,1047,1,76.32,0.0
2337,2657,1033,1,873.93,0.0
2338,2658,1009,1,69.18,0.0
2338,2658,1007,1,72.27,0.0
2340,2659,1095,2,77.08,0.0
2340,2659,1045,1,392.31,0.0
2342,2660,1087,1,37.24,0.0
2343,2661,1043,2,947.82,0.0
2344,2662,1096,2,20.16,0.0
2344,2662,1033,2,873.93,0.0
2346,2663,1014,1,67.55,0.0
2346,2663,1009,1,69.18,0.0
2348,2664,1068,2,78.07,0.0
2348,2664,1052,1,150.08,0.0
2348,2664,1026,3,647.46,0.0
2351,2665,1057,3,194.48,0.0
2352,2666,1051,1,138.75,0.0
2353,2667,1014,2,67.55,0.0
2354,2668,1007,3,72.27,0.0
2355,2669,1034,1,479.4,0.0
2355,2669,1022,1,69.13,0.0
2357,2670,1034,3,479.4,0.0
2358,2671,1037,2,756.71,0.0
2359,2672,1084,1,59.0,0.0
2360,2673,1017,2,51.27,0.0
2361,2674,1043,1,947.82,0.0
2362,2675,1035,1,100.58,0.0
2363,2676,1007,2,72.27,0.0
2364,2677,1047,1,76.32,0.0
2364,2677,1054,3,34.3,0.0
2364,2677,1040,1,1029.67,0.0
2367,2678,1061,1,156.46,0.0
2368,2679,1037,2,756.71,0.0
2369,2680,1053,1,81.38,0.0
2369,2680,1061,1,156.46,0.0
2371,2681,1082,3,52.97,0.0
2372,2682,1066,3,155.63,0.0
2373,2683,1042,1,227.11,0.0
2374,2684,1009,1,69.18,0.0
2375,2685,1034,3,479.4,0.0
2376,2686,1038,1,1082.55,0.0
2376,2686,1071,1,215.5,0.0
2378,2687,1039,1,194.84,0.0
2378,2687,1042,1,227.11,0.0
2380,2688,1024,2,36.24,0.0
2381,2689,1079,1,61.11,0.0
2381,2689,1069,1,160.51,0.0
2381,2689,1040,3,1029.67,0.0
2384,2690,1018,2,82.3,0.0
2384,2690,1002,3,67.11,0.0
2386,2691,1051,1,138.75,0.0
2387,2692,1014,1,67.55,0.0
2387,2692,1067,1,196.26,0.0
2389,2693,1025,1,66.38,0.0
2390,2694,1003,2,20.69,0.0
2391,2695,1029,1,1060.03,0.0
2391,2695,1048,1,749.58,0.0
2391,2695,1094,1,85.98,0.0
2394,2696,1013,1,86.41,0.0
2394,2696,1002,1,67.11,0.0
2396,2697,1007,2,72.27,0.0
2397,2698,1057,1,194.48,0.0
2398,2699,1092,1,77.3,0.0
2399,2700,1031,1,244.09,0.0
2400,2701,1093,1,62.3,0.0
2400,2701,1033,1,873.93,0.0
2402,2702,1035,1,100.58,0.0
2402,2702,1090,1,42.32,0.0
2402,2702,1017,3,51.27,0.0
2405,2703,1091,1,55.48,0.0
2405,2703,1091,1,55.48,0.0
2407,2704,1006,1,35.72,0.0
2407,2704,1048,2,749.58,0.0
2409,2705,1094,2,85.98,0.0
2410,2706,1062,1,247.15,0.0
2411,2707,1062,1,247.15,0.0
2411,2707,1032,1,319.94,0.0
2411,2707,1045,1,392.31,0.0
2414,2708,1066,1,155.63,0.0
2415,2709,1056,3,203.45,0.0
2415,2709,1005,1,81.69,0.0
2417,2710,1024,3,36.24,0.0
2418,2711,1061,3,156.46,0.0
2419,2712,1013,1,86.41,0.0
2420,2713,1083,3,90.43,0.0
2421,2714,1060,2,86.84,0.0
2422,2715,1091,1,55.48,0.0
2422,2715,1005,1,81.69,0.0
2424,2716,1034,1,479.4,0.0
2425,2717,1023,1,32.62,0.0
2426,2718,1093,1,62.3,0.0
2426,2718,1085,1,46.31,0.0
2428,2719,1081,1,58.16,0.0
2429,2720,1091,1,55.48,0.0
2429,2720,1031,1,244.09,0.0
2429,2720,1057,1,194.48,0.0
2432,2721,1005,2,81.69,0.0
2433,2722,1035,1,100.58,0.0
2434,2723,1018,1,82.3,0.0
2434,2723,1049,2,99.06,0.0
2434,2723,1057,1,194.48,0.0
2437,2724,1057,1,194.48,0.0
2437,2724,1044,1,586.31,0.0
2437,2724,1087,1,37.24,0.0
2440,2725,1023,3,32.62,0.0
2440,2725,1030,3,72.15,0.0
2442,2726,1076,1,77.95,0.0
2443,2727,1023,2,32.62,0.0
2444,2728,1028,3,520.87,0.0
2445,2729,1025,1,66.38,0.0
2446,2730,1094,1,85.98,0.0
2447,2731,1052,1,150.08,0.0
2448,2732,1052,3,150.08,0.0
2449,2733,1024,2,36.24,0.0
2450,2734,1014,1,67.55,0.0
2451,2735,1062,1,247.15,0.0
2451,2735,1023,3,32.62,0.0
2453,2736,1065,1,123.39,0.0
2454,2737,1095,1,77.08,0.0
2455,2738,1019,1,39.27,0.0
2456,2739,1083,1,90.43,0.0
2457,2740,1091,1,55.48,0.0
2458,2741,1026,2,647.46,0.0
2459,2742,1033,3,873.93,0.0
2460,2743,1065,1,123.39,0.0
2460,2743,1003,1,20.69,0.0
2460,2743,1062,3,247.15,0.0
2463,2744,1059,1,147.27,0.0
2464,2745,1077,2,28.81,0.0
2464,2745,1093,1,62.3,0.0
2466,2746,1011,3,39.64,0.0
2467,2747,1017,3,51.27,0.0
2468,2748,1044,1,586.31,0.0
2469,2749,1032,1,319.94,0.0
2469,2749,1086,1,91.38,0.0
2469,2749,1062,1,247.15,0.0
2472,2750,1076,1,77.95,0.0
2473,2751,1094,1,85.98,0.0
2474,2752,1062,1,247.15,0.0
2475,2753,1031,1,244.09,0.0
2476,2754,1068,1,78.07,0.0
2476,2754,1013,3,86.41,0.0
2476,2754,1028,3,520.87,0.0
2479,2755,1061,1,156.46,0.0
2480,2756,1095,1,77.08,0.0
2480,2756,1040,1,1029.67,0.0
2482,2757,1008,1,41.08,0.0
2483,2758,1065,1,123.39,0.0
2484,2759,1059,2,147.27,0.0
2484,2759,1002,1,67.11,0.0
2486,2760,1075,1,96.79,0.0
2487,2761,1084,1,59.0,0.0
2488,2762,1067,1,196.26,0.0
2489,2763,1069,1,160.51,0.0
2490,2764,1008,1,41.08,0.0
2490,2764,1092,1,77.3,0.0
2492,2765,1058,1,120.13,0.0
2493,2766,1055,1,185.41,0.0
2494,2767,1072,1,156.31,0.0
2494,2767,1049,1,99.06,0.0
2494,2767,1091,1,55.48,0.0
2497,2768,1036,1,354.4,0.0
2498,2769,1075,3,96.79,0.0
2499,2770,1003,1,20.69,0.0
2499,2770,1048,1,749.58,0.0
2501,2771,1041,2,201.9,0.0
2501,2771,1085,1,46.31,0.0
2501,2771,1019,3,39.27,0.0
2504,2772,1021,1,59.85,0.0
2505,2773,1051,2,138.75,0.0
2505,2773,1029,3,1060.03,0.0
2507,2774,1034,2,479.4,0.0
2508,2775,1089,3,35.23,0.0
2508,2775,1026,1,647.46,0.0
2508,2775,1052,2,150.08,0.0
2511,2776,1084,1,59.0,0.0
2511,2776,1021,1,59.85,0.0
2511,2776,1017,1,51.27,0.0
2514,2777,1073,3,116.43,0.0
2515,2778,1008,2,41.08,0.0
2516,2779,1067,2,196.26,0.0
2516,2779,1021,1,59.85,0.0
2516,2779,1093,3,62.3,0.0
2519,2780,1007,1,72.27,0.0
2519,2780,1064,1,227.42,0.0
2521,2781,1071,1,215.5,0.0
2522,2782,1007,3,72.27,0.0
2523,2783,1085,1,46.31,0.0
2523,2783,1043,1,947.82,0.0
2523,2783,1002,1,67.11,0.0
2526,2784,1028,1,520.87,0.0
2526,2784,1094,1,85.98,0.0
2528,2785,1054,2,34.3,0.0
2529,2786,1048,1,749.58,0.0
2530,2787,1069,1,160.51,0.0
2530,2787,1001,1,36.36,0.0
2532,2788,1014,1,67.55,0.0
2533,2789,1063,1,21.75,0.0
2533,2789,1008,1,41.08,0.0
2535,2790,1083,1,90.43,0.0
2535,2790,1083,1,90.43,0.0
2537,2791,1091,1,55.48,0.0
2537,2791,1068,1,78.07,0.0
2537,2791,1047,1,76.32,0.0
2540,2792,1001,1,36.36,0.0
2541,2793,1019,1,39.27,0.0
2541,2793,1075,1,96.79,0.0
2543,2794,1065,2,123.39,0.0
2544,2795,1039,1,194.84,0.0
2545,2796,1077,1,28.81,0.0
2545,2796,1005,2,81.69,0.0
2547,2797,1077,1,28.81,0.0
2548,2798,1044,1,586.31,0.0
2549,2799,1096,1,20.16,0.0
2549,2799,1036,2,354.4,0.0
2549,2799,1029,2,1060.03,0.0
2552,2800,1024,1,36.24,0.0
2553,2801,1054,1,34.3,0.0
2554,2802,1035,3,100.58,0.0
2555,2803,1088,1,41.46,0.0
2555,2803,1070,2,66.74,0.0
2557,2804,1031,2,244.09,0.0
2558,2805,1024,3,36.24,0.0
2558,2805,1046,1,639.26,0.0
2560,2806,1046,1,639.26,0.0
2561,2807,1036,1,354.4,0.0
2561,2807,1027,1,504.49,0.0
2563,2808,1045,1,392.31,0.0
2563,2808,1089,1,35.23,0.0
2565,2809,1010,1,29.41,0.0
2565,2809,1008,1,41.08,0.0
2567,2810,1014,1,67.55,0.0
2567,2810,1084,2,59.0,0.0
2567,2810,1026,1,647.46,0.0
2570,2811,1052,1,150.08,0.0
2571,2812,1020,1,44.34,0.0
2572,2813,1061,1,156.46,0.0
2573,2814,1042,1,227.11,0.0
2574,2815,1038,2,1082.55,0.0
2575,2816,1049,3,99.06,0.0
2576,2817,1038,1,1082.55,0.0
2576,2817,1068,3,78.07,0.0
2576,2817,1077,1,28.81,0.0
2579,2818,1054,3,34.3,0.0
2580,2819,1017,1,51.27,0.0
2581,2820,1033,1,873.93,0.0
2582,2821,1085,1,46.31,0.0
2582,2821,1035,1,100.58,0.0
2582,2821,1062,1,247.15,0.0
2585,2822,1073,3,116.43,0.0
2586,2823,1022,1,69.13,0.0
2586,2823,1055,1,185.41,0.0
2586,2823,1042,3,227.11,0.0
2589,2824,1021,1,59.85,0.0
2589,2824,1096,1,20.16,0.0
2591,2825,1029,1,1060.03,0.0
2592,2826,1024,1,36.24,0.0
2593,2827,1094,1,85.98,0.0
2594,2828,1093,1,62.3,0.0
2595,2829,1093,1,62.3,0.0
2596,2830,1096,1,20.16,0.0
2596,2830,1060,1,86.84,0.0
2598,2831,1014,1,67.55,0.0
2599,2832,1071,1,215.5,0.0
2600,2833,1020,2,44.34,0.0
2601,2834,1002,1,67.11,0.0
2602,2835,1071,2,215.5,0.0
2602,2835,1076,1,77.95,0.0
2602,2835,1041,1,201.9,0.0
2605,2836,1006,2,35.72,0.0
2606,2837,1001,1,36.36,0.0
2607,2838,1081,1,58.16,0.0
2608,2839,1011,1,39.64,0.0
2609,2840,1066,1,155.63,0.0
2610,2841,1046,1,639.26,0.0
2611,2842,1049,1,99.06,0.0
2612,2843,1002,2,67.11,0.0
2613,2844,1080,2,13.23,0.0
2613,2844,1090,1,42.32,0.0
2615,2845,1064,2,227.42,0.0
2616,2846,1019,1,39.27,0.0
2617,2847,1031,1,244.09,0.0
2618,2848,1094,1,85.98,0.0
2619,2849,1031,1,244.09,0.0
2619,2849,1019,3,39.27,0.0
2619,2849,1060,1,86.84,0.0
2622,2850,1085,1,46.31,0.0
2623,2851,1059,1,147.27,0.0
2623,2851,1077,1,28.81,0.0
2625,2852,1024,2,36.24,0.0
2625,2852,1084,1,59.0,0.0
2627,2853,1020,1,44.34,0.0
2628,2854,1082,1,52.97,0.0
2629,2855,1041,1,201.9,0.0
2630,2856,1038,1,1082.55,0.0
2631,2857,1016,1,77.28,0.0
2632,2858,1077,1,28.81,0.0
2633,2859,1058,1,120.13,0.0
2634,2860,1058,1,120.13,0.0
2634,2860,1016,1,77.28,0.0
2636,2861,1092,1,77.3,0.0
2636,2861,1092,1,77.3,0.0
2636,2861,1025,1,66.38,0.0
2639,2862,1008,1,41.08,0.0
2640,2863,1091,1,55.48,0.0
2641,2864,1055,1,185.41,0.0
2641,2864,1041,1,201.9,0.0
2643,2865,1073,1,116.43,0.0
2644,2866,1068,1,78.07,0.0
2645,2867,1084,1,59.0,0.0
2645,2867,1023,2,32.62,0.0
2645,2867,1008,3,41.08,0.0
2648,2868,1008,1,41.08,0.0
2648,2868,1035,1,100.58,0.0
2650,2869,1001,1,36.36,0.0
2651,2870,1048,1,749.58,0.0
2652,2871,1079,1,61.11,0.0
2652,2871,1016,1,77.28,0.0
2652,2871,1065,1,123.39,0.0
2655,2872,1037,1,756.71,0.0
2655,2872,1067,3,196.26,0.0
2657,2873,1013,1,86.41,0.0
2658,2874,1022,1,69.13,0.0
2658,2874,1051,3,138.75,0.0
2660,2875,1087,1,37.24,0.0
2660,2875,1082,1,52.97,0.0
2660,2875,1085,1,46.31,0.0
2663,2876,1064,1,227.42,0.0
2664,2877,1029,1,1060.03,0.0
2665,2878,1042,1,227.11,0.0
2666,2879,1096,1,20.16,0.0
2667,2880,1005,1,81.69,0.0
2668,2881,1082,1,52.97,0.0
2669,2882,1078,1,55.06,0.0
2670,2883,1044,2,586.31,0.0
2670,2883,1063,1,21.75,0.0
2672,2884,1044,1,586.31,0.0
2672,2884,1057,1,194.48,0.0
2672,2884,1014,1,67.55,0.0
2675,2885,1002,1,67.11,0.0
2675,2885,1092,1,77.3,0.0
2677,2886,1016,1,77.28,0.0
2678,2887,1026,1,647.46,0.0
2679,2888,1052,1,150.08,0.0
2679,2888,1033,1,873.93,0.0
2681,2889,1022,3,69.13,0.0
2682,2890,1001,1,36.36,0.0
2682,2890,1092,1,77.3,0.0
2684,2891,1022,1,69.13,0.0
2685,2892,1057,1,194.48,0.0
2686,2893,1028,1,520.87,0.0
2687,2894,1050,2,138.13,0.0
2687,2894,1046,3,639.26,0.0
2689,2895,1092,1,77.3,0.0
2690,2896,1044,2,586.31,0.0
2691,2897,1094,1,85.98,0.0
2691,2897,1092,1,77.3,0.0
2693,2898,1003,1,20.69,0.0
2694,2899,1006,2,35.72,0.0
2695,2900,1027,1,504.49,0.0
2696,2901,1024,2,36.24,0.0
2696,2901,1096,1,20.16,0.0
2698,2902,1024,1,36.24,0.0
2698,2902,1035,1,100.58,0.0
2700,2903,1095,1,77.08,0.0
2700,2903,1037,1,756.71,0.0
2702,2904,1027,1,504.49,0.0
2703,2905,1011,1,39.64,0.0
2703,2905,1056,1,203.45,0.0
2703,2905,1022,1,69.13,0.0
2706,2906,1006,1,35.72,0.0
2707,2907,1087,1,37.24,0.0
2708,2908,1036,2,354.4,0.0
2708,2908,1020,1,44.34,0.0
2710,2909,1077,1,28.81,0.0
2710,2909,1051,1,138.75,0.0
2712,2910,1071,1,215.5,0.0
2713,2911,1012,1,44.35,0.0
2714,2912,1012,3,44.35,0.0
2714,2912,1068,1,78.07,0.0
2716,2913,1022,2,69.13,0.0
2717,2914,1088,3,41.46,0.0
2717,2914,1013,2,86.41,0.0
2719,2915,1095,1,77.08,0.0
2720,2916,1088,1,41.46,0.0
2720,2916,1052,1,150.08,0.0
2722,2917,1018,1,82.3,0.0
2722,2917,1047,1,76.32,0.0
2724,2918,1029,1,1060.03,0.0
2724,2918,1074,2,39.9,0.0
2724,2918,1055,1,185.41,0.0
2727,2919,1049,3,99.06,0.0
2728,2920,1050,1,138.13,0.0
2729,2921,1053,1,81.38,0.0
2730,2922,1026,3,647.46,0.0
2731,2923,1024,1,36.24,0.0
2731,2923,1026,1,647.46,0.0
2731,2923,1058,1,120.13,0.0
2734,2924,1045,1,392.31,0.0
2734,2924,1077,1,28.81,0.0
2736,2925,1008,1,41.08,0.0
2737,2926,1057,1,194.48,0.0
2738,2927,1005,1,81.69,0.0
2739,2928,1068,2,78.07,0.0
2740,2929,1049,1,99.06,0.0
2741,2930,1073,2,116.43,0.0
2742,2931,1024,2,36.24,0.0
2743,2932,1040,1,1029.67,0.0
2744,2933,1006,1,35.72,0.0
2744,2933,1042,1,227.11,0.0
2746,2934,1030,1,72.15,0.0
2747,2935,1083,3,90.43,0.0
2748,2936,1040,1,1029.67,0.0
2749,2937,1088,1,41.46,0.0
2750,2938,1009,1,69.18,0.0
2751,2939,1093,1,62.3,0.0
2752,2940,1028,3,520.87,0.0
2753,2941,1068,3,78.07,0.0
2754,2942,1061,3,156.46,0.0
2755,2943,1039,1,194.84,0.0
2756,2944,1011,1,39.64,0.0
2757,2945,1057,1,194.48,0.0
2758,2946,1014,1,67.55,0.0
2759,2947,1006,1,35.72,0.0
2759,2947,1046,2,639.26,0.0
2761,2948,1039,1,194.84,0.0
2762,2949,1014,1,67.55,0.0
2763,2950,1046,1,639.26,0.0
2764,2951,1018,1,82.3,0.0
2765,2952,1038,1,1082.55,0.0
2766,2953,1040,1,1029.67,0.0
2767,2954,1032,2,319.94,0.0
2768,2955,1029,3,1060.03,0.0
2769,2956,1068,1,78.07,0.0
2769,2956,1037,1,756.71,0.0
2771,2957,1018,1,82.3,0.0
2771,2957,1036,1,354.4,0.0
2771,2957,1022,1,69.13,0.0
2774,2958,1015,1,84.52,0.0
2775,2959,1012,1,44.35,0.0
2775,2959,1082,1,52.97,0.0
2777,2960,1038,1,1082.55,0.0
2777,2960,1020,1,44.34,0.0
2777,2960,1015,1,84.52,0.0
2780,2961,1039,1,194.84,0.0
2781,2962,1068,1,78.07,0.0
2781,2962,1006,1,35.72,0.0
2783,2963,1093,1,62.3,0.0
2784,2964,1077,1,28.81,0.0
2785,2965,1087,1,37.24,0.0
2786,2966,1033,1,873.93,0.0
2786,2966,1014,1,67.55,0.0
2788,2967,1002,1,67.11,0.0
2789,2968,1060,2,86.84,0.0
2790,2969,1043,1,947.82,0.0
2790,2969,1049,1,99.06,0.0
2792,2970,1030,1,72.15,0.0
2792,2970,1037,2,756.71,0.0
2792,2970,1091,1,55.48,0.0
2795,2971,1047,1,76.32,0.0
2796,2972,1039,1,194.84,0.0
2796,2972,1075,1,96.79,0.0
2798,2973,1066,1,155.63,0.0
2799,2974,1046,1,639.26,0.0
2800,2975,1095,1,77.08,0.0
2800,2975,1066,1,155.63,0.0
2802,2976,1027,1,504.49,0.0
2803,2977,1076,1,77.95,0.0
2804,2978,1037,1,756.71,0.0
2805,2979,1008,3,41.08,0.0
2806,2980,1052,1,150.08,0.0
2807,2981,1091,1,55.48,0.0
2808,2982,1020,1,44.34,0.0
2809,2983,1093,1,62.3,0.0
2810,2984,1035,1,100.58,0.0
2811,2985,1039,1,194.84,0.0
2812,2986,1069,1,160.51,0.0
2813,2987,1006,1,35.72,0.0
2814,2988,1074,1,39.9,0.0
2814,2988,1011,1,39.64,0.0
2814,2988,1045,1,392.31,0.0
2817,2989,1015,3,84.52,0.0
2818,2990,1073,3,116.43,0.0
2818,2990,1077,1,28.81,0.0
2820,2991,1015,1,84.52,0.0
2820,2991,1067,2,196.26,0.0
2822,2992,1010,1,29.41,0.0
2823,2993,1086,1,91.38,0.0
2824,2994,1034,1,479.4,0.0
2825,2995,1065,1,123.39,0.0
2826,2996,1052,1,150.08,0.0
2827,2997,1074,2,39.9,0.0
2828,2998,1079,1,61.11,0.0
2828,2998,1092,1,77.3,0.0
2830,2999,1006,1,35.72,0.0
2831,3000,1072,1,156.31,0.0
2832,3001,1032,1,319.94,0.0
2833,3002,1081,2,58.16,0.0
2833,3002,1043,1,947.82,0.0
2833,3002,1074,1,39.9,0.0
2836,3003,1009,1,69.18,0.0
2837,3004,1030,1,72.15,0.0
2837,3004,1090,1,42.32,0.0
2837,3004,1079,3,61.11,0.0
2840,3005,1080,1,13.23,0.0
2840,3005,1042,2,227.11,0.0
2842,3006,1064,1,227.42,0.0
2843,3007,1025,1,66.38,0.0
2843,3007,1036,1,354.4,0.0
2843,3007,1077,2,28.81,0.0
2846,3008,1018,1,82.3,0.0
2847,3009,1070,1,66.74,0.0
2847,3009,1064,1,227.42,0.0
2849,3010,1015,1,84.52,0.0
2850,3011,1089,1,35.23,0.0
2850,3011,1073,1,116.43,0.0
2850,3011,1028,3,520.87,0.0
2853,3012,1006,1,35.72,0.0
2854,3013,1059,3,147.27,0.0
2854,3013,1079,3,61.11,0.0
2856,3014,1033,1,873.93,0.0
2857,3015,1004,3,69.11,0.0
2857,3015,1025,1,66.38,0.0
2859,3016,1012,2,44.35,0.0
2859,3016,1008,1,41.08,0.0
2861,3017,1087,1,37.24,0.0
2862,3018,1089,3,35.23,0.0
2863,3019,1070,2,66.74,0.0
2863,3019,1073,1,116.43,0.0
2865,3020,1017,2,51.27,0.0
2865,3020,1027,2,504.49,0.0
2867,3021,1093,1,62.3,0.0
2868,3022,1078,1,55.06,0.0
2868,3022,1064,3,227.42,0.0
2870,3023,1002,1,67.11,0.0
2871,3024,1031,1,244.09,0.0
2872,3025,1023,1,32.62,0.0
2873,3026,1065,3,123.39,0.0
2874,3027,1091,1,55.48,0.0
2875,3028,1091,1,55.48,0.0
2875,3028,1004,1,69.11,0.0
2875,3028,1030,1,72.15,0.0
2878,3029,1060,2,86.84,0.0
2879,3030,1001,3,36.36,0.0
2880,3031,1042,3,227.11,0.0
2880,3031,1091,2,55.48,0.0
2882,3032,1004,1,69.11,0.0
2883,3033,1038,1,1082.55,0.0
2884,3034,1067,1,196.26,0.0
2884,3034,1096,3,20.16,0.0
2886,3035,1051,1,138.75,0.0
2886,3035,1065,1,123.39,0.0
2888,3036,1032,3,319.94,0.0
2889,3037,1047,1,76.32,0.0
2890,3038,1002,1,67.11,0.0
2890,3038,1019,1,39.27,0.0
2892,3039,1029,1,1060.03,0.0
2892,3039,1086,1,91.38,0.0
2894,3040,1047,1,76.32,0.0
2895,3041,1065,1,123.39,0.0
2896,3042,1047,1,76.32,0.0
2897,3043,1083,1,90.43,0.0
2898,3044,1081,2,58.16,0.0
2898,3044,1051,2,138.75,0.0
2900,3045,1076,1,77.95,0.0
2901,3046,1042,1,227.11,0.0
2901,3046,1052,1,150.08,0.0
2903,3047,1004,1,69.11,0.0
2904,3048,1076,1,77.95,0.0
2904,3048,1070,1,66.74,0.0
2906,3049,1082,2,52.97,0.0
2907,3050,1092,1,77.3,0.0
2908,3051,1018,1,82.3,0.0
2908,3051,1061,1,156.46,0.0
2910,3052,1044,3,586.31,0.0
2911,3053,1012,3,44.35,0.0
2912,3054,1030,1,72.15,0.0
2913,3055,1026,1,647.46,0.0
2914,3056,1088,2,41.46,0.0
2915,3057,1021,1,59.85,0.0
2916,3058,1052,1,150.08,0.0
2917,3059,1012,1,44.35,0.0
2918,3060,1024,1,36.24,0.0
2919,3061,1094,1,85.98,0.0
2919,3061,1094,1,85.98,0.0
2919,3061,1035,1,100.58,0.0
2922,3062,1094,1,85.98,0.0
2923,3063,1021,1,59.85,0.0
2924,3064,1014,1,67.55,0.0
2925,3065,1019,1,39.27,0.0
2926,3066,1083,1,90.43,0.0
2927,3067,1059,3,147.27,0.0
2928,3068,1067,1,196.26,0.0
2928,3068,1024,2,36.24,0.0
2928,3068,1059,1,147.27,0.0
2931,3069,1075,1,96.79,0.0
2931,3069,1013,1,86.41,0.0
2931,3069,1085,1,46.31,0.0
2934,3070,1088,3,41.46,0.0
2935,3071,1070,1,66.74,0.0
2935,3071,1060,3,86.84,0.0
2935,3071,1091,1,55.48,0.0
2938,3072,1059,1,147.27,0.0
2939,3073,1060,1,86.84,0.0
2940,3074,1070,1,66.74,0.0
2941,3075,1053,1,81.38,0.0
2941,3075,1009,1,69.18,0.0
2943,3076,1047,1,76.32,0.0
2944,3077,1046,1,639.26,0.0
2945,3078,1014,1,67.55,0.0
2946,3079,1034,1,479.4,0.0
2946,3079,1080,1,13.23,0.0
2948,3080,1004,3,69.11,0.0
2949,3081,1048,1,749.58,0.0
2949,3081,1034,3,479.4,0.0
2949,3081,1057,1,194.48,0.0
2952,3082,1046,1,639.26,0.0
2953,3083,1050,1,138.13,0.0
2953,3083,1033,1,873.93,0.0
2955,3084,1021,3,59.85,0.0
2955,3084,1077,1,28.81,0.0
2955,3084,1004,1,69.11,0.0
2958,3085,1088,1,41.46,0.0
2958,3085,1056,3,203.45,0.0
2960,3086,1069,1,160.51,0.0
2960,3086,1071,3,215.5,0.0
2962,3087,1046,1,639.26,0.0
2962,3087,1036,3,354.4,0.0
2964,3088,1050,1,138.13,0.0
2964,3088,1086,1,91.38,0.0
2966,3089,1039,1,194.84,0.0
2967,3090,1065,1,123.39,0.0
2967,3090,1036,1,354.4,0.0
2967,3090,1082,1,52.97,0.0
2970,3091,1038,1,1082.55,0.0
2971,3092,1008,1,41.08,0.0
2972,3093,1002,1,67.11,0.0
2972,3093,1046,1,639.26,0.0
2974,3094,1008,1,41.08,0.0
2975,3095,1056,1,203.45,0.0
2976,3096,1090,1,42.32,0.0
2976,3096,1067,1,196.26,0.0
2978,3097,1079,1,61.11,0.0
2978,3097,1046,2,639.26,0.0
2980,3098,1057,2,194.48,0.0
2981,3099,1038,1,1082.55,0.0
2981,3099,1066,1,155.63,0.0
2983,3100,1086,1,91.38,0.0
2984,3101,1058,1,120.13,0.0
2985,3102,1015,1,84.52,0.0
2985,3102,1053,3,81.38,0.0
2985,3102,1006,1,35.72,0.0
2988,3103,1020,1,44.34,0.0
2989,3104,1093,1,62.3,0.0
2990,3105,1026,1,647.46,0.0
2991,3106,1069,1,160.51,0.0
2992,3107,1002,1,67.11,0.0
2992,3107,1046,3,639.26,0.0
2994,3108,1080,1,13.23,0.0
2994,3108,1019,1,39.27,0.0
2996,3109,1092,1,77.3,0.0
2997,3110,1059,1,147.27,0.0
2998,3111,1017,2,51.27,0.0
2999,3112,1053,1,81.38,0.0
2999,3112,1033,1,873.93,0.0
3001,3113,1080,1,13.23,0.0
3002,3114,1087,1,37.24,0.0
3002,3114,1028,1,520.87,0.0
3004,3115,1076,1,77.95,0.0
3005,3116,1024,1,36.24,0.0
3006,3117,1029,1,1060.03,0.0
3007,3118,1084,2,59.0,0.0
3007,3118,1030,1,72.15,0.0
3009,3119,1037,1,756.71,0.0
3009,3119,1084,1,59.0,0.0
3011,3120,1079,2,61.11,0.0
3011,3120,1010,1,29.41,0.0
3011,3120,1027,2,504.49,0.0
3014,3121,1066,1,155.63,0.0
3015,3122,1037,3,756.71,0.0
3015,3122,1036,1,354.4,0.0
3017,3123,1024,1,36.24,0.0
3018,3124,1085,1,46.31,0.0
3019,3125,1073,1,116.43,0.0
3020,3126,1055,1,185.41,0.0
3021,3127,1038,1,1082.55,0.0
3022,3128,1075,3,96.79,0.0
3023,3129,1040,1,1029.67,0.0
3023,3129,1002,1,67.11,0.0
3025,3130,1037,1,756.71,0.0
3026,3131,1034,1,479.4,0.0
3026,3131,1079,1,61.11,0.0
3028,3132,1085,2,46.31,0.0
3029,3133,1024,1,36.24,0.0
3030,3134,1081,1,58.16,0.0
3031,3135,1036,1,354.4,0.0
3032,3136,1001,1,36.36,0.0
3033,3137,1063,1,21.75,0.0
3034,3138,1046,1,639.26,0.0
3035,3139,1028,1,520.87,0.0
3036,3140,1048,2,749.58,0.0
3036,3140,1086,1,91.38,0.0
3038,3141,1022,1,69.13,0.0
3039,3142,1002,1,67.11,0.0
3040,3143,1046,3,639.26,0.0
3041,3144,1019,1,39.27,0.0
3041,3144,1001,3,36.36,0.0
3043,3145,1036,1,354.4,0.0
3044,3146,1062,2,247.15,0.0
3044,3146,1017,1,51.27,0.0
3044,3146,1020,1,44.34,0.0
3047,3147,1061,1,156.46,0.0
3047,3147,1004,1,69.11,0.0
3049,3148,1008,3,41.08,0.0
3050,3149,1019,1,39.27,0.0
3050,3149,1060,3,86.84,0.0
3050,3149,1064,1,227.42,0.0
3053,3150,1096,1,20.16,0.0
3054,3151,1033,2,873.93,0.0
3055,3152,1067,1,196.26,0.0
3056,3153,1072,1,156.31,0.0
3056,3153,1075,1,96.79,0.0
3056,3153,1008,1,41.08,0.0
3059,3154,1064,1,227.42,0.0
3059,3154,1034,1,479.4,0.0
3061,3155,1006,1,35.72,0.0
3062,3156,1069,1,160.51,0.0
3063,3157,1007,3,72.27,0.0
3064,3158,1051,1,138.75,0.0
3065,3159,1001,1,36.36,0.0
3066,3160,1029,1,1060.03,0.0
3067,3161,1031,1,244.09,0.0
3067,3161,1006,1,35.72,0.0
3067,3161,1088,2,41.46,0.0
3070,3162,1056,1,203.45,0.0
3071,3163,1063,1,21.75,0.0
3071,3163,1002,3,67.11,0.0
3073,3164,1048,1,749.58,0.0
3073,3164,1041,1,201.9,0.0
3075,3165,1091,1,55.48,0.0
3076,3166,1076,1,77.95,0.0
3077,3167,1088,1,41.46,0.0
3077,3167,1027,1,504.49,0.0
3079,3168,1012,1,44.35,0.0
3080,3169,1002,1,67.11,0.0
3081,3170,1045,3,392.31,0.0
3082,3171,1018,1,82.3,0.0
3083,3172,1065,1,123.39,0.0
3084,3173,1026,2,647.46,0.0
3085,3174,1031,2,244.09,0.0
3086,3175,1085,1,46.31,0.0
3086,3175,1074,1,39.9,0.0
3088,3176,1076,1,77.95,0.0
3089,3177,1060,1,86.84,0.0
3090,3178,1039,1,194.84,0.0
3091,3179,1016,1,77.28,0.0
3091,3179,1002,1,67.11,0.0
3093,3180,1030,1,72.15,0.0
3094,3181,1030,1,72.15,0.0
3094,3181,1074,1,39.9,0.0
3096,3182,1039,1,194.84,0.0
3096,3182,1026,1,647.46,0.0
3098,3183,1030,1,72.15,0.0
3099,3184,1035,1,100.58,0.0
3100,3185,1045,1,392.31,0.0
3100,3185,1015,3,84.52,0.0
3100,3185,1066,3,155.63,0.0
3103,3186,1063,3,21.75,0.0
3104,3187,1040,1,1029.67,0.0
3104,3187,1023,2,32.62,0.0
3106,3188,1061,1,156.46,0.0
3107,3189,1058,1,120.13,0.0
3108,3190,1045,1,392.31,0.0
3108,3190,1014,1,67.55,0.0
3110,3191,1017,1,51.27,0.0
3111,3192,1020,1,44.34,0.0
3112,3193,1091,1,55.48,0.0
3112,3193,1087,3,37.24,0.0
3112,3193,1052,2,150.08,0.0
3115,3194,1009,1,69.18,0.0
3116,3195,1038,1,1082.55,0.0
3117,3196,1054,1,34.3,0.0
3117,3196,1049,1,99.06,0.0
3117,3196,1091,2,55.48,0.0
3120,3197,1070,1,66.74,0.0
3120,3197,1089,1,35.23,0.0
3120,3197,1057,1,194.48,0.0
3123,3198,1038,1,1082.55,0.0
3124,3199,1077,1,28.81,0.0
3125,3200,1055,1,185.41,0.0
3126,3201,1053,1,81.38,0.0
3126,3201,1006,1,35.72,0.0
3128,3202,1061,1,156.46,0.0
3129,3203,1068,1,78.07,0.0
3130,3204,1056,1,203.45,0.0
3131,3205,1063,1,21.75,0.0
3132,3206,1001,1,36.36,0.0
3132,3206,1004,1,69.11,0.0
3134,3207,1041,1,201.9,0.0
3135,3208,1036,1,354.4,0.0
3135,3208,1005,3,81.69,0.0
3137,3209,1035,1,100.58,0.0
3138,3210,1047,1,76.32,0.0
3139,3211,1068,2,78.07,0.0
3139,3211,1022,1,69.13,0.0
3141,3212,1082,1,52.97,0.0
3142,3213,1048,1,749.58,0.0
3143,3214,1008,1,41.08,0.0
3144,3215,1066,1,155.63,0.0
3145,3216,1094,1,85.98,0.0
3146,3217,1038,1,1082.55,0.0
3147,3218,1057,1,194.48,0.0
3148,3219,1005,1,81.69,0.0
3149,3220,1082,2,52.97,0.0
3150,3221,1009,1,69.18,0.0
3151,3222,1007,1,72.27,0.0
3151,3222,1034,1,479.4,0.0
3153,3223,1057,1,194.48,0.0
3154,3224,1091,1,55.48,0.0
3154,3224,1051,3,138.75,0.0
3156,3225,1005,2,81.69,0.0
3157,3226,1084,1,59.0,0.0
3157,3226,1048,2,749.58,0.0
3159,3227,1044,2,586.31,0.0
3159,3227,1046,1,639.26,0.0
3161,3228,1074,1,39.9,0.0
3162,3229,1078,1,55.06,0.0
3162,3229,1018,1,82.3,0.0
3162,3229,1013,1,86.41,0.0
3165,3230,1068,1,78.07,0.0
3165,3230,1038,1,1082.55,0.0
3167,3231,1019,2,39.27,0.0
3167,3231,1028,2,520.87,0.0
3169,3232,1048,1,749.58,0.0
3169,3232,1070,1,66.74,0.0
3169,3232,1039,1,194.84,0.0
3172,3233,1087,1,37.24,0.0
3173,3234,1071,1,215.5,0.0
3174,3235,1057,1,194.48,0.0
3174,3235,1080,3,13.23,0.0
3174,3235,1065,2,123.39,0.0
3177,3236,1023,1,32.62,0.0
3178,3237,1039,1,194.84,0.0
3179,3238,1037,2,756.71,0.0
3180,3239,1001,2,36.36,0.0
3180,3239,1096,1,20.16,0.0
3182,3240,1012,1,44.35,0.0
3183,3241,1047,1,76.32,0.0
3184,3242,1051,1,138.75,0.0
3185,3243,1047,1,76.32,0.0
3186,3244,1056,1,203.45,0.0
3186,3244,1077,1,28.81,0.0
3188,3245,1060,3,86.84,0.0
3188,3245,1082,1,52.97,0.0
3190,3246,1004,1,69.11,0.0
3190,3246,1011,2,39.64,0.0
3192,3247,1087,3,37.24,0.0
3193,3248,1044,1,586.31,0.0
3193,3248,1078,1,55.06,0.0
3195,3249,1021,1,59.85,0.0
3196,3250,1046,2,639.26,0.0
3197,3251,1059,2,147.27,0.0
3198,3252,1068,2,78.07,0.0
3199,3253,1070,1,66.74,0.0
3200,3254,1048,1,749.58,0.0
3201,3255,1007,1,72.27,0.0
3202,3256,1013,1,86.41,0.0
3203,3257,1056,1,203.45,0.0
3204,3258,1082,1,52.97,0.0
3204,3258,1050,1,138.13,0.0
3206,3259,1018,1,82.3,0.0
3207,3260,1026,1,647.46,0.0
3208,3261,1093,1,62.3,0.0
3208,3261,1032,1,319.94,0.0
3210,3262,1088,1,41.46,0.0
3210,3262,1041,1,201.9,0.0
3210,3262,1028,1,520.87,0.0
3213,3263,1088,1,41.46,0.0
3214,3264,1038,1,1082.55,0.0
3214,3264,1066,1,155.63,0.0
3214,3264,1018,1,82.3,0.0
3217,3265,1085,3,46.31,0.0
3217,3265,1015,3,84.52,0.0
3219,3266,1048,1,749.58,0.0
3220,3267,1046,2,639.26,0.0
3220,3267,1069,1,160.51,0.0
3222,3268,1055,1,185.41,0.0
3223,3269,1005,1,81.69,0.0
3223,3269,1071,1,215.5,0.0
3225,3270,1001,1,36.36,0.0
3226,3271,1051,1,138.75,0.0
3227,3272,1095,1,77.08,0.0
3228,3273,1039,1,194.84,0.0
3229,3274,1031,1,244.09,0.0
3229,3274,1075,1,96.79,0.0
3231,3275,1042,1,227.11,0.0
3232,3276,1076,1,77.95,0.0
3233,3277,1069,1,160.51,0.0
3234,3278,1088,2,41.46,0.0
3235,3279,1088,1,41.46,0.0
3236,3280,1038,2,1082.55,0.0
3236,3280,1067,1,196.26,0.0
3236,3280,1005,1,81.69,0.0
3239,3281,1058,1,120.13,0.0
3240,3282,1012,1,44.35,0.0
3241,3283,1010,1,29.41,0.0
3241,3283,1035,1,100.58,0.0
3243,3284,1089,1,35.23,0.0
3244,3285,1049,1,99.06,0.0
3244,3285,1053,3,81.38,0.0
3246,3286,1006,3,35.72,0.0
3246,3286,1057,2,194.48,0.0
3248,3287,1068,2,78.07,0.0
3248,3287,1048,1,749.58,0.0
3248,3287,1054,1,34.3,0.0
3251,3288,1087,1,37.24,0.0
3252,3289,1046,1,639.26,0.0
3252,3289,1009,3,69.18,0.0
3254,3290,1015,1,84.52,0.0
3255,3291,1039,1,194.84,0.0
3255,3291,1020,1,44.34,0.0
3255,3291,1010,2,29.41,0.0
3258,3292,1051,2,138.75,0.0
3259,3293,1092,3,77.3,0.0
3259,3293,1073,1,116.43,0.0
3259,3293,1076,1,77.95,0.0
3262,3294,1063,2,21.75,0.0
3262,3294,1062,1,247.15,0.0
3262,3294,1036,1,354.4,0.0
3265,3295,1070,1,66.74,0.0
3266,3296,1058,1,120.13,0.0
3267,3297,1012,3,44.35,0.0
3268,3298,1049,1,99.06,0.0
3269,3299,1002,1,67.11,0.0
3270,3300,1079,2,61.11,0.0
3271,3301,1016,2,77.28,0.0
3272,3302,1089,1,35.23,0.0
3272,3302,1067,2,196.26,0.0
3274,3303,1082,1,52.97,0.0
3275,3304,1040,1,1029.67,0.0
3276,3305,1036,1,354.4,0.0
3277,3306,1042,1,227.11,0.0
3278,3307,1050,1,138.13,0.0
3278,3307,1096,1,20.16,0.0
3278,3307,1022,1,69.13,0.0
3281,3308,1025,1,66.38,0.0
3281,3308,1011,1,39.64,0.0
3283,3309,1005,1,81.69,0.0
3284,3310,1084,1,59.0,0.0
3285,3311,1004,1,69.11,0.0
3285,3311,1050,1,138.13,0.0
3287,3312,1018,1,82.3,0.0
3288,3313,1087,1,37.24,0.0
3288,3313,1090,1,42.32,0.0
3290,3314,1044,1,586.31,0.0
3291,3315,1043,1,947.82,0.0
3292,3316,1046,1,639.26,0.0
3293,3317,1085,1,46.31,0.0
3294,3318,1081,1,58.16,0.0
3295,3319,1026,1,647.46,0.0
3295,3319,1066,1,155.63,0.0
3295,3319,1095,1,77.08,0.0
3298,3320,1057,1,194.48,0.0
3298,3320,1038,1,1082.55,0.0
3300,3321,1018,1,82.3,0.0
3301,3322,1057,2,194.48,0.0
3302,3323,1045,1,392.31,0.0
3303,3324,1016,1,77.28,0.0
3303,3324,1072,1,156.31,0.0
3303,3324,1037,1,756.71,0.0
3306,3325,1065,1,123.39,0.0
3307,3326,1045,1,392.31,0.0
3307,3326,1017,3,51.27,0.0
3307,3326,1075,2,96.79,0.0
3310,3327,1052,1,150.08,0.0
3310,3327,1041,1,201.9,0.0
3312,3328,1079,1,61.11,0.0
3313,3329,1084,1,59.0,0.0
3314,3330,1044,1,586.31,0.0
3314,3330,1084,1,59.0,0.0
3316,3331,1044,3,586.31,0.0
3317,3332,1068,1,78.07,0.0
3317,3332,1047,1,76.32,0.0
3317,3332,1020,1,44.34,0.0
3320,3333,1085,1,46.31,0.0
3321,3334,1067,3,196.26,0.0
3322,3335,1015,1,84.52,0.0
3323,3336,1034,2,479.4,0.0
3323,3336,1071,1,215.5,0.0
3325,3337,1008,1,41.08,0.0
3326,3338,1095,2,77.08,0.0
3327,3339,1092,1,77.3,0.0
3327,3339,1057,1,194.48,0.0
3329,3340,1079,1,61.11,0.0
3329,3340,1006,1,35.72,0.0
3329,3340,1070,1,66.74,0.0
3332,3341,1020,1,44.34,0.0
3333,3342,1009,1,69.18,0.0
3333,3342,1013,1,86.41,0.0
3333,3342,1072,1,156.31,0.0
3336,3343,1038,1,1082.55,0.0
3337,3344,1001,1,36.36,0.0
3338,3345,1034,1,479.4,0.0
3339,3346,1013,1,86.41,0.0
3340,3347,1094,1,85.98,0.0
3341,3348,1022,1,69.13,0.0
3342,3349,1003,1,20.69,0.0
3343,3350,1007,2,72.27,0.0
3343,3350,1050,1,138.13,0.0
3345,3351,1036,1,354.4,0.0
3346,3352,1015,1,84.52,0.0
3347,3353,1069,1,160.51,0.0
3348,3354,1073,3,116.43,0.0
3349,3355,1029,3,1060.03,0.0
3350,3356,1035,1,100.58,0.0
3351,3357,1007,1,72.27,0.0
3352,3358,1074,1,39.9,0.0
3352,3358,1013,1,86.41,0.0
3354,3359,1087,1,37.24,0.0
3354,3359,1062,2,247.15,0.0
3356,3360,1031,1,244.09,0.0
3356,3360,1028,3,520.87,0.0
3358,3361,1064,1,227.42,0.0
3358,3361,1073,1,116.43,0.0
3360,3362,1056,2,203.45,0.0
3361,3363,1009,1,69.18,0.0
3362,3364,1023,1,32.62,0.0
3363,3365,1046,1,639.26,0.0
3364,3366,1070,1,66.74,0.0
3365,3367,1063,1,21.75,0.0
3366,3368,1053,1,81.38,0.0
3367,3369,1045,1,392.31,0.0
3368,3370,1068,1,78.07,0.0
3368,3370,1002,1,67.11,0.0
3368,3370,1023,1,32.62,0.0
3371,3371,1038,1,1082.55,0.0
3372,3372,1032,3,319.94,0.0
3373,3373,1093,1,62.3,0.0
3374,3374,1029,3,1060.03,0.0
3375,3375,1067,1,196.26,0.0
3376,3376,1088,3,41.46,0.0
3377,3377,1039,2,194.84,0.0
3377,3377,1037,1,756.71,0.0
3377,3377,1083,1,90.43,0.0
3380,3378,1002,2,67.11,0.0
3381,3379,1095,3,77.08,0.0
3382,3380,1071,1,215.5,0.0
3383,3381,1060,3,86.84,0.0
3383,3381,1052,2,150.08,0.0
3383,3381,1037,2,756.71,0.0
3386,3382,1011,3,39.64,0.0
3387,3383,1077,1,28.81,0.0
3388,3384,1037,1,756.71,0.0
3389,3385,1060,1,86.84,0.0
3390,3386,1070,1,66.74,0.0
3390,3386,1085,1,46.31,0.0
3390,3386,1067,1,196.26,0.0
3393,3387,1032,3,319.94,0.0
3394,3388,1069,2,160.51,0.0
3395,3389,1082,2,52.97,0.0
3396,3390,1037,1,756.71,0.0
3396,3390,1038,1,1082.55,0.0
3398,3391,1034,3,479.4,0.0
3399,3392,1066,1,155.63,0.0
3400,3393,1073,1,116.43,0.0
3401,3394,1046,1,639.26,0.0
3402,3395,1092,1,77.3,0.0
3402,3395,1095,1,77.08,0.0
3404,3396,1047,1,76.32,0.0
3404,3396,1084,1,59.0,0.0
3406,3397,1051,1,138.75,0.0
3407,3398,1045,1,392.31,0.0
3408,3399,1021,3,59.85,0.0
3409,3400,1022,1,69.13,0.0
3410,3401,1013,1,86.41,0.0
3411,3402,1094,1,85.98,0.0
3411,3402,1045,1,392.31,0.0
3413,3403,1047,1,76.32,0.0
3414,3404,1015,1,84.52,0.0
3415,3405,1046,2,639.26,0.0
3416,3406,1079,1,61.11,0.0
3416,3406,1059,1,147.27,0.0
3418,3407,1020,1,44.34,0.0
3419,3408,1031,1,244.09,0.0
3420,3409,1020,1,44.34,0.0
3421,3410,1060,1,86.84,0.0
3422,3411,1006,2,35.72,0.0
3423,3412,1086,1,91.38,0.0
3424,3413,1005,2,81.69,0.0
3425,3414,1095,1,77.08,0.0
3426,3415,1086,1,91.38,0.0
3427,3416,1049,1,99.06,0.0
3427,3416,1018,1,82.3,0.0
3427,3416,1091,1,55.48,0.0
3430,3417,1054,2,34.3,0.0
3430,3417,1095,1,77.08,0.0
3432,3418,1025,1,66.38,0.0
3433,3419,1028,1,520.87,0.0
3434,3420,1013,1,86.41,0.0
3435,3421,1022,1,69.13,0.0
3436,3422,1076,1,77.95,0.0
3437,3423,1029,1,1060.03,0.0
3438,3424,1062,1,247.15,0.0
3439,3425,1057,2,194.48,0.0
3439,3425,1049,1,99.06,0.0
3441,3426,1010,1,29.41,0.0
3441,3426,1039,3,194.84,0.0
3443,3427,1059,2,147.27,0.0
3444,3428,1049,1,99.06,0.0
3445,3429,1012,1,44.35,0.0
3446,3430,1060,2,86.84,0.0
3447,3431,1036,1,354.4,0.0
3448,3432,1015,1,84.52,0.0
3449,3433,1095,1,77.08,0.0
3449,3433,1046,1,639.26,0.0
3451,3434,1029,1,1060.03,0.0
3451,3434,1043,1,947.82,0.0
3453,3435,1026,1,647.46,0.0
3454,3436,1054,1,34.3,0.0
3455,3437,1060,1,86.84,0.0
3455,3437,1076,1,77.95,0.0
3457,3438,1087,1,37.24,0.0
3458,3439,1013,2,86.41,0.0
3459,3440,1080,1,13.23,0.0
3459,3440,1004,1,69.11,0.0
3459,3440,1087,1,37.24,0.0
3462,3441,1084,1,59.0,0.0
3462,3441,1024,1,36.24,0.0
3462,3441,1067,3,196.26,0.0
3465,3442,1056,1,203.45,0.0
3466,3443,1087,1,37.24,0.0
3467,3444,1061,1,156.46,0.0
3468,3445,1052,3,150.08,0.0
3469,3446,1077,1,28.81,0.0
3470,3447,1055,2,185.41,0.0
3471,3448,1038,1,1082.55,0.0
3472,3449,1074,1,39.9,0.0
3473,3450,1016,1,77.28,0.0
3473,3450,1049,1,99.06,0.0
3475,3451,1027,1,504.49,0.0
3476,3452,1043,3,947.82,0.0
3477,3453,1057,3,194.48,0.0
3477,3453,1042,1,227.11,0.0
3477,3453,1086,1,91.38,0.0
3480,3454,1053,1,81.38,0.0
3480,3454,1092,1,77.3,0.0
3482,3455,1058,2,120.13,0.0
3483,3456,1091,1,55.48,0.0
3484,3457,1096,1,20.16,0.0
3485,3458,1081,1,58.16,0.0
3485,3458,1090,2,42.32,0.0
3485,3458,1003,1,20.69,0.0
3488,3459,1023,3,32.62,0.0
3489,3460,1014,1,67.55,0.0
3489,3460,1068,1,78.07,0.0
3489,3460,1039,1,194.84,0.0
3492,3461,1068,1,78.07,0.0
3493,3462,1063,3,21.75,0.0
3494,3463,1006,3,35.72,0.0
3495,3464,1033,2,873.93,0.0
3495,3464,1036,1,354.4,0.0
3497,3465,1068,1,78.07,0.0
3498,3466,1045,1,392.31,0.0
3499,3467,1063,1,21.75,0.0
3500,3468,1091,3,55.48,0.0
3501,3469,1030,1,72.15,0.0
3501,3469,1075,1,96.79,0.0
3501,3469,1004,2,69.11,0.0
3504,3470,1007,1,72.27,0.0
3504,3470,1036,1,354.4,0.0
3504,3470,1027,2,504.49,0.0
3507,3471,1012,2,44.35,0.0
3508,3472,1011,1,39.64,0.0
3509,3473,1015,1,84.52,0.0
3510,3474,1008,1,41.08,0.0
3511,3475,1065,1,123.39,0.0
3511,3475,1072,1,156.31,0.0
3513,3476,1056,1,203.45,0.0
3513,3476,1055,1,185.41,0.0
3513,3476,1021,1,59.85,0.0
3516,3477,1028,1,520.87,0.0
3517,3478,1077,1,28.81,0.0
3518,3479,1057,1,194.48,0.0
3519,3480,1078,2,55.06,0.0
3520,3481,1035,1,100.58,0.0
3520,3481,1043,2,947.82,0.0
3520,3481,1068,2,78.07,0.0
3523,3482,1034,1,479.4,0.0
3523,3482,1029,1,1060.03,0.0
3525,3483,1011,1,39.64,0.0
3525,3483,1056,3,203.45,0.0
3525,3483,1044,1,586.31,0.0
3528,3484,1083,1,90.43,0.0
3529,3485,1088,1,41.46,0.0
3529,3485,1077,1,28.81,0.0
3531,3486,1080,1,13.23,0.0
3532,3487,1020,3,44.34,0.0
3533,3488,1047,1,76.32,0.0
3533,3488,1070,3,66.74,0.0
3535,3489,1046,1,639.26,0.0
3536,3490,1086,1,91.38,0.0
3536,3490,1080,2,13.23,0.0
3538,3491,1077,1,28.81,0.0
3539,3492,1068,1,78.07,0.0
3540,3493,1057,1,194.48,0.0
3540,3493,1070,1,66.74,0.0
3540,3493,1041,1,201.9,0.0
3543,3494,1096,1,20.16,0.0
3543,3494,1040,1,1029.67,0.0
3545,3495,1034,3,479.4,0.0
3545,3495,1007,1,72.27,0.0
3547,3496,1035,1,100.58,0.0
3548,3497,1021,3,59.85,0.0
3548,3497,1017,2,51.27,0.0
3550,3498,1086,1,91.38,0.0
3551,3499,1049,3,99.06,0.0
3552,3500,1034,1,479.4,0.0
3552,3500,1025,1,66.38,0.0
3552,3500,1033,1,873.93,0.0
3555,3501,1017,1,51.27,0.0
3556,3502,1089,1,35.23,0.0
3557,3503,1022,1,69.13,0.0
3558,3504,1051,1,138.75,0.0
3559,3505,1092,2,77.3,0.0
3560,3506,1038,1,1082.55,0.0
3560,3506,1009,1,69.18,0.0
3562,3507,1008,3,41.08,0.0
3563,3508,1087,1,37.24,0.0
3564,3509,1084,1,59.0,0.0
3564,3509,1020,3,44.34,0.0
3566,3510,1084,1,59.0,0.0
3566,3510,1052,1,150.08,0.0
3568,3511,1081,2,58.16,0.0
3569,3512,1086,1,91.38,0.0
3570,3513,1030,1,72.15,0.0
3571,3514,1090,1,42.32,0.0
3571,3514,1083,1,90.43,0.0
3571,3514,1083,3,90.43,0.0
3574,3515,1075,1,96.79,0.0
3575,3516,1032,1,319.94,0.0
3576,3517,1083,1,90.43,0.0
3577,3518,1044,1,586.31,0.0
3578,3519,1003,1,20.69,0.0
3578,3519,1007,1,72.27,0.0
3580,3520,1049,3,99.06,0.0
3581,3521,1016,2,77.28,0.0
3582,3522,1020,3,44.34,0.0
3583,3523,1044,1,586.31,0.0
3584,3524,1005,1,81.69,0.0
3585,3525,1076,1,77.95,0.0
3586,3526,1035,1,100.58,0.0
3587,3527,1018,1,82.3,0.0
3588,3528,1026,1,647.46,0.0
3589,3529,1014,1,67.55,0.0
3589,3529,1093,1,62.3,0.0
3591,3530,1048,1,749.58,0.0
3591,3530,1095,1,77.08,0.0
3593,3531,1011,1,39.64,0.0
3594,3532,1028,1,520.87,0.0
3595,3533,1071,1,215.5,0.0
3595,3533,1046,1,639.26,0.0
3597,3534,1043,1,947.82,0.0
3598,3535,1089,1,35.23,0.0
3598,3535,1055,1,185.41,0.0
3600,3536,1065,3,123.39,0.0
3601,3537,1029,1,1060.03,0.0
3602,3538,1015,2,84.52,0.0
3602,3538,1008,1,41.08,0.0
3604,3539,1002,3,67.11,0.0
3605,3540,1012,1,44.35,0.0
3606,3541,1084,3,59.0,0.0
3607,3542,1037,1,756.71,0.0
3608,3543,1053,3,81.38,0.0
3609,3544,1090,1,42.32,0.0
3610,3545,1074,1,39.9,0.0
3611,3546,1065,2,123.39,0.0
3612,3547,1086,1,91.38,0.0
3612,3547,1075,3,96.79,0.0
3614,3548,1018,2,82.3,0.0
3615,3549,1062,1,247.15,0.0
3615,3549,1063,1,21.75,0.0
3615,3549,1071,1,215.5,0.0
3618,3550,1013,1,86.41,0.0
3619,3551,1010,1,29.41,0.0
3620,3552,1074,1,39.9,0.0
3620,3552,1020,1,44.34,0.0
3622,3553,1092,1,77.3,0.0
3622,3553,1061,1,156.46,0.0
3624,3554,1012,1,44.35,0.0
3625,3555,1033,1,873.93,0.0
3625,3555,1079,1,61.11,0.0
3627,3556,1088,1,41.46,0.0
3628,3557,1003,1,20.69,0.0
3629,3558,1073,1,116.43,0.0
3629,3558,1091,1,55.48,0.0
3631,3559,1083,2,90.43,0.0
3632,3560,1051,1,138.75,0.0
3632,3560,1054,1,34.3,0.0
3634,3561,1005,1,81.69,0.0
3635,3562,1001,2,36.36,0.0
3635,3562,1096,1,20.16,0.0
3635,3562,1041,1,201.9,0.0
3638,3563,1020,1,44.34,0.0
3639,3564,1023,3,32.62,0.0
3640,3565,1010,1,29.41,0.0
3641,3566,1035,1,100.58,0.0
3642,3567,1088,1,41.46,0.0
3643,3568,1034,2,479.4,0.0
3644,3569,1025,3,66.38,0.0
3645,3570,1058,1,120.13,0.0
3646,3571,1043,1,947.82,0.0
3646,3571,1030,1,72.15,0.0
3646,3571,1068,1,78.07,0.0
3649,3572,1067,1,196.26,0.0
3649,3572,1007,1,72.27,0.0
3651,3573,1054,1,34.3,0.0
3652,3574,1036,1,354.4,0.0
3653,3575,1084,3,59.0,0.0
3654,3576,1066,2,155.63,0.0
3654,3576,1085,1,46.31,0.0
3656,3577,1069,1,160.51,0.0
3657,3578,1034,3,479.4,0.0
3657,3578,1079,1,61.11,0.0
3657,3578,1007,1,72.27,0.0
3660,3579,1046,2,639.26,0.0
3661,3580,1009,1,69.18,0.0
3662,3581,1093,1,62.3,0.0
3663,3582,1025,1,66.38,0.0
3664,3583,1085,1,46.31,0.0
3664,3583,1038,1,1082.55,0.0
3664,3583,1042,1,227.11,0.0
3667,3584,1002,1,67.11,0.0
3668,3585,1021,1,59.85,0.0
3669,3586,1003,1,20.69,0.0
3669,3586,1048,1,749.58,0.0
3671,3587,1082,1,52.97,0.0
3672,3588,1078,1,55.06,0.0
3672,3588,1065,2,123.39,0.0
3674,3589,1038,1,1082.55,0.0
3674,3589,1033,1,873.93,0.0
3676,3590,1012,1,44.35,0.0
3676,3590,1008,1,41.08,0.0
3676,3590,1063,1,21.75,0.0
3679,3591,1080,1,13.23,0.0
3679,3591,1036,1,354.4,0.0
3681,3592,1027,1,504.49,0.0
3681,3592,1073,2,116.43,0.0
3681,3592,1005,1,81.69,0.0
3684,3593,1016,1,77.28,0.0
3684,3593,1040,1,1029.67,0.0
3684,3593,1055,1,185.41,0.0
3687,3594,1045,3,392.31,0.0
3688,3595,1067,2,196.26,0.0
3689,3596,1025,3,66.38,0.0
3690,3597,1029,1,1060.03,0.0
3691,3598,1055,1,185.41,0.0
3691,3598,1075,1,96.79,0.0
3693,3599,1075,1,96.79,0.0
3694,3600,1046,1,639.26,0.0
3694,3600,1029,1,1060.03,0.0
3696,3601,1058,1,120.13,0.0
3697,3602,1036,1,354.4,0.0
3698,3603,1067,1,196.26,0.0
3699,3604,1076,1,77.95,0.0
3700,3605,1030,1,72.15,0.0
3701,3606,1014,1,67.55,0.0
3701,3606,1044,1,586.31,0.0
3703,3607,1039,1,194.84,0.0
3704,3608,1087,1,37.24,0.0
3705,3609,1066,1,155.63,0.0
3705,3609,1050,1,138.13,0.0
3707,3610,1094,1,85.98,0.0
3708,3611,1036,1,354.4,0.0
3709,3612,1062,1,247.15,0.0
3709,3612,1016,1,77.28,0.0
3711,3613,1067,1,196.26,0.0
3712,3614,1092,1,77.3,0.0
3712,3614,1083,1,90.43,0.0
3714,3615,1024,1,36.24,0.0
3714,3615,1023,1,32.62,0.0
3716,3616,1057,1,194.48,0.0
3716,3616,1093,1,62.3,0.0
3718,3617,1016,1,77.28,0.0
3718,3617,1001,1,36.36,0.0
3720,3618,1007,2,72.27,0.0
3721,3619,1072,1,156.31,0.0
3722,3620,1051,2,138.75,0.0
3723,3621,1030,1,72.15,0.0
3724,3622,1066,1,155.63,0.0
3725,3623,1025,3,66.38,0.0
3726,3624,1069,1,160.51,0.0
3726,3624,1082,1,52.97,0.0
3728,3625,1041,1,201.9,0.0
3728,3625,1068,1,78.07,0.0
3728,3625,1021,2,59.85,0.0
3731,3626,1003,3,20.69,0.0
3731,3626,1075,2,96.79,0.0
3733,3627,1071,1,215.5,0.0
3734,3628,1032,2,319.94,0.0
3735,3629,1010,3,29.41,0.0
3735,3629,1021,1,59.85,0.0
3735,3629,1018,1,82.3,0.0
3738,3630,1051,1,138.75,0.0
3738,3630,1030,1,72.15,0.0
3740,3631,1008,1,41.08,0.0
3740,3631,1080,1,13.23,0.0
3740,3631,1039,1,194.84,0.0
3743,3632,1037,3,756.71,0.0
3743,3632,1057,1,194.48,0.0
3745,3633,1006,1,35.72,0.0
3745,3633,1075,1,96.79,0.0
3745,3633,1090,1,42.32,0.0
3748,3634,1043,1,947.82,0.0
3749,3635,1006,1,35.72,0.0
3750,3636,1052,1,150.08,0.0
3751,3637,1048,1,749.58,0.0
3752,3638,1096,1,20.16,0.0
3753,3639,1036,1,354.4,0.0
3754,3640,1051,1,138.75,0.0
3754,3640,1089,1,35.23,0.0
3756,3641,1044,1,586.31,0.0
3757,3642,1049,1,99.06,0.0
3757,3642,1077,1,28.81,0.0
3759,3643,1037,1,756.71,0.0
3760,3644,1025,1,66.38,0.0
3761,3645,1021,3,59.85,0.0
3762,3646,1069,1,160.51,0.0
3762,3646,1068,1,78.07,0.0
3762,3646,1043,3,947.82,0.0
3765,3647,1081,1,58.16,0.0
3765,3647,1050,1,138.13,0.0
3765,3647,1051,1,138.75,0.0
3768,3648,1033,1,873.93,0.0
3769,3649,1029,1,1060.03,0.0
3769,3649,1051,1,138.75,0.0
3771,3650,1003,1,20.69,0.0
3771,3650,1014,1,67.55,0.0
3771,3650,1090,1,42.32,0.0
3774,3651,1083,1,90.43,0.0
3774,3651,1008,1,41.08,0.0
3774,3651,1016,1,77.28,0.0
3777,3652,1088,1,41.46,0.0
3777,3652,1051,1,138.75,0.0
3779,3653,1019,1,39.27,0.0
3779,3653,1024,1,36.24,0.0
3781,3654,1007,1,72.27,0.0
3782,3655,1028,1,520.87,0.0
3782,3655,1049,1,99.06,0.0
3784,3656,1080,1,13.23,0.0
3784,3656,1014,1,67.55,0.0
3786,3657,1055,1,185.41,0.0
3787,3658,1081,1,58.16,0.0
3788,3659,1060,1,86.84,0.0
3789,3660,1011,1,39.64,0.0
3789,3660,1007,1,72.27,0.0
3791,3661,1093,2,62.3,0.0
3791,3661,1008,1,41.08,0.0
3793,3662,1041,1,201.9,0.0
3794,3663,1041,2,201.9,0.0
3795,3664,1029,1,1060.03,0.0
3796,3665,1061,1,156.46,0.0
3796,3665,1012,1,44.35,0.0
3798,3666,1023,1,32.62,0.0
3798,3666,1012,3,44.35,0.0
3798,3666,1009,1,69.18,0.0
3801,3667,1063,1,21.75,0.0
3801,3667,1057,3,194.48,0.0
3803,3668,1055,1,185.41,0.0
3804,3669,1030,1,72.15,0.0
3805,3670,1007,1,72.27,0.0
3806,3671,1060,1,86.84,0.0
3807,3672,1036,1,354.4,0.0
3808,3673,1090,1,42.32,0.0
3809,3674,1043,1,947.82,0.0
3810,3675,1064,1,227.42,0.0
3811,3676,1034,1,479.4,0.0
3812,3677,1062,3,247.15,0.0
3813,3678,1052,1,150.08,0.0
3813,3678,1044,1,586.31,0.0
3815,3679,1030,1,72.15,0.0
3816,3680,1029,2,1060.03,0.0
3816,3680,1039,3,194.84,0.0
3816,3680,1069,1,160.51,0.0
3819,3681,1057,2,194.48,0.0
3820,3682,1058,1,120.13,0.0
3821,3683,1062,1,247.15,0.0
3822,3684,1056,1,203.45,0.0
3823,3685,1080,1,13.23,0.0
3824,3686,1022,1,69.13,0.0
3825,3687,1073,2,116.43,0.0
3825,3687,1095,1,77.08,0.0
3827,3688,1045,1,392.31,0.0
3828,3689,1019,1,39.27,0.0
3829,3690,1084,2,59.0,0.0
3829,3690,1036,1,354.4,0.0
3831,3691,1028,2,520.87,0.0
3832,3692,1024,1,36.24,0.0
3833,3693,1034,1,479.4,0.0
3834,3694,1005,1,81.69,0.0
3834,3694,1013,2,86.41,0.0
3834,3694,1063,1,21.75,0.0
3837,3695,1036,1,354.4,0.0
3837,3695,1079,1,61.11,0.0
3839,3696,1067,1,196.26,0.0
3840,3697,1034,1,479.4,0.0
3841,3698,1018,1,82.3,0.0
3842,3699,1079,1,61.11,0.0
3843,3700,1052,1,150.08,0.0
3844,3701,1031,3,244.09,0.0
3845,3702,1076,1,77.95,0.0
3846,3703,1016,1,77.28,0.0
3847,3704,1034,1,479.4,0.0
3848,3705,1025,1,66.38,0.0
3849,3706,1021,2,59.85,0.0
3849,3706,1053,1,81.38,0.0
3849,3706,1067,1,196.26,0.0
3852,3707,1067,1,196.26,0.0
3852,3707,1007,1,72.27,0.0
3852,3707,1049,1,99.06,0.0
3855,3708,1083,1,90.43,0.0
3856,3709,1019,2,39.27,0.0
3857,3710,1047,1,76.32,0.0
3858,3711,1012,1,44.35,0.0
3859,3712,1056,2,203.45,0.0
3860,3713,1041,3,201.9,0.0
3861,3714,1084,1,59.0,0.0
3862,3715,1069,2,160.51,0.0
3863,3716,1094,1,85.98,0.0
3864,3717,1055,1,185.41,0.0
3865,3718,1029,1,1060.03,0.0
3866,3719,1030,1,72.15,0.0
3866,3719,1035,1,100.58,0.0
3866,3719,1016,1,77.28,0.0
3869,3720,1086,1,91.38,0.0
3870,3721,1049,2,99.06,0.0
3871,3722,1040,1,1029.67,0.0
3872,3723,1030,1,72.15,0.0
3873,3724,1076,1,77.95,0.0
3874,3725,1069,1,160.51,0.0
3875,3726,1093,1,62.3,0.0
3875,3726,1014,1,67.55,0.0
3875,3726,1068,1,78.07,0.0
3878,3727,1095,1,77.08,0.0
3879,3728,1005,3,81.69,0.0
3880,3729,1070,1,66.74,0.0
3880,3729,1041,2,201.9,0.0
3882,3730,1010,1,29.41,0.0
3882,3730,1016,3,77.28,0.0
3882,3730,1067,1,196.26,0.0
3885,3731,1027,1,504.49,0.0
3886,3732,1003,1,20.69,0.0
3887,3733,1051,1,138.75,0.0
3888,3734,1080,3,13.23,0.0
3888,3734,1076,1,77.95,0.0
3890,3735,1012,1,44.35,0.0
3891,3736,1062,1,247.15,0.0
3891,3736,1094,2,85.98,0.0
3893,3737,1031,1,244.09,0.0
3894,3738,1015,1,84.52,0.0
3894,3738,1081,1,58.16,0.0
3896,3739,1001,1,36.36,0.0
3897,3740,1007,2,72.27,0.0
3898,3741,1012,1,44.35,0.0
3899,3742,1025,1,66.38,0.0
3900,3743,1095,2,77.08,0.0
3901,3744,1088,1,41.46,0.0
3902,3745,1065,1,123.39,0.0
3903,3746,1023,1,32.62,0.0
3904,3747,1019,1,39.27,0.0
3904,3747,1086,3,91.38,0.0
3906,3748,1055,1,185.41,0.0
3906,3748,1016,1,77.28,0.0
3908,3749,1034,3,479.4,0.0
3908,3749,1064,1,227.42,0.0
3908,3749,1010,3,29.41,0.0
3911,3750,1031,1,244.09,0.0
3911,3750,1031,1,244.09,0.0
3913,3751,1062,1,247.15,0.0
3914,3752,1052,3,150.08,0.0
3914,3752,1027,1,504.49,0.0
3916,3753,1071,1,215.5,0.0
3917,3754,1095,1,77.08,0.0
3917,3754,1024,1,36.24,0.0
3917,3754,1064,1,227.42,0.0
3920,3755,1001,1,36.36,0.0
3921,3756,1021,1,59.85,0.0
3922,3757,1063,1,21.75,0.0
3922,3757,1026,2,647.46,0.0
3924,3758,1014,2,67.55,0.0
3925,3759,1040,1,1029.67,0.0
3925,3759,1078,1,55.06,0.0
3925,3759,1044,3,586.31,0.0
3928,3760,1078,1,55.06,0.0
3929,3761,1021,1,59.85,0.0
3929,3761,1093,1,62.3,0.0
3931,3762,1053,1,81.38,0.0
3932,3763,1028,1,520.87,0.0
3933,3764,1080,1,13.23,0.0
3934,3765,1091,1,55.48,0.0
3935,3766,1002,1,67.11,0.0
3935,3766,1010,1,29.41,0.0
3935,3766,1060,1,86.84,0.0
3938,3767,1019,1,39.27,0.0
3939,3768,1087,2,37.24,0.0
3940,3769,1040,1,1029.67,0.0
3940,3769,1082,1,52.97,0.0
3940,3769,1087,1,37.24,0.0
3943,3770,1059,1,147.27,0.0
3944,3771,1062,1,247.15,0.0
3945,3772,1061,2,156.46,0.0
3946,3773,1089,1,35.23,0.0
3947,3774,1077,1,28.81,0.0
3947,3774,1004,1,69.11,0.0
3947,3774,1005,2,81.69,0.0
3950,3775,1072,1,156.31,0.0
3951,3776,1091,2,55.48,0.0
3951,3776,1085,1,46.31,0.0
3953,3777,1060,2,86.84,0.0
3954,3778,1089,3,35.23,0.0
3954,3778,1046,3,639.26,0.0
3956,3779,1007,1,72.27,0.0
3956,3779,1021,1,59.85,0.0
3956,3779,1080,1,13.23,0.0
3959,3780,1046,1,639.26,0.0
3960,3781,1080,1,13.23,0.0
3961,3782,1032,1,319.94,0.0
3962,3783,1083,1,90.43,0.0
3963,3784,1047,1,76.32,0.0
3964,3785,1010,1,29.41,0.0
3964,3785,1039,3,194.84,0.0
3966,3786,1003,1,20.69,0.0
3967,3787,1007,1,72.27,0.0
3967,3787,1058,3,120.13,0.0
3967,3787,1019,1,39.27,0.0
3970,3788,1080,1,13.23,0.0
3971,3789,1014,1,67.55,0.0
3972,3790,1090,1,42.32,0.0
3972,3790,1019,1,39.27,0.0
3972,3790,1029,3,1060.03,0.0
3975,3791,1058,2,120.13,0.0
3976,3792,1024,1,36.24,0.0
3976,3792,1045,1,392.31,0.0
3976,3792,1087,1,37.24,0.0
3979,3793,1030,1,72.15,0.0
3979,3793,1011,1,39.64,0.0
3981,3794,1018,1,82.3,0.0
3982,3795,1075,1,96.79,0.0
3983,3796,1089,2,35.23,0.0
3984,3797,1055,1,185.41,0.0
3985,3798,1092,2,77.3,0.0
3986,3799,1062,1,247.15,0.0
3986,3799,1038,1,1082.55,0.0
3986,3799,1013,3,86.41,0.0
3989,3800,1053,1,81.38,0.0
3990,3801,1095,2,77.08,0.0
3991,3802,1007,1,72.27,0.0
3992,3803,1045,1,392.31,0.0
3993,3804,1019,2,39.27,0.0
3993,3804,1018,1,82.3,0.0
3995,3805,1085,2,46.31,0.0
3995,3805,1057,1,194.48,0.0
3997,3806,1051,2,138.75,0.0
3998,3807,1017,3,51.27,0.0
3999,3808,1047,2,76.32,0.0
3999,3808,1050,1,138.13,0.0
4001,3809,1029,1,1060.03,0.0
4001,3809,1008,2,41.08,0.0
4001,3809,1064,1,227.42,0.0
4004,3810,1081,1,58.16,0.0
4005,3811,1066,1,155.63,0.0
4006,3812,1074,1,39.9,0.0
4007,3813,1071,1,215.5,0.0
4007,3813,1057,1,194.48,0.0
4009,3814,1086,1,91.38,0.0
4010,3815,1011,2,39.64,0.0
4010,3815,1084,1,59.0,0.0
4010,3815,1052,1,150.08,0.0
4013,3816,1067,1,196.26,0.0
4014,3817,1044,3,586.31,0.0
4014,3817,1031,2,244.09,0.0
4016,3818,1059,1,147.27,0.0
4016,3818,1091,1,55.48,0.0
4018,3819,1086,1,91.38,0.0
4019,3820,1083,1,90.43,0.0
4019,3820,1005,1,81.69,0.0
4021,3821,1002,1,67.11,0.0
4022,3822,1040,1,1029.67,0.0
4023,3823,1061,1,156.46,0.0
4024,3824,1086,1,91.38,0.0
4025,3825,1023,1,32.62,0.0
4025,3825,1084,1,59.0,0.0
4025,3825,1091,2,55.48,0.0
4028,3826,1095,1,77.08,0.0
4029,3827,1066,1,155.63,0.0
4030,3828,1079,1,61.11,0.0
4031,3829,1091,1,55.48,0.0
4032,3830,1011,1,39.64,0.0
4033,3831,1063,1,21.75,0.0
4034,3832,1065,1,123.39,0.0
4035,3833,1080,1,13.23,0.0
4035,3833,1044,1,586.31,0.0
4037,3834,1014,1,67.55,0.0
4038,3835,1069,2,160.51,0.0
4038,3835,1089,3,35.23,0.0
4040,3836,1053,1,81.38,0.0
4041,3837,1027,1,504.49,0.0
4042,3838,1093,3,62.3,0.0
4043,3839,1043,1,947.82,0.0
4044,3840,1046,1,639.26,0.0
4045,3841,1009,1,69.18,0.0
4046,3842,1005,1,81.69,0.0
4047,3843,1058,1,120.13,0.0
4048,3844,1011,1,39.64,0.0
4048,3844,1060,1,86.84,0.0
4050,3845,1024,1,36.24,0.0
4051,3846,1068,1,78.07,0.0
4052,3847,1085,1,46.31,0.0
4052,3847,1028,1,520.87,0.0
4052,3847,1051,1,138.75,0.0
4055,3848,1023,1,32.62,0.0
4056,3849,1044,1,586.31,0.0
4057,3850,1089,1,35.23,0.0
4058,3851,1061,1,156.46,0.0
4059,3852,1011,1,39.64,0.0
4059,3852,1062,1,247.15,0.0
4061,3853,1066,2,155.63,0.0
4062,3854,1073,1,116.43,0.0
4063,3855,1094,1,85.98,0.0
4064,3856,1011,1,39.64,0.0
4064,3856,1042,1,227.11,0.0
4066,3857,1027,1,504.49,0.0
4067,3858,1057,1,194.48,0.0
4068,3859,1094,1,85.98,0.0
4069,3860,1037,1,756.71,0.0
4070,3861,1025,1,66.38,0.0
4071,3862,1059,1,147.27,0.0
4071,3862,1056,2,203.45,0.0
4073,3863,1047,3,76.32,0.0
4074,3864,1071,1,215.5,0.0
4075,3865,1036,1,354.4,0.0
4076,3866,1066,1,155.63,0.0
4076,3866,1027,2,504.49,0.0
4076,3866,1016,1,77.28,0.0
4079,3867,1040,3,1029.67,0.0
4079,3867,1063,1,21.75,0.0
4081,3868,1037,1,756.71,0.0
4082,3869,1037,1,756.71,0.0
4083,3870,1045,3,392.31,0.0
4084,3871,1032,1,319.94,0.0
4084,3871,1066,1,155.63,0.0
4086,3872,1050,1,138.13,0.0
4087,3873,1062,1,247.15,0.0
4088,3874,1047,1,76.32,0.0
4089,3875,1054,1,34.3,0.0
4090,3876,1022,1,69.13,0.0
4091,3877,1050,1,138.13,0.0
4091,3877,1050,3,138.13,0.0
4093,3878,1009,3,69.18,0.0
4094,3879,1073,1,116.43,0.0
4094,3879,1010,2,29.41,0.0
4096,3880,1053,2,81.38,0.0
4097,3881,1039,1,194.84,0.0
4097,3881,1037,1,756.71,0.0
4097,3881,1014,1,67.55,0.0
4100,3882,1019,3,39.27,0.0
4101,3883,1094,1,85.98,0.0
4102,3884,1007,1,72.27,0.0
4103,3885,1072,1,156.31,0.0
4104,3886,1057,1,194.48,0.0
4105,3887,1059,1,147.27,0.0
4106,3888,1038,2,1082.55,0.0
4106,3888,1003,1,20.69,0.0
4106,3888,1081,1,58.16,0.0
4109,3889,1055,1,185.41,0.0
4110,3890,1030,3,72.15,0.0
4111,3891,1012,1,44.35,0.0
4112,3892,1061,2,156.46,0.0
4113,3893,1042,1,227.11,0.0
4114,3894,1083,3,90.43,0.0
4115,3895,1021,1,59.85,0.0
4116,3896,1019,1,39.27,0.0
4117,3897,1071,1,215.5,0.0
4117,3897,1080,1,13.23,0.0
4117,3897,1034,1,479.4,0.0
4120,3898,1021,1,59.85,0.0
4121,3899,1044,1,586.31,0.0
4121,3899,1081,1,58.16,0.0
4123,3900,1011,1,39.64,0.0
4124,3901,1013,1,86.41,0.0
4125,3902,1018,1,82.3,0.0
4126,3903,1055,1,185.41,0.0
4126,3903,1057,1,194.48,0.0
4126,3903,1045,1,392.31,0.0
4129,3904,1068,1,78.07,0.0
4130,3905,1048,1,749.58,0.0
4131,3906,1060,2,86.84,0.0
4131,3906,1031,1,244.09,0.0
4133,3907,1070,2,66.74,0.0
4134,3908,1055,1,185.41,0.0
4135,3909,1015,1,84.52,0.0
4135,3909,1015,1,84.52,0.0
4135,3909,1017,1,51.27,0.0
4138,3910,1093,2,62.3,0.0
4139,3911,1062,1,247.15,0.0
4140,3912,1061,1,156.46,0.0
4140,3912,1084,1,59.0,0.0
4142,3913,1041,1,201.9,0.0
4143,3914,1010,2,29.41,0.0
4144,3915,1077,1,28.81,0.0
4145,3916,1088,1,41.46,0.0
4146,3917,1044,1,586.31,0.0
4147,3918,1003,3,20.69,0.0
4148,3919,1075,1,96.79,0.0
4149,3920,1028,1,520.87,0.0
4150,3921,1088,1,41.46,0.0
4150,3921,1016,1,77.28,0.0
4150,3921,1048,2,749.58,0.0
4153,3922,1096,1,20.16,0.0
4154,3923,1034,1,479.4,0.0
4155,3924,1009,1,69.18,0.0
4156,3925,1047,1,76.32,0.0
4157,3926,1056,1,203.45,0.0
4158,3927,1023,1,32.62,0.0
4159,3928,1025,1,66.38,0.0
4160,3929,1007,1,72.27,0.0
4160,3929,1082,1,52.97,0.0
4162,3930,1050,1,138.13,0.0
4163,3931,1043,1,947.82,0.0
4163,3931,1012,1,44.35,0.0
4163,3931,1084,3,59.0,0.0
4166,3932,1066,1,155.63,0.0
4167,3933,1021,2,59.85,0.0
4168,3934,1078,1,55.06,0.0
4168,3934,1057,1,194.48,0.0
4168,3934,1076,1,77.95,0.0
4171,3935,1078,1,55.06,0.0
4172,3936,1010,3,29.41,0.0
4172,3936,1088,1,41.46,0.0
4174,3937,1024,1,36.24,0.0
4175,3938,1087,1,37.24,0.0
4176,3939,1092,1,77.3,0.0
4176,3939,1023,1,32.62,0.0
4178,3940,1069,1,160.51,0.0
4178,3940,1083,1,90.43,0.0
4180,3941,1017,1,51.27,0.0
4180,3941,1012,3,44.35,0.0
4182,3942,1056,1,203.45,0.0
4182,3942,1040,1,1029.67,0.0
4182,3942,1089,3,35.23,0.0
4185,3943,1077,1,28.81,0.0
4185,3943,1076,1,77.95,0.0
4185,3943,1066,1,155.63,0.0
4188,3944,1019,1,39.27,0.0
4189,3945,1055,1,185.41,0.0
4190,3946,1067,3,196.26,0.0
4191,3947,1088,1,41.46,0.0
4191,3947,1025,1,66.38,0.0
4193,3948,1050,3,138.13,0.0
4194,3949,1035,1,100.58,0.0
4194,3949,1063,1,21.75,0.0
4194,3949,1003,1,20.69,0.0
4197,3950,1028,1,520.87,0.0
4198,3951,1057,1,194.48,0.0
4199,3952,1075,1,96.79,0.0
4200,3953,1052,2,150.08,0.0
4200,3953,1017,1,51.27,0.0
4202,3954,1022,1,69.13,0.0
4203,3955,1003,1,20.69,0.0
4204,3956,1074,2,39.9,0.0
4205,3957,1092,1,77.3,0.0
4206,3958,1093,1,62.3,0.0
4206,3958,1096,1,20.16,0.0
4208,3959,1031,1,244.09,0.0
4209,3960,1015,1,84.52,0.0
4209,3960,1041,1,201.9,0.0
4209,3960,1037,1,756.71,0.0
4212,3961,1036,1,354.4,0.0
4213,3962,1060,1,86.84,0.0
4214,3963,1075,3,96.79,0.0
4214,3963,1080,1,13.23,0.0
4214,3963,1072,1,156.31,0.0
4217,3964,1043,2,947.82,0.0
4218,3965,1096,2,20.16,0.0
4219,3966,1038,1,1082.55,0.0
4220,3967,1036,1,354.4,0.0
4221,3968,1090,1,42.32,0.0
4222,3969,1041,2,201.9,0.0
4223,3970,1089,1,35.23,0.0
4223,3970,1092,1,77.3,0.0
4225,3971,1096,1,20.16,0.0
4226,3972,1009,1,69.18,0.0
4227,3973,1083,1,90.43,0.0
4228,3974,1080,1,13.23,0.0
4228,3974,1056,1,203.45,0.0
4228,3974,1068,1,78.07,0.0
4231,3975,1031,1,244.09,0.0
4232,3976,1064,3,227.42,0.0
4232,3976,1050,1,138.13,0.0
4234,3977,1032,1,319.94,0.0
4235,3978,1048,2,749.58,0.0
4236,3979,1050,3,138.13,0.0
4236,3979,1025,2,66.38,0.0
4238,3980,1091,1,55.48,0.0
4238,3980,1002,3,67.11,0.0
4238,3980,1079,1,61.11,0.0
4241,3981,1093,3,62.3,0.0
4242,3982,1003,1,20.69,0.0
4243,3983,1051,2,138.75,0.0
4244,3984,1005,1,81.69,0.0
4245,3985,1057,1,194.48,0.0
4246,3986,1089,3,35.23,0.0
4247,3987,1079,1,61.11,0.0
4248,3988,1012,1,44.35,0.0
4249,3989,1091,1,55.48,0.0
4250,3990,1022,1,69.13,0.0
4251,3991,1065,1,123.39,0.0
4252,3992,1075,1,96.79,0.0
4253,3993,1011,1,39.64,0.0
4254,3994,1078,3,55.06,0.0
4254,3994,1009,3,69.18,0.0
4254,3994,1034,1,479.4,0.0
4257,3995,1092,1,77.3,0.0
4258,3996,1089,1,35.23,0.0
4258,3996,1024,3,36.24,0.0
4258,3996,1046,1,639.26,0.0
4261,3997,1072,1,156.31,0.0
4262,3998,1071,1,215.5,0.0
4263,3999,1052,3,150.08,0.0
4264,4000,1054,1,34.3,0.0
4265,4001,1008,1,41.08,0.0
4266,4002,1072,1,156.31,0.0
4266,4002,1052,3,150.08,0.0
4268,4003,1073,1,116.43,0.0
4268,4003,1005,1,81.69,0.0
4268,4003,1064,1,227.42,0.0
4271,4004,1066,1,155.63,0.0
4272,4005,1059,1,147.27,0.0
4273,4006,1001,1,36.36,0.0
4274,4007,1041,1,201.9,0.0
4275,4008,1036,1,354.4,0.0
4275,4008,1037,1,756.71,0.0
4277,4009,1064,3,227.42,0.0
4278,4010,1002,1,67.11,0.0
4278,4010,1007,1,72.27,0.0
4278,4010,1034,1,479.4,0.0
4281,4011,1035,1,100.58,0.0
4282,4012,1081,1,58.16,0.0
4283,4013,1017,1,51.27,0.0
4283,4013,1044,1,586.31,0.0
4285,4014,1078,3,55.06,0.0
4286,4015,1077,1,28.81,0.0
4287,4016,1014,1,67.55,0.0
4288,4017,1031,1,244.09,0.0
4288,4017,1017,3,51.27,0.0
4288,4017,1016,1,77.28,0.0
4291,4018,1042,1,227.11,0.0
4291,4018,1042,3,227.11,0.0
4293,4019,1067,1,196.26,0.0
4293,4019,1081,1,58.16,0.0
4295,4020,1068,1,78.07,0.0
4296,4021,1064,2,227.42,0.0
4296,4021,1040,1,1029.67,0.0
4296,4021,1095,1,77.08,0.0
4299,4022,1063,1,21.75,0.0
4300,4023,1038,1,1082.55,0.0
4301,4024,1077,1,28.81,0.0
4302,4025,1003,1,20.69,0.0
4302,4025,1060,1,86.84,0.0
4304,4026,1080,1,13.23,0.0
4304,4026,1063,1,21.75,0.0
4306,4027,1023,1,32.62,0.0
4307,4028,1019,1,39.27,0.0
4307,4028,1024,2,36.24,0.0
4309,4029,1042,1,227.11,0.0
4309,4029,1074,1,39.9,0.0
4311,4030,1013,1,86.41,0.0
4312,4031,1069,1,160.51,0.0
4312,4031,1008,1,41.08,0.0
4314,4032,1022,1,69.13,0.0
4314,4032,1002,3,67.11,0.0
4314,4032,1042,1,227.11,0.0
4317,4033,1028,1,520.87,0.0
4318,4034,1077,1,28.81,0.0
4319,4035,1051,1,138.75,0.0
4319,4035,1072,1,156.31,0.0
4321,4036,1040,1,1029.67,0.0
4322,4037,1067,1,196.26,0.0
4322,4037,1022,1,69.13,0.0
4322,4037,1029,1,1060.03,0.0
4325,4038,1023,1,32.62,0.0
4326,4039,1057,1,194.48,0.0
4327,4040,1077,1,28.81,0.0
4328,4041,1002,1,67.11,0.0
4328,4041,1045,1,392.31,0.0
4328,4041,1026,1,647.46,0.0
4331,4042,1093,1,62.3,0.0
4332,4043,1052,1,150.08,0.0
4333,4044,1049,1,99.06,0.0
4334,4045,1064,2,227.42,0.0
4335,4046,1001,1,36.36,0.0
4336,4047,1004,1,69.11,0.0
4336,4047,1057,1,194.48,0.0
4338,4048,1028,1,520.87,0.0
4339,4049,1004,1,69.11,0.0
4340,4050,1093,1,62.3,0.0
4341,4051,1031,1,244.09,0.0
4342,4052,1019,1,39.27,0.0
4342,4052,1072,1,156.31,0.0
4344,4053,1025,1,66.38,0.0
4344,4053,1011,1,39.64,0.0
4344,4053,1012,1,44.35,0.0
4347,4054,1051,1,138.75,0.0
4348,4055,1032,1,319.94,0.0
4349,4056,1053,1,81.38,0.0
4349,4056,1054,1,34.3,0.0
4351,4057,1073,3,116.43,0.0
4351,4057,1089,1,35.23,0.0
4351,4057,1039,1,194.84,0.0
4354,4058,1015,1,84.52,0.0
4355,4059,1060,1,86.84,0.0
4356,4060,1052,1,150.08,0.0
4357,4061,1043,1,947.82,0.0
4358,4062,1094,2,85.98,0.0
4359,4063,1034,1,479.4,0.0
4359,4063,1090,1,42.32,0.0
4361,4064,1041,3,201.9,0.0
4362,4065,1094,1,85.98,0.0
4362,4065,1086,1,91.38,0.0
4364,4066,1074,1,39.9,0.0
4365,4067,1042,1,227.11,0.0
4366,4068,1086,1,91.38,0.0
4367,4069,1022,1,69.13,0.0
4368,4070,1033,2,873.93,0.0
4369,4071,1029,1,1060.03,0.0
4370,4072,1074,1,39.9,0.0
4371,4073,1014,1,67.55,0.0
4372,4074,1050,1,138.13,0.0
4373,4075,1056,1,203.45,0.0
4374,4076,1058,1,120.13,0.0
4374,4076,1054,1,34.3,0.0
4376,4077,1078,3,55.06,0.0
4376,4077,1034,1,479.4,0.0
4378,4078,1049,1,99.06,0.0
4379,4079,1043,1,947.82,0.0
4380,4080,1092,1,77.3,0.0
4381,4081,1005,1,81.69,0.0
4382,4082,1068,1,78.07,0.0
4383,4083,1043,1,947.82,0.0
4384,4084,1035,2,100.58,0.0
4385,4085,1045,1,392.31,0.0
4385,4085,1065,2,123.39,0.0
4385,4085,1086,1,91.38,0.0
4388,4086,1020,1,44.34,0.0
4389,4087,1006,1,35.72,0.0
4390,4088,1084,1,59.0,0.0
4390,4088,1092,1,77.3,0.0
4390,4088,1028,1,520.87,0.0
4393,4089,1014,1,67.55,0.0
4394,4090,1087,1,37.24,0.0
4395,4091,1033,1,873.93,0.0
4395,4091,1022,1,69.13,0.0
4397,4092,1070,1,66.74,0.0
4397,4092,1066,3,155.63,0.0
4397,4092,1067,1,196.26,0.0
4400,4093,1021,1,59.85,0.0
4401,4094,1083,3,90.43,0.0
4402,4095,1023,2,32.62,0.0
4403,4096,1013,2,86.41,0.0
4403,4096,1067,1,196.26,0.0
4403,4096,1032,1,319.94,0.0
4406,4097,1008,1,41.08,0.0
4407,4098,1057,1,194.48,0.0
4407,4098,1067,1,196.26,0.0
4409,4099,1074,1,39.9,0.0
4410,4100,1068,1,78.07,0.0
4411,4101,1051,1,138.75,0.0
4412,4102,1053,1,81.38,0.0
4413,4103,1009,1,69.18,0.0
4413,4103,1057,1,194.48,0.0
4415,4104,1083,1,90.43,0.0
4415,4104,1028,1,520.87,0.0
4417,4105,1004,1,69.11,0.0
4418,4106,1069,1,160.51,0.0
4419,4107,1002,3,67.11,0.0
4420,4108,1071,2,215.5,0.0
4420,4108,1082,2,52.97,0.0
4422,4109,1089,1,35.23,0.0
4423,4110,1033,1,873.93,0.0
4423,4110,1059,1,147.27,0.0
4423,4110,1016,1,77.28,0.0
4426,4111,1005,1,81.69,0.0
4427,4112,1016,1,77.28,0.0
4427,4112,1055,1,185.41,0.0
4429,4113,1091,1,55.48,0.0
4430,4114,1054,1,34.3,0.0
4431,4115,1034,1,479.4,0.0
4432,4116,1033,1,873.93,0.0
4433,4117,1013,1,86.41,0.0
4434,4118,1003,3,20.69,0.0
4435,4119,1044,1,586.31,0.0
4435,4119,1013,1,86.41,0.0
4437,4120,1060,1,86.84,0.0
4438,4121,1077,1,28.81,0.0
4439,4122,1003,2,20.69,0.0
4440,4123,1060,1,86.84,0.0
4440,4123,1017,1,51.27,0.0
4440,4123,1071,1,215.5,0.0
4443,4124,1035,1,100.58,0.0
4444,4125,1007,1,72.27,0.0
4445,4126,1023,1,32.62,0.0
4446,4127,1082,1,52.97,0.0
4447,4128,1056,1,203.45,0.0
4448,4129,1043,1,947.82,0.0
4448,4129,1039,3,194.84,0.0
4450,4130,1078,1,55.06,0.0
4451,4131,1051,1,138.75,0.0
4452,4132,1030,2,72.15,0.0
4453,4133,1055,2,185.41,0.0
4453,4133,1021,1,59.85,0.0
4455,4134,1052,1,150.08,0.0
4455,4134,1047,1,76.32,0.0
4455,4134,1065,1,123.39,0.0
4458,4135,1038,3,1082.55,0.0
4459,4136,1031,1,244.09,0.0
4459,4136,1052,1,150.08,0.0
4461,4137,1040,1,1029.67,0.0
4461,4137,1047,1,76.32,0.0
4461,4137,1067,1,196.26,0.0
4464,4138,1041,1,201.9,0.0
4465,4139,1090,3,42.32,0.0
4465,4139,1027,1,504.49,0.0
4467,4140,1015,1,84.52,0.0
4468,4141,1061,1,156.46,0.0
4469,4142,1072,1,156.31,0.0
4470,4143,1003,1,20.69,0.0
4470,4143,1062,1,247.15,0.0
4472,4144,1007,1,72.27,0.0
4473,4145,1010,1,29.41,0.0
4473,4145,1028,1,520.87,0.0
4475,4146,1074,2,39.9,0.0
4476,4147,1062,1,247.15,0.0
4477,4148,1011,1,39.64,0.0
4477,4148,1038,1,1082.55,0.0
4477,4148,1026,2,647.46,0.0
4480,4149,1071,3,215.5,0.0
4481,4150,1086,1,91.38,0.0
4482,4151,1063,3,21.75,0.0
4483,4152,1054,1,34.3,0.0
4484,4153,1071,1,215.5,0.0
4484,4153,1020,1,44.34,0.0
4484,4153,1033,1,873.93,0.0
4487,4154,1031,1,244.09,0.0
4487,4154,1067,1,196.26,0.0
4487,4154,1055,1,185.41,0.0
4490,4155,1003,1,20.69,0.0
4491,4156,1046,1,639.26,0.0
4491,4156,1064,1,227.42,0.0
4491,4156,1069,1,160.51,0.0
4494,4157,1037,1,756.71,0.0
4495,4158,1060,1,86.84,0.0
4496,4159,1066,1,155.63,0.0
4496,4159,1034,1,479.4,0.0
4496,4159,1002,2,67.11,0.0
4499,4160,1021,1,59.85,0.0
4500,4161,1064,1,227.42,0.0
4500,4161,1002,1,67.11,0.0
4502,4162,1085,1,46.31,0.0
4503,4163,1026,1,647.46,0.0
4504,4164,1017,1,51.27,0.0
4504,4164,1095,1,77.08,0.0
4504,4164,1090,2,42.32,0.0
4507,4165,1080,1,13.23,0.0
4508,4166,1070,1,66.74,0.0
4509,4167,1078,1,55.06,0.0
4510,4168,1083,1,90.43,0.0
4510,4168,1072,1,156.31,0.0
4510,4168,1081,1,58.16,0.0
4513,4169,1017,1,51.27,0.0
4513,4169,1084,2,59.0,0.0
4515,4170,1057,1,194.48,0.0
4516,4171,1068,1,78.07,0.0
4517,4172,1001,1,36.36,0.0
4518,4173,1052,3,150.08,0.0
4519,4174,1047,1,76.32,0.0
4520,4175,1063,1,21.75,0.0
4521,4176,1007,2,72.27,0.0
4522,4177,1032,1,319.94,0.0
4523,4178,1074,1,39.9,0.0
4523,4178,1068,1,78.07,0.0
4523,4178,1025,1,66.38,0.0
4526,4179,1058,1,120.13,0.0
4527,4180,1017,1,51.27,0.0
4528,4181,1020,1,44.34,0.0
4529,4182,1081,1,58.16,0.0
4530,4183,1015,1,84.52,0.0
4531,4184,1031,1,244.09,0.0
4532,4185,1043,1,947.82,0.0
4533,4186,1073,1,116.43,0.0
4534,4187,1006,1,35.72,0.0
4535,4188,1085,2,46.31,0.0
4536,4189,1091,1,55.48,0.0
4536,4189,1096,1,20.16,0.0
4536,4189,1024,1,36.24,0.0
4539,4190,1064,1,227.42,0.0
4540,4191,1068,2,78.07,0.0
4541,4192,1041,1,201.9,0.0
4541,4192,1029,1,1060.03,0.0
4543,4193,1034,3,479.4,0.0
4544,4194,1061,1,156.46,0.0
4544,4194,1094,1,85.98,0.0
4546,4195,1094,1,85.98,0.0
4546,4195,1002,1,67.11,0.0
4546,4195,1033,1,873.93,0.0
4549,4196,1032,3,319.94,0.0
4549,4196,1078,1,55.06,0.0
4551,4197,1027,1,504.49,0.0
4552,4198,1053,1,81.38,0.0
4552,4198,1065,1,123.39,0.0
4552,4198,1086,1,91.38,0.0
4555,4199,1092,1,77.3,0.0
4556,4200,1085,1,46.31,0.0
4556,4200,1002,1,67.11,0.0
4558,4201,1025,3,66.38,0.0
4558,4201,1017,2,51.27,0.0
4560,4202,1089,1,35.23,0.0
4561,4203,1088,2,41.46,0.0
4562,4204,1015,1,84.52,0.0
4562,4204,1045,1,392.31,0.0
4562,4204,1054,2,34.3,0.0
4565,4205,1047,1,76.32,0.0
4565,4205,1044,1,586.31,0.0
4567,4206,1019,2,39.27,0.0
4567,4206,1071,1,215.5,0.0
4567,4206,1012,1,44.35,0.0
4570,4207,1096,1,20.16,0.0
4571,4208,1014,1,67.55,0.0
4572,4209,1013,1,86.41,0.0
4573,4210,1066,1,155.63,0.0
4574,4211,1046,1,639.26,0.0
4575,4212,1039,1,194.84,0.0
4576,4213,1065,3,123.39,0.0
4577,4214,1066,3,155.63,0.0
4577,4214,1040,3,1029.67,0.0
4577,4214,1006,3,35.72,0.0
4580,4215,1061,1,156.46,0.0
4581,4216,1083,1,90.43,0.0
4582,4217,1072,2,156.31,0.0
4583,4218,1012,1,44.35,0.0
4584,4219,1043,1,947.82,0.0
4585,4220,1020,1,44.34,0.0
4585,4220,1050,1,138.13,0.0
4587,4221,1002,1,67.11,0.0
4587,4221,1045,1,392.31,0.0
4587,4221,1012,1,44.35,0.0
4590,4222,1029,1,1060.03,0.0
4591,4223,1078,1,55.06,0.0
4592,4224,1024,3,36.24,0.0
4592,4224,1059,2,147.27,0.0
4594,4225,1086,1,91.38,0.0
4595,4226,1095,1,77.08,0.0
4596,4227,1035,1,100.58,0.0
4597,4228,1020,1,44.34,0.0
4598,4229,1001,1,36.36,0.0
4598,4229,1011,1,39.64,0.0
4600,4230,1008,1,41.08,0.0
4601,4231,1095,1,77.08,0.0
4601,4231,1057,2,194.48,0.0
4601,4231,1021,1,59.85,0.0
4604,4232,1003,1,20.69,0.0
4605,4233,1029,2,1060.03,0.0
4606,4234,1038,1,1082.55,0.0
4606,4234,1087,1,37.24,0.0
4608,4235,1071,1,215.5,0.0
4609,4236,1051,1,138.75,0.0
4610,4237,1028,1,520.87,0.0
4611,4238,1096,1,20.16,0.0
4612,4239,1069,2,160.51,0.0
4613,4240,1064,1,227.42,0.0
4613,4240,1088,1,41.46,0.0
4613,4240,1002,1,67.11,0.0
4616,4241,1013,1,86.41,0.0
4616,4241,1062,1,247.15,0.0
4618,4242,1059,1,147.27,0.0
4618,4242,1084,1,59.0,0.0
4620,4243,1085,1,46.31,0.0
4620,4243,1027,1,504.49,0.0
4622,4244,1068,3,78.07,0.0
4623,4245,1001,2,36.36,0.0
4624,4246,1059,1,147.27,0.0
4625,4247,1039,1,194.84,0.0
4626,4248,1062,1,247.15,0.0
4627,4249,1093,1,62.3,0.0
4628,4250,1056,1,203.45,0.0
4629,4251,1016,1,77.28,0.0
4630,4252,1052,3,150.08,0.0
4630,4252,1029,1,1060.03,0.0
4632,4253,1054,1,34.3,0.0
4633,4254,1015,1,84.52,0.0
4634,4255,1074,3,39.9,0.0
4635,4256,1077,1,28.81,0.0
4635,4256,1052,1,150.08,0.0
4637,4257,1013,1,86.41,0.0
4638,4258,1081,1,58.16,0.0
4639,4259,1033,2,873.93,0.0
4640,4260,1081,2,58.16,0.0
4641,4261,1074,3,39.9,0.0
4641,4261,1044,1,586.31,0.0
4643,4262,1079,1,61.11,0.0
4643,4262,1011,1,39.64,0.0
4645,4263,1040,1,1029.67,0.0
4646,4264,1091,1,55.48,0.0
4647,4265,1033,1,873.93,0.0
4648,4266,1013,1,86.41,0.0
4649,4267,1036,1,354.4,0.0
4649,4267,1046,1,639.26,0.0
4651,4268,1075,1,96.79,0.0
4652,4269,1058,1,120.13,0.0
4653,4270,1080,1,13.23,0.0
4654,4271,1079,1,61.11,0.0
4655,4272,1007,2,72.27,0.0
4656,4273,1083,1,90.43,0.0
4657,4274,1031,1,244.09,0.0
4658,4275,1061,1,156.46,0.0
4659,4276,1077,3,28.81,0.0
4660,4277,1020,1,44.34,0.0
4661,4278,1071,1,215.5,0.0
4662,4279,1014,1,67.55,0.0
4662,4279,1011,1,39.64,0.0
4664,4280,1090,1,42.32,0.0
4665,4281,1003,1,20.69,0.0
4666,4282,1039,1,194.84,0.0
4666,4282,1090,1,42.32,0.0
4668,4283,1084,3,59.0,0.0
4669,4284,1057,1,194.48,0.0
4670,4285,1082,1,52.97,0.0
4671,4286,1088,1,41.46,0.0
4672,4287,1040,1,1029.67,0.0
4673,4288,1076,1,77.95,0.0
4673,4288,1056,1,203.45,0.0
4675,4289,1048,1,749.58,0.0
4676,4290,1010,2,29.41,0.0
4677,4291,1056,1,203.45,0.0
4677,4291,1066,1,155.63,0.0
4677,4291,1007,2,72.27,0.0
4680,4292,1086,2,91.38,0.0
4681,4293,1045,2,392.31,0.0
4682,4294,1060,1,86.84,0.0
4682,4294,1035,1,100.58,0.0
4682,4294,1006,1,35.72,0.0
4685,4295,1038,1,1082.55,0.0
4686,4296,1084,2,59.0,0.0
4686,4296,1095,1,77.08,0.0
4688,4297,1032,1,319.94,0.0
4688,4297,1078,1,55.06,0.0
4690,4298,1090,1,42.32,0.0
4691,4299,1076,1,77.95,0.0
4692,4300,1060,1,86.84,0.0
4693,4301,1020,1,44.34,0.0
4694,4302,1064,1,227.42,0.0
4695,4303,1004,1,69.11,0.0
4696,4304,1051,1,138.75,0.0
4697,4305,1086,1,91.38,0.0
4698,4306,1075,1,96.79,0.0
4699,4307,1035,1,100.58,0.0
4699,4307,1083,1,90.43,0.0
4701,4308,1015,1,84.52,0.0
4702,4309,1050,2,138.13,0.0
4703,4310,1052,1,150.08,0.0
4703,4310,1025,1,66.38,0.0
4705,4311,1047,3,76.32,0.0
4706,4312,1042,1,227.11,0.0
4707,4313,1086,1,91.38,0.0
4708,4314,1068,1,78.07,0.0
4709,4315,1022,1,69.13,0.0
4710,4316,1090,1,42.32,0.0
4710,4316,1053,1,81.38,0.0
4712,4317,1033,1,873.93,0.0
4713,4318,1084,1,59.0,0.0
4714,4319,1094,1,85.98,0.0
4715,4320,1068,1,78.07,0.0
4715,4320,1049,1,99.06,0.0
4717,4321,1003,1,20.69,0.0
4717,4321,1016,1,77.28,0.0
4719,4322,1018,1,82.3,0.0
4720,4323,1021,1,59.85,0.0
4720,4323,1033,1,873.93,0.0
4722,4324,1051,3,138.75,0.0
4722,4324,1076,3,77.95,0.0
4724,4325,1035,1,100.58,0.0
4724,4325,1019,1,39.27,0.0
4726,4326,1054,2,34.3,0.0
4727,4327,1004,1,69.11,0.0
4728,4328,1019,1,39.27,0.0
4728,4328,1001,1,36.36,0.0
4728,4328,1040,1,1029.67,0.0
4731,4329,1080,1,13.23,0.0
4732,4330,1042,1,227.11,0.0
4732,4330,1088,1,41.46,0.0
4732,4330,1042,1,227.11,0.0
4735,4331,1037,3,756.71,0.0
4736,4332,1026,1,647.46,0.0
4737,4333,1092,1,77.3,0.0
4737,4333,1091,2,55.48,0.0
4737,4333,1068,1,78.07,0.0
4740,4334,1020,1,44.34,0.0
4741,4335,1043,1,947.82,0.0
4742,4336,1021,1,59.85,0.0
4743,4337,1068,1,78.07,0.0
4743,4337,1072,1,156.31,0.0
4743,4337,1085,1,46.31,0.0
4746,4338,1088,3,41.46,0.0
4747,4339,1050,1,138.13,0.0
4748,4340,1055,1,185.41,0.0
4749,4341,1005,1,81.69,0.0
4749,4341,1028,1,520.87,0.0
4749,4341,1005,1,81.69,0.0
4752,4342,1091,1,55.48,0.0
4753,4343,1071,2,215.5,0.0
4754,4344,1081,1,58.16,0.0
4755,4345,1037,1,756.71,0.0
4755,4345,1055,1,185.41,0.0
4757,4346,1029,2,1060.03,0.0
4758,4347,1007,2,72.27,0.0
4759,4348,1048,3,749.58,0.0
4759,4348,1050,3,138.13,0.0
4761,4349,1056,1,203.45,0.0
4762,4350,1048,1,749.58,0.0
4762,4350,1018,1,82.3,0.0
4764,4351,1072,1,156.31,0.0
4764,4351,1008,1,41.08,0.0
4764,4351,1065,1,123.39,0.0
4767,4352,1092,1,77.3,0.0
4768,4353,1035,1,100.58,0.0
4768,4353,1019,1,39.27,0.0
4770,4354,1045,3,392.31,0.0
4770,4354,1063,1,21.75,0.0
4772,4355,1086,1,91.38,0.0
4773,4356,1086,1,91.38,0.0
4774,4357,1011,1,39.64,0.0
4775,4358,1074,1,39.9,0.0
4776,4359,1040,1,1029.67,0.0
4777,4360,1035,1,100.58,0.0
4778,4361,1040,1,1029.67,0.0
4778,4361,1089,1,35.23,0.0
4780,4362,1020,1,44.34,0.0
4780,4362,1013,1,86.41,0.0
4782,4363,1003,2,20.69,0.0
4782,4363,1033,1,873.93,0.0
4784,4364,1039,1,194.84,0.0
4785,4365,1067,1,196.26,0.0
4785,4365,1017,1,51.27,0.0
4787,4366,1081,1,58.16,0.0
4787,4366,1017,3,51.27,0.0
4789,4367,1056,2,203.45,0.0
4789,4367,1001,1,36.36,0.0
4791,4368,1040,1,1029.67,0.0
4792,4369,1027,1,504.49,0.0
4793,4370,1073,1,116.43,0.0
4794,4371,1025,1,66.38,0.0
4795,4372,1066,3,155.63,0.0
4796,4373,1042,1,227.11,0.0
4796,4373,1081,3,58.16,0.0
4798,4374,1078,1,55.06,0.0
4799,4375,1076,1,77.95,0.0
4800,4376,1016,3,77.28,0.0
4801,4377,1009,1,69.18,0.0
4802,4378,1012,1,44.35,0.0
4802,4378,1074,1,39.9,0.0
4804,4379,1034,1,479.4,0.0
4805,4380,1011,1,39.64,0.0
4806,4381,1012,1,44.35,0.0
4807,4382,1072,1,156.31,0.0
4808,4383,1028,1,520.87,0.0
4809,4384,1078,1,55.06,0.0
4810,4385,1047,1,76.32,0.0
4810,4385,1049,3,99.06,0.0
4812,4386,1040,1,1029.67,0.0
4812,4386,1090,3,42.32,0.0
4812,4386,1046,1,639.26,0.0
4815,4387,1074,1,39.9,0.0
4816,4388,1082,1,52.97,0.0
4816,4388,1091,1,55.48,0.0
4818,4389,1086,1,91.38,0.0
4819,4390,1086,1,91.38,0.0
4820,4391,1046,1,639.26,0.0
4821,4392,1037,1,756.71,0.0
4822,4393,1046,1,639.26,0.0
4823,4394,1071,1,215.5,0.0
4823,4394,1090,1,42.32,0.0
4825,4395,1031,1,244.09,0.0
4825,4395,1030,1,72.15,0.0
4827,4396,1039,3,194.84,0.0
4828,4397,1067,1,196.26,0.0
4829,4398,1046,1,639.26,0.0
4829,4398,1050,2,138.13,0.0
4831,4399,1053,1,81.38,0.0
4831,4399,1008,3,41.08,0.0
4831,4399,1056,1,203.45,0.0
4834,4400,1091,1,55.48,0.0
4835,4401,1035,3,100.58,0.0
4836,4402,1071,1,215.5,0.0
4836,4402,1002,1,67.11,0.0
4838,4403,1048,1,749.58,0.0
4838,4403,1005,1,81.69,0.0
4840,4404,1017,3,51.27,0.0
4841,4405,1037,1,756.71,0.0
4842,4406,1004,1,69.11,0.0
4843,4407,1092,1,77.3,0.0
4844,4408,1029,1,1060.03,0.0
4845,4409,1002,1,67.11,0.0
4845,4409,1034,1,479.4,0.0
4847,4410,1074,1,39.9,0.0
4848,4411,1038,3,1082.55,0.0
4849,4412,1067,3,196.26,0.0
4850,4413,1028,1,520.87,0.0
4851,4414,1058,1,120.13,0.0
4852,4415,1041,1,201.9,0.0
4852,4415,1076,1,77.95,0.0
4854,4416,1006,2,35.72,0.0
4855,4417,1060,1,86.84,0.0
4855,4417,1054,1,34.3,0.0
4857,4418,1094,1,85.98,0.0
4858,4419,1059,2,147.27,0.0
4859,4420,1066,1,155.63,0.0
4860,4421,1094,3,85.98,0.0
4861,4422,1089,1,35.23,0.0
4862,4423,1071,3,215.5,0.0
4862,4423,1013,2,86.41,0.0
4862,4423,1042,1,227.11,0.0
4865,4424,1035,1,100.58,0.0
4866,4425,1027,1,504.49,0.0
4866,4425,1077,1,28.81,0.0
4866,4425,1059,2,147.27,0.0
4869,4426,1009,1,69.18,0.0
4870,4427,1094,1,85.98,0.0
4870,4427,1004,1,69.11,0.0
4872,4428,1065,1,123.39,0.0
4872,4428,1054,1,34.3,0.0
4874,4429,1079,1,61.11,0.0
4875,4430,1028,1,520.87,0.0
4876,4431,1020,3,44.34,0.0
4877,4432,1087,1,37.24,0.0
4878,4433,1036,1,354.4,0.0
4879,4434,1096,1,20.16,0.0
4880,4435,1084,2,59.0,0.0
4881,4436,1013,1,86.41,0.0
4882,4437,1093,1,62.3,0.0
4882,4437,1080,1,13.23,0.0
4882,4437,1075,3,96.79,0.0
4885,4438,1031,1,244.09,0.0
4885,4438,1062,1,247.15,0.0
4887,4439,1051,1,138.75,0.0
4888,4440,1069,1,160.51,0.0
4889,4441,1082,1,52.97,0.0
4889,4441,1046,3,639.26,0.0
4891,4442,1075,1,96.79,0.0
4891,4442,1057,3,194.48,0.0
4893,4443,1070,1,66.74,0.0
4894,4444,1029,1,1060.03,0.0
4894,4444,1041,1,201.9,0.0
4894,4444,1047,1,76.32,0.0
4897,4445,1056,1,203.45,0.0
4897,4445,1048,2,749.58,0.0
4899,4446,1004,1,69.11,0.0
4900,4447,1086,1,91.38,0.0
4901,4448,1012,1,44.35,0.0
4902,4449,1020,1,44.34,0.0
4903,4450,1074,1,39.9,0.0
4903,4450,1054,1,34.3,0.0
4903,4450,1016,1,77.28,0.0
4906,4451,1082,1,52.97,0.0
4907,4452,1005,3,81.69,0.0
4908,4453,1006,1,35.72,0.0
4908,4453,1018,1,82.3,0.0
4910,4454,1025,1,66.38,0.0
4911,4455,1052,1,150.08,0.0
4912,4456,1049,3,99.06,0.0
4913,4457,1033,1,873.93,0.0
4914,4458,1035,1,100.58,0.0
4915,4459,1014,1,67.55,0.0
4916,4460,1051,1,138.75,0.0
4917,4461,1082,1,52.97,0.0
4917,4461,1016,1,77.28,0.0
4919,4462,1059,1,147.27,0.0
4920,4463,1062,1,247.15,0.0
4921,4464,1012,1,44.35,0.0
4922,4465,1016,1,77.28,0.0
4923,4466,1093,1,62.3,0.0
4924,4467,1039,1,194.84,0.0
4925,4468,1075,1,96.79,0.0
4926,4469,1079,1,61.11,0.0
4927,4470,1078,1,55.06,0.0
4928,4471,1071,1,215.5,0.0
4929,4472,1077,1,28.81,0.0
4929,4472,1095,1,77.08,0.0
4929,4472,1082,1,52.97,0.0
4932,4473,1010,1,29.41,0.0
4933,4474,1065,1,123.39,0.0
4934,4475,1089,1,35.23,0.0
4935,4476,1088,1,41.46,0.0
4936,4477,1048,1,749.58,0.0
4937,4478,1096,2,20.16,0.0
4938,4479,1075,1,96.79,0.0
4939,4480,1076,1,77.95,0.0
4940,4481,1039,1,194.84,0.0
4941,4482,1041,3,201.9,0.0
4942,4483,1068,1,78.07,0.0
4943,4484,1052,1,150.08,0.0
4944,4485,1012,1,44.35,0.0
4945,4486,1086,1,91.38,0.0
4946,4487,1036,2,354.4,0.0
4947,4488,1058,1,120.13,0.0
4948,4489,1068,2,78.07,0.0
4948,4489,1016,1,77.28,0.0
4950,4490,1059,1,147.27,0.0
4950,4490,1051,2,138.75,0.0
4952,4491,1017,1,51.27,0.0
4953,4492,1067,2,196.26,0.0
4954,4493,1048,3,749.58,0.0
4955,4494,1036,1,354.4,0.0
4956,4495,1022,1,69.13,0.0
4957,4496,1007,1,72.27,0.0
4958,4497,1052,1,150.08,0.0
4958,4497,1029,1,1060.03,0.0
4960,4498,1089,2,35.23,0.0
4960,4498,1039,1,194.84,0.0
4962,4499,1071,1,215.5,0.0
4963,4500,1056,1,203.45,0.0
4964,4501,1023,3,32.62,0.0
4965,4502,1086,1,91.38,0.0
4966,4503,1062,2,247.15,0.0
4967,4504,1046,1,639.26,0.0
4967,4504,1068,1,78.07,0.0
4967,4504,1011,1,39.64,0.0
4970,4505,1049,1,99.06,0.0
4970,4505,1082,1,52.97,0.0
4972,4506,1079,3,61.11,0.0
4973,4507,1026,3,647.46,0.0
4974,4508,1004,1,69.11,0.0
4974,4508,1012,2,44.35,0.0
4976,4509,1034,1,479.4,0.0
4977,4510,1086,3,91.38,0.0
4977,4510,1010,1,29.41,0.0
4979,4511,1091,1,55.48,0.0
4979,4511,1067,1,196.26,0.0
4981,4512,1059,1,147.27,0.0
4982,4513,1066,1,155.63,0.0
4983,4514,1008,1,41.08,0.0
4983,4514,1012,1,44.35,0.0
4985,4515,1050,1,138.13,0.0
4986,4516,1059,1,147.27,0.0
4987,4517,1032,1,319.94,0.0
4987,4517,1062,1,247.15,0.0
4989,4518,1030,1,72.15,0.0
4990,4519,1086,1,91.38,0.0
4991,4520,1017,3,51.27,0.0
4992,4521,1051,1,138.75,0.0
4993,4522,1093,1,62.3,0.0
4994,4523,1081,1,58.16,0.0
4994,4523,1053,1,81.38,0.0
4996,4524,1025,1,66.38,0.0
4997,4525,1015,1,84.52,0.0
4998,4526,1088,1,41.46,0.0
4999,4527,1060,1,86.84,0.0
5000,4528,1070,1,66.74,0.0
5001,4529,1044,1,586.31,0.0
5002,4530,1047,1,76.32,0.0
5002,4530,1075,1,96.79,0.0
5004,4531,1038,1,1082.55,0.0
5005,4532,1016,1,77.28,0.0
5006,4533,1049,1,99.06,0.0
5006,4533,1065,1,123.39,0.0
5008,4534,1035,1,100.58,0.0
5009,4535,1080,2,13.23,0.0
5010,4536,1080,1,13.23,0.0
5011,4537,1013,1,86.41,0.0
5012,4538,1088,1,41.46,0.0
5013,4539,1039,1,194.84,0.0
5014,4540,1034,1,479.4,0.0
5015,4541,1048,1,749.58,0.0
5016,4542,1009,1,69.18,0.0
5017,4543,1010,1,29.41,0.0
5017,4543,1017,1,51.27,0.0
5017,4543,1040,1,1029.67,0.0
5020,4544,1039,1,194.84,0.0
5021,4545,1004,1,69.11,0.0
5021,4545,1052,1,150.08,0.0
5023,4546,1041,1,201.9,0.0
5024,4547,1012,3,44.35,0.0
5024,4547,1093,3,62.3,0.0
5024,4547,1055,1,185.41,0.0
5027,4548,1003,1,20.69,0.0
5027,4548,1075,1,96.79,0.0
5029,4549,1032,1,319.94,0.0
5030,4550,1038,1,1082.55,0.0
5031,4551,1059,1,147.27,0.0
5032,4552,1015,1,84.52,0.0
5033,4553,1059,1,147.27,0.0
5033,4553,1077,1,28.81,0.0
5035,4554,1075,3,96.79,0.0
5036,4555,1007,1,72.27,0.0
5036,4555,1020,1,44.34,0.0
5036,4555,1039,1,194.84,0.0
5039,4556,1071,2,215.5,0.0
5040,4557,1076,1,77.95,0.0
5040,4557,1008,1,41.08,0.0
5042,4558,1092,3,77.3,0.0
5043,4559,1067,1,196.26,0.0
5043,4559,1005,3,81.69,0.0
5043,4559,1015,1,84.52,0.0
5046,4560,1015,1,84.52,0.0
5047,4561,1066,3,155.63,0.0
5048,4562,1051,1,138.75,0.0
5048,4562,1050,1,138.13,0.0
5048,4562,1017,2,51.27,0.0
5051,4563,1090,2,42.32,0.0
5052,4564,1064,3,227.42,0.0
5053,4565,1080,1,13.23,0.0
5054,4566,1007,1,72.27,0.0
5055,4567,1040,1,1029.67,0.0
5055,4567,1002,2,67.11,0.0
5057,4568,1095,1,77.08,0.0
5057,4568,1058,1,120.13,0.0
5059,4569,1081,1,58.16,0.0
5060,4570,1001,1,36.36,0.0
5061,4571,1032,1,319.94,0.0
5062,4572,1031,1,244.09,0.0
5063,4573,1034,1,479.4,0.0
5063,4573,1028,1,520.87,0.0
5063,4573,1017,1,51.27,0.0
5066,4574,1055,1,185.41,0.0
5066,4574,1011,1,39.64,0.0
5066,4574,1060,1,86.84,0.0
5069,4575,1022,1,69.13,0.0
5069,4575,1044,1,586.31,0.0
5071,4576,1046,1,639.26,0.0
5071,4576,1040,1,1029.67,0.0
5073,4577,1061,1,156.46,0.0
5074,4578,1092,1,77.3,0.0
5074,4578,1014,1,67.55,0.0
5074,4578,1059,1,147.27,0.0
5077,4579,1030,2,72.15,0.0
5077,4579,1085,1,46.31,0.0
5079,4580,1004,1,69.11,0.0
5080,4581,1019,3,39.27,0.0
5080,4581,1020,3,44.34,0.0
5082,4582,1061,1,156.46,0.0
5083,4583,1066,1,155.63,0.0
5083,4583,1064,1,227.42,0.0
5085,4584,1029,3,1060.03,0.0
5086,4585,1084,1,59.0,0.0
5087,4586,1080,1,13.23,0.0
5088,4587,1093,1,62.3,0.0
5089,4588,1054,1,34.3,0.0
5089,4588,1017,1,51.27,0.0
5091,4589,1032,1,319.94,0.0
5092,4590,1033,1,873.93,0.0
5093,4591,1058,1,120.13,0.0
5094,4592,1092,1,77.3,0.0
5095,4593,1047,1,76.32,0.0
5096,4594,1078,1,55.06,0.0
5096,4594,1043,1,947.82,0.0
5098,4595,1020,1,44.34,0.0
5099,4596,1012,1,44.35,0.0
5100,4597,1004,1,69.11,0.0
5100,4597,1002,1,67.11,0.0
5102,4598,1070,2,66.74,0.0
5103,4599,1077,2,28.81,0.0
5104,4600,1095,1,77.08,0.0
5105,4601,1047,2,76.32,0.0
5105,4601,1068,1,78.07,0.0
5107,4602,1003,3,20.69,0.0
5107,4602,1046,1,639.26,0.0
5107,4602,1061,1,156.46,0.0
5110,4603,1038,3,1082.55,0.0
5111,4604,1093,2,62.3,0.0
5111,4604,1032,1,319.94,0.0
5111,4604,1088,1,41.46,0.0
5114,4605,1054,1,34.3,0.0
5115,4606,1024,2,36.24,0.0
5116,4607,1049,1,99.06,0.0
5117,4608,1053,1,81.38,0.0
5118,4609,1092,1,77.3,0.0
5119,4610,1089,2,35.23,0.0
5120,4611,1010,1,29.41,0.0
5120,4611,1036,1,354.4,0.0
5122,4612,1031,2,244.09,0.0
5123,4613,1064,1,227.42,0.0
5124,4614,1066,1,155.63,0.0
5125,4615,1039,1,194.84,0.0
5126,4616,1089,1,35.23,0.0
5126,4616,1051,1,138.75,0.0
5128,4617,1082,1,52.97,0.0
5129,4618,1063,2,21.75,0.0
5130,4619,1004,2,69.11,0.0
5131,4620,1084,1,59.0,0.0
5132,4621,1054,3,34.3,0.0
5133,4622,1039,1,194.84,0.0
5134,4623,1010,2,29.41,0.0
5134,4623,1038,1,1082.55,0.0
5134,4623,1072,1,156.31,0.0
5137,4624,1081,1,58.16,0.0
5138,4625,1058,1,120.13,0.0
5139,4626,1050,1,138.13,0.0
5140,4627,1020,2,44.34,0.0
5141,4628,1037,2,756.71,0.0
5142,4629,1065,2,123.39,0.0
5143,4630,1004,1,69.11,0.0
5144,4631,1010,3,29.41,0.0
5144,4631,1045,1,392.31,0.0
5146,4632,1072,3,156.31,0.0
5147,4633,1058,1,120.13,0.0
5148,4634,1070,1,66.74,0.0
5148,4634,1015,1,84.52,0.0
5150,4635,1022,1,69.13,0.0
5151,4636,1046,3,639.26,0.0
5152,4637,1077,1,28.81,0.0
5153,4638,1039,1,194.84,0.0
5154,4639,1057,3,194.48,0.0
5155,4640,1077,1,28.81,0.0
5155,4640,1050,1,138.13,0.0
5157,4641,1066,1,155.63,0.0
5158,4642,1073,1,116.43,0.0
5158,4642,1010,1,29.41,0.0
5160,4643,1055,3,185.41,0.0
5161,4644,1002,2,67.11,0.0
5162,4645,1012,1,44.35,0.0
5163,4646,1048,1,749.58,0.0
5163,4646,1034,1,479.4,0.0
5165,4647,1076,1,77.95,0.0
5166,4648,1024,1,36.24,0.0
5166,4648,1004,2,69.11,0.0
5168,4649,1048,1,749.58,0.0
5168,4649,1093,1,62.3,0.0
5168,4649,1021,1,59.85,0.0
5171,4650,1060,1,86.84,0.0
5172,4651,1088,3,41.46,0.0
5173,4652,1022,1,69.13,0.0
5174,4653,1031,1,244.09,0.0
5175,4654,1033,1,873.93,0.0
5175,4654,1025,1,66.38,0.0
5177,4655,1073,1,116.43,0.0
5178,4656,1080,1,13.23,0.0
5179,4657,1036,1,354.4,0.0
5179,4657,1034,1,479.4,0.0
5179,4657,1058,1,120.13,0.0
5182,4658,1076,1,77.95,0.0
5182,4658,1015,1,84.52,0.0
5182,4658,1033,1,873.93,0.0
5185,4659,1014,1,67.55,0.0
5186,4660,1043,1,947.82,0.0
5187,4661,1002,2,67.11,0.0
5188,4662,1044,1,586.31,0.0
5189,4663,1005,3,81.69,0.0
5189,4663,1052,1,150.08,0.0
5191,4664,1036,1,354.4,0.0
5191,4664,1071,1,215.5,0.0
5193,4665,1013,1,86.41,0.0
5194,4666,1093,1,62.3,0.0
5194,4666,1022,1,69.13,0.0
5196,4667,1026,1,647.46,0.0
5196,4667,1024,1,36.24,0.0
5198,4668,1035,1,100.58,0.0
5199,4669,1060,1,86.84,0.0
5200,4670,1044,1,586.31,0.0
5200,4670,1065,1,123.39,0.0
5202,4671,1033,1,873.93,0.0
5203,4672,1071,1,215.5,0.0
5204,4673,1075,1,96.79,0.0
5205,4674,1080,1,13.23,0.0
5206,4675,1052,1,150.08,0.0
5206,4675,1070,3,66.74,0.0
5208,4676,1034,1,479.4,0.0
5209,4677,1049,1,99.06,0.0
5210,4678,1033,1,873.93,0.0
5210,4678,1029,1,1060.03,0.0
5210,4678,1062,1,247.15,0.0
5213,4679,1064,3,227.42,0.0
5213,4679,1087,1,37.24,0.0
5213,4679,1036,1,354.4,0.0
5216,4680,1031,1,244.09,0.0
5217,4681,1025,1,66.38,0.0
5217,4681,1041,3,201.9,0.0
5219,4682,1003,1,20.69,0.0
5220,4683,1003,1,20.69,0.0
5221,4684,1048,1,749.58,0.0
5222,4685,1065,3,123.39,0.0
5223,4686,1090,3,42.32,0.0
5224,4687,1087,1,37.24,0.0
5225,4688,1065,1,123.39,0.0
5226,4689,1073,1,116.43,0.0
5227,4690,1066,1,155.63,0.0
5228,4691,1077,1,28.81,0.0
5229,4692,1017,1,51.27,0.0
5230,4693,1031,3,244.09,0.0
5230,4693,1044,1,586.31,0.0
5232,4694,1008,1,41.08,0.0
5233,4695,1053,1,81.38,0.0
5234,4696,1037,1,756.71,0.0
5234,4696,1015,1,84.52,0.0
5234,4696,1005,1,81.69,0.0
5237,4697,1005,1,81.69,0.0
5238,4698,1084,1,59.0,0.0
5238,4698,1010,1,29.41,0.0
5240,4699,1040,1,1029.67,0.0
5241,4700,1017,2,51.27,0.0
5241,4700,1024,1,36.24,0.0
5241,4700,1003,2,20.69,0.0
5244,4701,1068,1,78.07,0.0
5245,4702,1060,2,86.84,0.0
5245,4702,1041,1,201.9,0.0
5247,4703,1035,1,100.58,0.0
5248,4704,1001,2,36.36,0.0
5249,4705,1001,1,36.36,0.0
5250,4706,1041,1,201.9,0.0
5251,4707,1023,2,32.62,0.0
5252,4708,1096,1,20.16,0.0
5253,4709,1040,1,1029.67,0.0
5254,4710,1061,1,156.46,0.0
5255,4711,1006,1,35.72,0.0
5256,4712,1090,1,42.32,0.0
5257,4713,1029,1,1060.03,0.0
5258,4714,1051,1,138.75,0.0
5259,4715,1058,1,120.13,0.0
5260,4716,1044,1,586.31,0.0
5260,4716,1053,3,81.38,0.0
5262,4717,1033,1,873.93,0.0
5263,4718,1048,1,749.58,0.0
5264,4719,1061,1,156.46,0.0
5265,4720,1065,1,123.39,0.0
5266,4721,1046,1,639.26,0.0
5267,4722,1019,1,39.27,0.0
5268,4723,1073,1,116.43,0.0
5269,4724,1081,1,58.16,0.0
5269,4724,1095,2,77.08,0.0
5269,4724,1069,3,160.51,0.0
5272,4725,1095,3,77.08,0.0
5273,4726,1081,1,58.16,0.0
5274,4727,1060,1,86.84,0.0
5274,4727,1049,1,99.06,0.0
5276,4728,1067,1,196.26,0.0
5277,4729,1088,1,41.46,0.0
5278,4730,1015,1,84.52,0.0
5279,4731,1032,1,319.94,0.0
5280,4732,1056,1,203.45,0.0
5281,4733,1005,2,81.69,0.0
5282,4734,1013,2,86.41,0.0
5283,4735,1044,1,586.31,0.0
5284,4736,1049,1,99.06,0.0
5285,4737,1089,1,35.23,0.0
5286,4738,1057,1,194.48,0.0
5287,4739,1071,3,215.5,0.0
5288,4740,1017,1,51.27,0.0
5289,4741,1060,1,86.84,0.0
5290,4742,1003,1,20.69,0.0
5291,4743,1012,1,44.35,0.0
5291,4743,1032,3,319.94,0.0
5293,4744,1070,1,66.74,0.0
5294,4745,1032,2,319.94,0.0
5294,4745,1041,1,201.9,0.0
5296,4746,1070,1,66.74,0.0
5296,4746,1059,1,147.27,0.0
5298,4747,1032,1,319.94,0.0
5299,4748,1012,1,44.35,0.0
5300,4749,1063,1,21.75,0.0
5301,4750,1013,1,86.41,0.0
5301,4750,1009,1,69.18,0.0
5301,4750,1011,1,39.64,0.0
5304,4751,1036,1,354.4,0.0
5305,4752,1041,3,201.9,0.0
5305,4752,1037,1,756.71,0.0
5307,4753,1003,3,20.69,0.0
5308,4754,1031,1,244.09,0.0
5309,4755,1078,1,55.06,0.0
5310,4756,1018,1,82.3,0.0
5311,4757,1005,3,81.69,0.0
5312,4758,1057,1,194.48,0.0
5312,4758,1059,1,147.27,0.0
5312,4758,1058,1,120.13,0.0
5315,4759,1083,1,90.43,0.0
5315,4759,1042,1,227.11,0.0
5315,4759,1056,3,203.45,0.0
5318,4760,1077,1,28.81,0.0
5319,4761,1022,1,69.13,0.0
5319,4761,1009,1,69.18,0.0
5321,4762,1063,1,21.75,0.0
5322,4763,1073,1,116.43,0.0
5323,4764,1003,1,20.69,0.0
5324,4765,1034,1,479.4,0.0
5325,4766,1019,1,39.27,0.0
5326,4767,1019,1,39.27,0.0
5327,4768,1003,1,20.69,0.0
5328,4769,1048,3,749.58,0.0
5329,4770,1094,1,85.98,0.0
5330,4771,1035,1,100.58,0.0
5331,4772,1065,1,123.39,0.0
5331,4772,1015,1,84.52,0.0
5333,4773,1069,1,160.51,0.0
5334,4774,1094,1,85.98,0.0
5335,4775,1031,1,244.09,0.0
5336,4776,1003,1,20.69,0.0
5337,4777,1057,1,194.48,0.0
5337,4777,1045,1,392.31,0.0
5339,4778,1071,1,215.5,0.0
5340,4779,1028,1,520.87,0.0
5341,4780,1013,1,86.41,0.0
5342,4781,1063,1,21.75,0.0
5343,4782,1063,1,21.75,0.0
5344,4783,1036,1,354.4,0.0
5345,4784,1084,1,59.0,0.0
5346,4785,1044,1,586.31,0.0
5347,4786,1053,1,81.38,0.0
5348,4787,1090,1,42.32,0.0
5349,4788,1047,1,76.32,0.0
5350,4789,1052,1,150.08,0.0
5350,4789,1062,1,247.15,0.0
5350,4789,1049,1,99.06,0.0
5353,4790,1034,2,479.4,0.0
5354,4791,1019,1,39.27,0.0
5355,4792,1090,1,42.32,0.0
5356,4793,1016,2,77.28,0.0
5356,4793,1028,1,520.87,0.0
5358,4794,1077,2,28.81,0.0
5358,4794,1072,1,156.31,0.0
5358,4794,1032,1,319.94,0.0
5361,4795,1059,1,147.27,0.0
5361,4795,1012,1,44.35,0.0
5363,4796,1056,2,203.45,0.0
5364,4797,1083,1,90.43,0.0
5365,4798,1006,2,35.72,0.0
5366,4799,1067,1,196.26,0.0
5366,4799,1091,1,55.48,0.0
5366,4799,1016,1,77.28,0.0
5369,4800,1025,2,66.38,0.0
5370,4801,1039,1,194.84,0.0
5370,4801,1089,1,35.23,0.0
5372,4802,1082,1,52.97,0.0
5373,4803,1070,1,66.74,0.0
5374,4804,1022,2,69.13,0.0
5375,4805,1055,1,185.41,0.0
5376,4806,1005,2,81.69,0.0
5377,4807,1059,3,147.27,0.0
5377,4807,1081,1,58.16,0.0
5377,4807,1049,1,99.06,0.0
5380,4808,1052,1,150.08,0.0
5381,4809,1013,1,86.41,0.0
5382,4810,1039,1,194.84,0.0
5383,4811,1083,1,90.43,0.0
5383,4811,1062,1,247.15,0.0
5383,4811,1037,2,756.71,0.0
5386,4812,1065,1,123.39,0.0
5387,4813,1090,1,42.32,0.0
5388,4814,1079,3,61.11,0.0
5388,4814,1035,1,100.58,0.0
5388,4814,1015,1,84.52,0.0
5391,4815,1043,2,947.82,0.0
5392,4816,1020,3,44.34,0.0
5393,4817,1040,1,1029.67,0.0
5394,4818,1013,3,86.41,0.0
5395,4819,1071,1,215.5,0.0
5396,4820,1084,1,59.0,0.0
5397,4821,1091,2,55.48,0.0
5397,4821,1075,1,96.79,0.0
5399,4822,1082,1,52.97,0.0
5400,4823,1079,2,61.11,0.0
5401,4824,1069,3,160.51,0.0
5402,4825,1007,1,72.27,0.0
5403,4826,1089,1,35.23,0.0
5404,4827,1057,1,194.48,0.0
5405,4828,1012,1,44.35,0.0
5405,4828,1020,1,44.34,0.0
5407,4829,1003,1,20.69,0.0
5408,4830,1021,1,59.85,0.0
5409,4831,1083,1,90.43,0.0
5410,4832,1031,1,244.09,0.0
5411,4833,1026,3,647.46,0.0
5412,4834,1096,1,20.16,0.0
5413,4835,1009,2,69.18,0.0
5414,4836,1035,1,100.58,0.0
5415,4837,1044,1,586.31,0.0
5415,4837,1063,1,21.75,0.0
5417,4838,1023,1,32.62,0.0
5418,4839,1079,1,61.11,0.0
5419,4840,1037,1,756.71,0.0
5420,4841,1031,3,244.09,0.0
5421,4842,1049,1,99.06,0.0
5422,4843,1052,1,150.08,0.0
5422,4843,1094,1,85.98,0.0
5422,4843,1008,1,41.08,0.0
5425,4844,1070,2,66.74,0.0
5426,4845,1085,1,46.31,0.0
5427,4846,1060,1,86.84,0.0
5428,4847,1024,2,36.24,0.0
5428,4847,1073,1,116.43,0.0
5430,4848,1058,1,120.13,0.0
5431,4849,1003,1,20.69,0.0
5432,4850,1069,1,160.51,0.0
5433,4851,1010,1,29.41,0.0
5433,4851,1045,1,392.31,0.0
5433,4851,1047,1,76.32,0.0
5436,4852,1015,1,84.52,0.0
5437,4853,1064,1,227.42,0.0
5437,4853,1047,1,76.32,0.0
5439,4854,1088,2,41.46,0.0
5440,4855,1038,1,1082.55,0.0
5441,4856,1085,1,46.31,0.0
5441,4856,1086,2,91.38,0.0
5443,4857,1076,1,77.95,0.0
5444,4858,1088,1,41.46,0.0
5445,4859,1087,1,37.24,0.0
5446,4860,1076,1,77.95,0.0
5447,4861,1032,1,319.94,0.0
5448,4862,1080,1,13.23,0.0
5449,4863,1025,1,66.38,0.0
5450,4864,1058,1,120.13,0.0
5451,4865,1094,1,85.98,0.0
5451,4865,1074,1,39.9,0.0
5453,4866,1028,1,520.87,0.0
5453,4866,1074,3,39.9,0.0
5455,4867,1077,1,28.81,0.0
5456,4868,1048,1,749.58,0.0
5457,4869,1027,1,504.49,0.0
5457,4869,1001,1,36.36,0.0
5459,4870,1092,1,77.3,0.0
5460,4871,1010,1,29.41,0.0
5461,4872,1068,1,78.07,0.0
5462,4873,1031,3,244.09,0.0
5462,4873,1062,1,247.15,0.0
5464,4874,1048,2,749.58,0.0
5465,4875,1039,1,194.84,0.0
5466,4876,1009,3,69.18,0.0
5467,4877,1017,1,51.27,0.0
5467,4877,1007,1,72.27,0.0
5469,4878,1078,1,55.06,0.0
5469,4878,1087,1,37.24,0.0
5471,4879,1082,1,52.97,0.0
5472,4880,1070,1,66.74,0.0
5473,4881,1036,1,354.4,0.0
5474,4882,1065,2,123.39,0.0
5475,4883,1084,1,59.0,0.0
5476,4884,1050,1,138.13,0.0
5476,4884,1094,1,85.98,0.0
5478,4885,1076,1,77.95,0.0
5479,4886,1054,1,34.3,0.0
5480,4887,1001,1,36.36,0.0
5481,4888,1040,1,1029.67,0.0
5482,4889,1076,2,77.95,0.0
5483,4890,1043,2,947.82,0.0
5484,4891,1080,1,13.23,0.0
5484,4891,1021,1,59.85,0.0
5486,4892,1063,1,21.75,0.0
5487,4893,1064,1,227.42,0.0
5488,4894,1059,1,147.27,0.0
5488,4894,1066,1,155.63,0.0
5490,4895,1033,3,873.93,0.0
5490,4895,1061,2,156.46,0.0
5492,4896,1003,1,20.69,0.0
5493,4897,1032,1,319.94,0.0
5494,4898,1048,1,749.58,0.0
5495,4899,1078,1,55.06,0.0
5496,4900,1090,1,42.32,0.0
5496,4900,1011,1,39.64,0.0
5498,4901,1038,1,1082.55,0.0
5498,4901,1090,1,42.32,0.0
5500,4902,1085,3,46.31,0.0
5500,4902,1006,1,35.72,0.0
5500,4902,1041,2,201.9,0.0
5503,4903,1055,1,185.41,0.0
5504,4904,1074,1,39.9,0.0
5505,4905,1089,3,35.23,0.0
5506,4906,1054,2,34.3,0.0
5507,4907,1017,1,51.27,0.0
5508,4908,1033,1,873.93,0.0
5508,4908,1033,1,873.93,0.0
5510,4909,1064,1,227.42,0.0
5511,4910,1025,2,66.38,0.0
5511,4910,1065,1,123.39,0.0
5513,4911,1050,2,138.13,0.0
5514,4912,1067,2,196.26,0.0
5515,4913,1061,1,156.46,0.0
5516,4914,1086,1,91.38,0.0
5517,4915,1033,3,873.93,0.0
5518,4916,1001,3,36.36,0.0
5519,4917,1091,1,55.48,0.0
5519,4917,1093,1,62.3,0.0
5521,4918,1096,1,20.16,0.0
5521,4918,1002,1,67.11,0.0
5523,4919,1088,1,41.46,0.0
5524,4920,1019,1,39.27,0.0
5525,4921,1037,1,756.71,0.0
5526,4922,1078,1,55.06,0.0
5526,4922,1047,1,76.32,0.0
5528,4923,1096,1,20.16,0.0
5529,4924,1059,1,147.27,0.0
5530,4925,1005,1,81.69,0.0
5530,4925,1082,1,52.97,0.0
5532,4926,1037,1,756.71,0.0
5532,4926,1059,1,147.27,0.0
5532,4926,1092,1,77.3,0.0
5535,4927,1001,1,36.36,0.0
5535,4927,1035,1,100.58,0.0
5537,4928,1065,1,123.39,0.0
5538,4929,1095,1,77.08,0.0
5538,4929,1031,1,244.09,0.0
5538,4929,1019,1,39.27,0.0
5541,4930,1065,1,123.39,0.0
5542,4931,1073,1,116.43,0.0
5542,4931,1057,1,194.48,0.0
5544,4932,1063,1,21.75,0.0
5544,4932,1038,1,1082.55,0.0
5544,4932,1087,1,37.24,0.0
5547,4933,1056,3,203.45,0.0
5548,4934,1034,1,479.4,0.0
5549,4935,1078,1,55.06,0.0
5549,4935,1096,2,20.16,0.0
5551,4936,1041,1,201.9,0.0
5552,4937,1038,2,1082.55,0.0
5553,4938,1064,1,227.42,0.0
5554,4939,1017,1,51.27,0.0
5555,4940,1063,1,21.75,0.0
5555,4940,1032,1,319.94,0.0
5557,4941,1045,1,392.31,0.0
5558,4942,1025,2,66.38,0.0
5559,4943,1044,1,586.31,0.0
5560,4944,1018,1,82.3,0.0
5560,4944,1035,1,100.58,0.0
5562,4945,1031,1,244.09,0.0
5562,4945,1019,1,39.27,0.0
5562,4945,1082,3,52.97,0.0
5565,4946,1048,3,749.58,0.0
5566,4947,1090,1,42.32,0.0
5566,4947,1038,1,1082.55,0.0
5566,4947,1038,1,1082.55,0.0
5569,4948,1039,2,194.84,0.0
5570,4949,1087,1,37.24,0.0
5570,4949,1050,2,138.13,0.0
5570,4949,1081,2,58.16,0.0
5573,4950,1065,1,123.39,0.0
5574,4951,1004,1,69.11,0.0
5575,4952,1022,1,69.13,0.0
5576,4953,1030,3,72.15,0.0
5577,4954,1062,1,247.15,0.0
5577,4954,1033,2,873.93,0.0
5579,4955,1057,1,194.48,0.0
5579,4955,1012,2,44.35,0.0
5581,4956,1036,1,354.4,0.0
5582,4957,1061,1,156.46,0.0
5583,4958,1088,3,41.46,0.0
5583,4958,1070,1,66.74,0.0
5583,4958,1033,1,873.93,0.0
5586,4959,1077,3,28.81,0.0
5587,4960,1056,1,203.45,0.0
5588,4961,1070,1,66.74,0.0
5589,4962,1035,1,100.58,0.0
5589,4962,1056,1,203.45,0.0
5591,4963,1090,1,42.32,0.0
5592,4964,1090,3,42.32,0.0
5593,4965,1055,1,185.41,0.0
5593,4965,1048,1,749.58,0.0
5595,4966,1011,3,39.64,0.0
5596,4967,1005,1,81.69,0.0
5597,4968,1093,1,62.3,0.0
5598,4969,1077,1,28.81,0.0
5598,4969,1037,1,756.71,0.0
5598,4969,1061,1,156.46,0.0
5601,4970,1052,3,150.08,0.0
5602,4971,1062,1,247.15,0.0
5603,4972,1033,1,873.93,0.0
5604,4973,1072,3,156.31,0.0
5605,4974,1016,1,77.28,0.0
5606,4975,1084,1,59.0,0.0
5607,4976,1007,1,72.27,0.0
5608,4977,1013,1,86.41,0.0
5609,4978,1070,1,66.74,0.0
5610,4979,1008,1,41.08,0.0
5610,4979,1087,1,37.24,0.0
5610,4979,1027,1,504.49,0.0
5613,4980,1009,1,69.18,0.0
5614,4981,1013,1,86.41,0.0
5615,4982,1006,1,35.72,0.0
5615,4982,1028,1,520.87,0.0
5617,4983,1030,1,72.15,0.0
5618,4984,1008,3,41.08,0.0
5619,4985,1071,1,215.5,0.0
5620,4986,1016,1,77.28,0.0
5621,4987,1058,1,120.13,0.0
5622,4988,1005,1,81.69,0.0
5623,4989,1017,1,51.27,0.0
5624,4990,1054,1,34.3,0.0
5625,4991,1084,1,59.0,0.0
5625,4991,1068,1,78.07,0.0
5625,4991,1031,1,244.09,0.0
5628,4992,1031,1,244.09,0.0
5628,4992,1052,1,150.08,0.0
5630,4993,1006,1,35.72,0.0
5630,4993,1074,1,39.9,0.0
5632,4994,1002,1,67.11,0.0
5633,4995,1042,1,227.11,0.0
5634,4996,1091,2,55.48,0.0
5635,4997,1044,1,586.31,0.0
5636,4998,1021,1,59.85,0.0
5637,4999,1085,1,46.31,0.0
