return_id,order_item_id,customer_id,return_date,return_reason,return_channel,condition_received,disposition,refund_amount,restocking_fee,processing_cost,recovered_value,cycle_time_hours,fraud_flagged
9001,4,134,2024-05-27,not_as_described,web,used,refurbish,34.3,0.0,22.57,13.72,34,True
9002,6,455,2025-11-22,changed_mind,web,new_unopened,restock,67.11,0.0,21.61,46.98,101,False
9003,14,344,2024-12-11,changed_mind,bopis,new_unopened,restock,100.58,0.0,18.85,70.41,41,False
9004,18,480,2024-07-31,changed_mind,bopis,new_unopened,restock,1029.67,0.0,22.97,720.77,98,False
9005,24,304,2025-07-06,changed_mind,store,new_unopened,restock,35.72,0.0,4.02,25.0,11,False
9006,35,459,2024-06-16,not_as_described,web,damaged,liquidate,116.43,0.0,23.38,11.64,16,True
9007,42,367,2025-06-23,changed_mind,bopis,new_unopened,restock,41.08,0.0,3.06,28.76,102,False
9008,47,123,2025-08-17,changed_mind,store,new_unopened,restock,201.9,0.0,5.12,141.33,61,False
9009,48,161,2024-03-21,changed_mind,bopis,new_unopened,restock,138.75,0.0,11.52,97.12,103,False
9010,51,91,2024-02-19,changed_mind,bopis,new_unopened,restock,85.98,0.0,5.07,60.19,110,False
9011,53,174,2024-11-22,changed_mind,bopis,new_unopened,restock,77.28,0.0,10.73,54.1,100,False
9012,62,181,2025-03-16,changed_mind,mobile,used,restock,1278.52,0.0,22.58,894.96,98,True
9013,65,134,2025-08-26,changed_mind,web,new_unopened,restock,44.35,0.0,18.29,31.04,151,False
9014,68,47,2025-09-01,changed_mind,web,new_unopened,restock,247.15,0.0,23.09,173.0,155,False
9015,80,13,2025-10-12,changed_mind,web,new_unopened,restock,227.11,0.0,14.17,158.98,101,False
9016,87,74,2024-12-22,changed_mind,web,new_unopened,restock,479.4,0.0,17.95,335.58,135,False
9017,92,374,2024-03-17,changed_mind,mobile,new_unopened,restock,156.31,0.0,3.74,109.42,94,False
9018,96,266,2025-09-13,changed_mind,web,new_unopened,restock,100.58,0.0,10.22,70.41,83,False
9019,99,6,2024-06-03,changed_mind,web,new_unopened,restock,67.55,0.0,6.61,47.28,23,False
9020,104,129,2025-09-10,changed_mind,store,new_unopened,restock,77.28,0.0,3.63,54.1,137,False
9021,107,428,2024-04-14,changed_mind,mobile,new_unopened,restock,109.08,0.0,13.32,76.36,98,False
9022,108,34,2025-02-02,changed_mind,store,new_unopened,restock,194.84,0.0,10.56,136.39,90,False
9023,112,285,2024-09-17,changed_mind,mobile,new_unopened,restock,59.85,0.0,5.28,41.89,41,False
9024,115,32,2025-06-15,duplicate,bopis,damaged,destroy,61.11,0.0,8.24,6.11,14,True
9025,119,116,2024-05-09,changed_mind,bopis,new_unopened,restock,44.35,0.0,14.78,31.04,27,False
9026,122,325,2024-07-18,changed_mind,bopis,new_unopened,restock,215.5,0.0,19.6,150.85,67,False
9027,123,26,2025-11-23,changed_mind,store,new_unopened,restock,44.35,0.0,20.42,31.04,117,False
9028,126,288,2024-09-05,changed_mind,mobile,new_unopened,restock,91.38,0.0,9.72,63.97,74,False
9029,145,64,2024-04-02,changed_mind,store,new_unopened,restock,708.8,0.0,23.58,496.16,73,False
9030,147,73,2024-12-18,changed_mind,web,new_unopened,restock,69.13,0.0,3.67,48.39,73,False
9031,152,412,2025-06-21,changed_mind,web,new_unopened,restock,321.02,0.0,6.44,224.71,78,False
9032,154,271,2025-01-26,changed_mind,web,new_unopened,restock,120.13,0.0,24.6,84.09,8,False
9033,162,201,2024-09-04,changed_mind,store,new_unopened,restock,77.08,0.0,6.16,53.96,155,False
9034,165,375,2025-06-14,changed_mind,bopis,new_unopened,restock,1278.52,0.0,5.46,894.96,128,False
9035,167,462,2024-01-04,changed_mind,web,new_unopened,restock,150.08,0.0,18.53,105.06,19,False
9036,175,11,2025-10-23,changed_mind,store,new_unopened,restock,749.58,0.0,3.49,524.71,56,False
9037,180,429,2025-09-03,changed_mind,web,new_unopened,restock,55.48,0.0,12.71,38.84,46,False
9038,186,265,2024-07-14,changed_mind,store,new_unopened,restock,469.38,0.0,10.0,328.57,59,False
9039,224,45,2024-02-28,changed_mind,bopis,new_unopened,restock,174.48,0.0,13.97,122.14,105,False
9040,233,283,2024-01-18,changed_mind,mobile,new_unopened,restock,126.96,0.0,3.64,88.87,27,False
9041,250,12,2025-04-02,changed_mind,web,new_unopened,restock,185.41,0.0,5.45,129.79,156,False
9042,262,130,2024-05-20,changed_mind,bopis,new_unopened,restock,586.31,0.0,15.53,410.42,7,False
9043,265,288,2025-11-04,changed_mind,store,new_unopened,restock,162.76,0.0,3.0,113.93,111,False
9044,268,160,2024-08-13,changed_mind,bopis,new_unopened,restock,639.26,0.0,10.55,447.48,76,False
9045,274,495,2024-12-05,changed_mind,web,new_unopened,restock,44.34,0.0,14.75,31.04,71,False
9046,281,360,2025-04-23,changed_mind,web,new_unopened,restock,77.08,0.0,13.7,53.96,87,False
9047,283,21,2025-04-07,changed_mind,store,new_unopened,restock,160.51,0.0,7.04,112.36,7,False
9048,285,117,2025-01-04,changed_mind,store,new_unopened,restock,96.79,0.0,16.64,67.75,76,False
9049,289,237,2024-10-24,changed_mind,store,new_unopened,restock,138.13,0.0,18.83,96.69,49,False
9050,291,52,2024-04-11,changed_mind,bopis,new_unopened,restock,82.3,0.0,7.9,57.61,13,False
9051,294,152,2025-07-05,changed_mind,mobile,new_unopened,restock,13.23,0.0,6.76,9.26,118,False
9052,302,42,2025-02-12,changed_mind,store,new_unopened,restock,81.69,0.0,9.72,57.18,73,False
9053,309,282,2024-09-10,changed_mind,web,new_unopened,restock,392.31,0.0,16.83,274.62,10,False
9054,316,172,2025-07-10,changed_mind,mobile,new_unopened,restock,116.32,0.0,17.53,81.42,102,False
9055,328,431,2025-07-16,changed_mind,mobile,new_unopened,restock,81.38,0.0,5.68,56.97,122,False
9056,351,101,2025-01-20,changed_mind,web,new_unopened,restock,34.3,0.0,18.14,24.01,56,False
9057,352,409,2024-03-04,changed_mind,bopis,new_unopened,restock,117.81,0.0,16.88,82.47,21,False
9058,355,468,2024-03-11,changed_mind,web,new_unopened,restock,21.75,0.0,16.43,15.22,165,False
9059,356,232,2025-09-19,changed_mind,web,new_unopened,restock,123.39,0.0,14.97,86.37,75,False
9060,369,185,2025-09-07,changed_mind,web,new_unopened,restock,1438.2,0.0,11.07,1006.74,142,False
9061,374,38,2024-12-06,changed_mind,web,new_unopened,restock,34.3,0.0,8.31,24.01,12,False
9062,389,459,2024-06-03,changed_mind,store,new_unopened,restock,156.46,0.0,10.75,109.52,117,False
9063,394,420,2025-04-08,changed_mind,store,new_unopened,restock,55.06,0.0,17.18,38.54,29,False
9064,395,316,2025-03-02,changed_mind,bopis,new_unopened,restock,1041.74,0.0,11.52,729.22,31,False
9065,398,108,2025-01-15,changed_mind,bopis,new_unopened,restock,504.49,0.0,14.31,353.14,45,False
9066,401,364,2025-12-18,changed_mind,mobile,new_unopened,restock,36.36,0.0,13.92,25.45,69,False
9067,404,434,2024-12-25,changed_mind,bopis,new_unopened,restock,873.93,0.0,7.72,611.75,59,False
9068,409,240,2025-03-07,not_as_described,web,used,donate,72.15,0.0,22.71,7.22,51,True
9069,410,498,2024-07-10,changed_mind,mobile,new_unopened,restock,185.41,0.0,12.91,129.79,32,False
9070,412,242,2024-01-25,changed_mind,store,new_unopened,restock,91.38,0.0,19.49,63.97,150,False
9071,418,99,2025-04-10,changed_mind,bopis,new_unopened,restock,479.4,0.0,17.9,335.58,6,False
9072,420,400,2024-11-21,changed_mind,store,new_unopened,restock,35.23,0.0,17.96,24.66,124,False
9073,423,443,2024-04-12,not_as_described,web,opened_unused,donate,35.23,0.0,7.6,3.52,145,True
9074,432,442,2024-05-31,changed_mind,store,new_unopened,restock,77.95,0.0,9.93,54.56,149,False
9075,433,456,2025-03-07,changed_mind,mobile,new_unopened,restock,156.31,0.0,12.59,109.42,33,False
9076,435,116,2024-02-25,changed_mind,web,new_unopened,restock,81.38,0.0,13.43,56.97,36,False
9077,437,492,2025-10-29,changed_mind,web,new_unopened,restock,84.52,0.0,18.48,59.16,95,False
9078,439,429,2025-01-21,changed_mind,mobile,new_unopened,restock,155.63,0.0,4.2,108.94,21,False
9079,442,384,2024-04-26,changed_mind,store,new_unopened,restock,196.26,0.0,23.96,137.38,105,False
9080,447,429,2024-05-20,changed_mind,web,new_unopened,restock,39.9,0.0,19.5,27.93,115,False
9081,450,98,2024-01-28,changed_mind,store,new_unopened,restock,392.31,0.0,16.69,274.62,108,False
9082,451,481,2024-02-23,changed_mind,web,new_unopened,restock,44.35,0.0,16.42,31.04,120,False
9083,453,407,2024-03-20,changed_mind,store,new_unopened,restock,69.18,0.0,16.3,48.43,51,False
9084,454,309,2024-10-15,changed_mind,store,new_unopened,restock,36.36,0.0,23.84,25.45,117,False
9085,468,21,2025-01-11,changed_mind,store,new_unopened,restock,67.11,0.0,4.17,46.98,6,False
9086,469,135,2024-05-10,duplicate,bopis,opened_unused,liquidate,1082.55,0.0,14.2,108.25,61,True
9087,473,195,2024-08-22,changed_mind,mobile,new_unopened,restock,59.0,0.0,15.16,41.3,53,False
9088,477,27,2025-04-29,changed_mind,store,new_unopened,restock,78.07,0.0,21.07,54.65,103,False
9089,483,342,2025-07-10,changed_mind,mobile,new_unopened,restock,66.38,0.0,5.25,46.47,123,False
9090,486,187,2024-12-26,changed_mind,mobile,new_unopened,restock,66.38,0.0,21.98,46.47,82,False
9091,490,284,2024-10-04,changed_mind,mobile,new_unopened,restock,504.49,0.0,4.42,353.14,140,False
9092,491,180,2025-11-11,changed_mind,bopis,new_unopened,restock,138.13,0.0,13.66,96.69,165,False
9093,493,493,2025-04-20,changed_mind,bopis,new_unopened,restock,1029.67,0.0,20.76,720.77,70,False
9094,495,462,2025-10-08,changed_mind,mobile,new_unopened,restock,196.26,0.0,10.22,137.38,163,False
9095,496,430,2024-09-16,changed_mind,web,new_unopened,restock,42.32,0.0,18.09,29.62,99,False
9096,500,329,2025-06-19,changed_mind,bopis,new_unopened,restock,44.35,0.0,21.87,31.04,76,False
9097,502,440,2025-04-11,changed_mind,web,new_unopened,restock,43.5,0.0,23.56,30.45,118,False
9098,512,182,2024-11-10,changed_mind,bopis,new_unopened,restock,124.38,0.0,24.66,87.07,139,False
9099,515,257,2024-06-04,changed_mind,web,new_unopened,restock,52.97,0.0,5.57,37.08,71,False
9100,522,296,2024-08-06,changed_mind,web,new_unopened,restock,504.49,0.0,9.26,353.14,81,False
9101,527,62,2024-05-10,changed_mind,mobile,new_unopened,restock,138.13,0.0,18.89,96.69,78,False
9102,528,259,2024-02-15,changed_mind,bopis,new_unopened,restock,77.08,0.0,18.29,53.96,46,False
9103,546,154,2025-01-16,changed_mind,store,new_unopened,restock,646.5,0.0,5.25,452.55,163,False
9104,548,203,2024-06-30,changed_mind,web,new_unopened,restock,35.72,0.0,13.84,25.0,60,False
9105,554,128,2025-07-25,changed_mind,web,new_unopened,restock,78.07,0.0,23.44,54.65,91,False
9106,556,216,2024-11-29,changed_mind,web,new_unopened,restock,160.51,0.0,14.03,112.36,91,False
9107,559,58,2024-09-21,changed_mind,mobile,new_unopened,restock,55.06,0.0,16.64,38.54,132,False
9108,562,201,2025-12-13,changed_mind,store,new_unopened,restock,116.43,0.0,15.91,81.5,166,False
9109,569,248,2024-09-22,not_as_described,bopis,damaged,restock,639.88,0.0,3.22,447.92,168,True
9110,585,218,2024-08-29,changed_mind,web,new_unopened,restock,155.9,0.0,25.0,109.13,112,False
9111,589,250,2024-12-27,changed_mind,web,new_unopened,restock,39.64,0.0,6.59,27.75,110,False
9112,592,144,2025-02-05,changed_mind,store,new_unopened,restock,67.55,0.0,9.93,47.28,134,False
9113,595,476,2024-10-17,changed_mind,store,new_unopened,restock,36.36,0.0,5.36,25.45,83,False
9114,600,148,2024-03-25,changed_mind,mobile,new_unopened,restock,119.7,0.0,8.47,83.79,151,False
9115,603,450,2025-12-27,changed_mind,web,new_unopened,restock,66.38,0.0,21.49,46.47,77,False
9116,607,320,2024-10-03,duplicate,mobile,used,refurbish,59.0,0.0,15.25,23.6,143,True
9117,613,494,2024-08-27,changed_mind,store,new_unopened,restock,959.82,0.0,10.96,671.87,9,False
9118,617,295,2024-11-28,duplicate,store,opened_unused,destroy,77.28,0.0,10.9,7.73,88,True
9119,622,301,2024-07-26,changed_mind,store,new_unopened,restock,370.82,0.0,21.66,259.57,65,False
9120,624,13,2024-05-20,changed_mind,mobile,new_unopened,restock,84.52,0.0,13.4,59.16,141,False
9121,627,340,2025-02-10,changed_mind,web,new_unopened,restock,77.3,0.0,4.92,54.11,106,False
9122,636,254,2025-04-04,changed_mind,mobile,new_unopened,restock,55.48,0.0,18.23,38.84,11,False
9123,641,419,2024-08-30,changed_mind,store,new_unopened,restock,120.13,0.0,23.04,84.09,44,False
9124,644,86,2025-05-23,changed_mind,bopis,new_unopened,restock,123.39,0.0,12.6,86.37,111,False
9125,645,283,2024-06-05,changed_mind,bopis,new_unopened,restock,1513.42,0.0,21.08,1059.39,34,False
9126,649,373,2024-10-07,changed_mind,store,new_unopened,restock,51.27,0.0,14.65,35.89,10,False
9127,653,81,2024-09-24,changed_mind,store,new_unopened,restock,479.4,0.0,18.61,335.58,100,False
9128,654,495,2024-10-15,changed_mind,bopis,new_unopened,restock,247.15,0.0,24.11,173.0,87,False
9129,665,491,2025-01-07,changed_mind,web,new_unopened,restock,41.46,0.0,13.52,29.02,139,False
9130,668,465,2025-01-07,changed_mind,web,new_unopened,restock,138.93,0.0,24.13,97.25,48,False
9131,672,459,2025-10-18,changed_mind,mobile,new_unopened,restock,319.94,0.0,15.67,223.96,154,False
9132,675,300,2024-03-07,changed_mind,mobile,new_unopened,restock,504.49,0.0,8.09,353.14,57,False
9133,677,305,2024-03-27,changed_mind,bopis,new_unopened,restock,588.78,0.0,8.51,412.15,124,False
9134,688,465,2024-07-12,changed_mind,mobile,new_unopened,restock,102.54,0.0,13.12,71.78,91,False
9135,701,153,2024-02-05,changed_mind,bopis,new_unopened,restock,72.27,0.0,9.65,50.59,71,False
9136,705,264,2025-11-06,changed_mind,bopis,new_unopened,restock,36.36,0.0,19.2,25.45,27,False
9137,715,287,2025-09-30,changed_mind,bopis,new_unopened,restock,274.14,0.0,19.15,191.9,54,False
9138,717,98,2024-05-23,changed_mind,store,new_unopened,restock,227.11,0.0,17.86,158.98,17,False
9139,719,185,2025-10-12,duplicate,store,opened_unused,restock,58.16,0.0,18.34,40.71,84,True
9140,724,399,2025-11-07,changed_mind,web,new_unopened,restock,583.44,0.0,20.45,408.41,123,False
9141,728,53,2025-01-14,changed_mind,mobile,new_unopened,restock,586.31,0.0,21.68,410.42,101,False
9142,731,159,2024-03-19,changed_mind,store,new_unopened,restock,99.06,0.0,22.46,69.34,119,False
9143,732,270,2024-06-30,changed_mind,store,new_unopened,restock,41.46,0.0,13.95,29.02,76,False
9144,748,28,2025-10-07,changed_mind,web,new_unopened,restock,227.11,0.0,12.91,158.98,150,False
9145,750,149,2025-09-01,duplicate,store,used,restock,77.95,0.0,3.14,54.56,111,True
9146,753,18,2024-04-28,changed_mind,mobile,new_unopened,restock,520.87,0.0,20.28,364.61,41,False
9147,760,347,2025-07-23,changed_mind,bopis,new_unopened,restock,155.63,0.0,7.85,108.94,77,False
9148,768,322,2025-12-23,changed_mind,mobile,new_unopened,restock,681.33,0.0,22.89,476.93,76,False
9149,772,460,2025-03-25,changed_mind,bopis,new_unopened,restock,196.26,0.0,13.52,137.38,160,False
9150,776,180,2025-11-02,changed_mind,mobile,new_unopened,restock,36.24,0.0,14.96,25.37,38,False
9151,781,435,2025-10-09,changed_mind,web,new_unopened,restock,81.38,0.0,8.83,56.97,7,False
9152,786,346,2024-11-04,changed_mind,store,new_unopened,restock,647.46,0.0,13.91,453.22,61,False
9153,795,174,2025-02-24,changed_mind,store,new_unopened,restock,586.31,0.0,16.22,410.42,138,False
9154,800,34,2025-06-15,changed_mind,mobile,new_unopened,restock,1060.03,0.0,10.55,742.02,117,False
9155,804,384,2025-11-16,changed_mind,web,new_unopened,restock,86.41,0.0,20.58,60.49,94,False
9156,808,190,2024-07-04,changed_mind,mobile,new_unopened,restock,227.11,0.0,13.07,158.98,113,False
9157,809,208,2025-02-27,changed_mind,web,new_unopened,restock,37.24,0.0,13.14,26.07,160,False
9158,810,387,2024-07-05,changed_mind,web,new_unopened,restock,196.26,0.0,24.59,137.38,155,False
9159,811,479,2025-11-17,changed_mind,store,new_unopened,restock,639.26,0.0,17.09,447.48,68,False
9160,814,330,2025-12-07,changed_mind,bopis,new_unopened,restock,20.69,0.0,7.19,14.48,143,False
9161,818,46,2025-12-01,changed_mind,mobile,new_unopened,restock,156.46,0.0,5.53,109.52,21,False
9162,822,345,2025-12-18,changed_mind,store,new_unopened,restock,67.11,0.0,11.27,46.98,126,False
9163,825,494,2024-02-08,changed_mind,bopis,new_unopened,restock,947.82,0.0,22.96,663.47,106,False
9164,826,192,2025-10-29,changed_mind,web,new_unopened,restock,227.42,0.0,5.73,159.19,128,False
9165,832,33,2025-08-19,changed_mind,mobile,new_unopened,restock,77.95,0.0,21.01,54.56,45,False
9166,833,162,2025-09-18,changed_mind,web,new_unopened,restock,1060.03,0.0,10.94,742.02,59,False
9167,840,454,2025-11-28,changed_mind,mobile,new_unopened,restock,39.9,0.0,17.1,27.93,107,False
9168,842,195,2025-02-04,changed_mind,web,new_unopened,restock,203.45,0.0,9.26,142.41,67,False
9169,845,291,2025-02-19,changed_mind,mobile,new_unopened,restock,60.48,0.0,5.83,42.34,17,False
9170,854,191,2025-11-05,changed_mind,web,new_unopened,restock,59.85,0.0,12.58,41.89,92,False
9171,856,214,2024-03-05,changed_mind,mobile,new_unopened,restock,77.28,0.0,14.51,54.1,27,False
9172,860,377,2025-09-24,changed_mind,mobile,new_unopened,restock,21.75,0.0,3.64,15.22,55,False
9173,879,192,2025-06-23,changed_mind,store,new_unopened,restock,77.28,0.0,6.64,54.1,154,False
9174,881,137,2024-08-18,changed_mind,mobile,new_unopened,restock,1438.2,0.0,3.08,1006.74,62,False
9175,883,430,2024-09-12,changed_mind,mobile,new_unopened,restock,67.11,0.0,9.21,46.98,120,False
9176,885,422,2024-12-23,changed_mind,bopis,new_unopened,restock,37.24,0.0,8.07,26.07,127,False
9177,886,469,2024-06-04,changed_mind,store,new_unopened,restock,97.86,0.0,22.58,68.5,112,False
9178,892,126,2024-09-25,changed_mind,web,new_unopened,restock,246.78,0.0,22.53,172.75,35,False
9179,907,385,2024-05-09,duplicate,bopis,used,restock,42.32,0.0,24.43,29.62,96,True
9180,914,309,2024-09-06,changed_mind,web,new_unopened,restock,1082.55,0.0,5.93,757.78,85,False
9181,917,59,2025-08-10,changed_mind,store,new_unopened,restock,77.3,0.0,24.87,54.11,49,False
9182,919,159,2025-08-02,changed_mind,mobile,new_unopened,restock,319.94,0.0,4.67,223.96,109,False
9183,924,225,2024-11-05,changed_mind,web,new_unopened,restock,96.79,0.0,5.03,67.75,78,False
9184,926,260,2024-09-28,duplicate,web,opened_unused,restock,55.48,0.0,22.13,38.84,25,True
9185,939,58,2025-02-23,changed_mind,bopis,new_unopened,restock,749.58,0.0,15.14,524.71,145,False
9186,944,330,2024-10-01,changed_mind,store,new_unopened,restock,69.13,0.0,6.06,48.39,83,False
9187,956,260,2024-08-29,changed_mind,store,new_unopened,restock,82.3,0.0,17.39,57.61,62,False
9188,965,81,2024-06-16,changed_mind,store,new_unopened,restock,194.48,0.0,22.52,136.14,18,False
9189,968,382,2025-10-28,changed_mind,store,new_unopened,restock,67.55,0.0,22.47,47.28,21,False
9190,969,281,2024-01-27,changed_mind,mobile,new_unopened,restock,99.06,0.0,12.83,69.34,105,False
9191,974,51,2025-05-22,changed_mind,bopis,new_unopened,restock,392.31,0.0,8.92,274.62,24,False
9192,977,376,2025-06-28,changed_mind,store,new_unopened,restock,215.5,0.0,16.63,150.85,22,False
9193,981,166,2024-11-02,changed_mind,mobile,new_unopened,restock,123.39,0.0,10.92,86.37,100,False
9194,984,348,2025-08-07,changed_mind,mobile,new_unopened,restock,119.7,0.0,6.13,83.79,142,False
9195,985,483,2025-10-27,changed_mind,web,opened_unused,donate,756.71,0.0,15.15,75.67,109,True
9196,986,288,2024-03-16,changed_mind,bopis,new_unopened,restock,1172.62,0.0,4.68,820.83,67,False
9197,987,328,2025-06-09,changed_mind,web,new_unopened,restock,196.26,0.0,3.83,137.38,142,False
9198,990,464,2025-07-12,changed_mind,bopis,new_unopened,restock,69.13,0.0,12.95,48.39,160,False
9199,992,101,2024-07-22,changed_mind,mobile,new_unopened,restock,77.3,0.0,21.93,54.11,121,False
9200,995,171,2025-08-29,not_as_described,bopis,used,restock,28.81,0.0,24.18,20.17,78,True
9201,997,214,2025-10-31,duplicate,store,used,refurbish,36.24,0.0,24.98,14.5,111,True
9202,1001,263,2025-12-21,changed_mind,web,new_unopened,restock,92.62,0.0,3.95,64.83,96,False
9203,1004,116,2025-03-28,changed_mind,bopis,new_unopened,restock,120.13,0.0,7.99,84.09,29,False
9204,1008,257,2025-05-16,changed_mind,bopis,new_unopened,restock,194.48,0.0,4.65,136.14,168,False
9205,1015,210,2025-09-20,changed_mind,bopis,new_unopened,restock,155.63,0.0,19.5,108.94,99,False
9206,1020,54,2025-01-11,changed_mind,bopis,new_unopened,restock,36.24,0.0,23.98,25.37,50,False
9207,1023,78,2024-03-07,changed_mind,store,new_unopened,restock,124.6,0.0,22.82,87.22,148,False
9208,1025,174,2024-01-15,changed_mind,bopis,new_unopened,restock,44.35,0.0,13.89,31.04,94,False
9209,1030,115,2025-05-18,not_as_described,web,damaged,restock,55.06,0.0,11.96,38.54,100,True
9210,1037,442,2025-01-18,changed_mind,bopis,new_unopened,restock,360.39,0.0,19.9,252.27,56,False
9211,1039,22,2024-07-05,changed_mind,web,new_unopened,restock,200.22,0.0,21.98,140.15,94,False
9212,1041,78,2025-02-17,changed_mind,bopis,new_unopened,restock,29.41,0.0,17.11,20.59,157,False
9213,1046,183,2025-12-13,changed_mind,web,new_unopened,restock,42.32,0.0,24.82,29.62,73,False
9214,1049,257,2025-07-03,changed_mind,store,new_unopened,restock,72.15,0.0,24.67,50.51,26,False
9215,1054,240,2025-12-17,changed_mind,bopis,new_unopened,restock,55.06,0.0,4.7,38.54,166,False
9216,1058,126,2025-09-17,changed_mind,store,new_unopened,restock,388.96,0.0,22.26,272.27,148,False
9217,1064,139,2024-09-30,changed_mind,web,new_unopened,restock,138.75,0.0,23.86,97.12,51,False
9218,1065,257,2025-01-31,changed_mind,web,new_unopened,restock,41.08,0.0,3.78,28.76,143,False
9219,1068,382,2025-10-20,changed_mind,bopis,new_unopened,restock,160.51,0.0,10.46,112.36,133,False
9220,1071,179,2025-06-08,changed_mind,web,new_unopened,restock,20.16,0.0,16.59,14.11,100,False
9221,1081,270,2025-02-21,changed_mind,web,new_unopened,restock,172.82,0.0,19.87,120.97,115,False
9222,1089,288,2024-08-26,duplicate,mobile,used,restock,35.72,0.0,9.78,25.0,11,True
9223,1091,463,2025-07-24,changed_mind,bopis,new_unopened,restock,84.52,0.0,17.87,59.16,56,False
9224,1094,405,2025-02-15,changed_mind,web,new_unopened,restock,160.51,0.0,3.44,112.36,125,False
9225,1097,1,2024-03-01,changed_mind,mobile,new_unopened,restock,21.75,0.0,7.37,15.22,81,False
9226,1110,116,2024-02-04,changed_mind,mobile,new_unopened,restock,39.27,0.0,8.02,27.49,76,False
9227,1113,76,2024-01-09,duplicate,bopis,opened_unused,donate,78.07,0.0,7.53,7.81,65,True
9228,1120,181,2025-11-15,changed_mind,web,new_unopened,restock,201.9,0.0,9.42,141.33,103,False
9229,1121,314,2025-01-14,changed_mind,store,new_unopened,restock,1060.03,0.0,7.08,742.02,118,False
9230,1123,18,2024-12-08,changed_mind,mobile,new_unopened,restock,311.26,0.0,21.35,217.88,100,False
9231,1125,125,2025-03-24,changed_mind,web,new_unopened,restock,86.41,0.0,17.95,60.49,25,False
9232,1127,63,2024-12-22,changed_mind,mobile,new_unopened,restock,297.18,0.0,20.76,208.03,163,False
9233,1131,476,2024-06-22,changed_mind,mobile,new_unopened,restock,44.34,0.0,14.47,31.04,59,False
9234,1142,388,2024-04-25,changed_mind,web,new_unopened,restock,81.38,0.0,5.65,56.97,81,False
9235,1150,273,2025-05-06,changed_mind,mobile,new_unopened,restock,34.3,0.0,10.25,24.01,44,False
9236,1154,334,2024-12-04,changed_mind,bopis,new_unopened,restock,76.32,0.0,12.76,53.42,73,False
9237,1155,3,2025-04-26,changed_mind,mobile,new_unopened,restock,1513.42,0.0,10.29,1059.39,115,False
9238,1156,111,2024-06-02,changed_mind,bopis,new_unopened,restock,319.94,0.0,19.29,223.96,164,False
9239,1157,63,2024-09-10,changed_mind,store,new_unopened,restock,1942.38,0.0,3.09,1359.67,147,False
9240,1168,97,2024-08-17,changed_mind,store,new_unopened,restock,44.34,0.0,23.56,31.04,20,False
9241,1169,24,2024-06-24,changed_mind,web,new_unopened,restock,2621.79,0.0,19.95,1835.25,37,False
9242,1171,498,2025-10-11,not_as_described,web,opened_unused,donate,240.26,0.0,18.01,24.03,13,True
9243,1176,461,2025-02-19,changed_mind,store,new_unopened,restock,196.26,0.0,10.25,137.38,110,False
9244,1177,85,2025-12-18,changed_mind,web,new_unopened,restock,194.84,0.0,24.44,136.39,6,False
9245,1189,483,2025-11-05,changed_mind,store,new_unopened,restock,65.25,0.0,12.6,45.67,150,False
9246,1190,47,2025-07-22,changed_mind,web,new_unopened,restock,100.58,0.0,19.43,70.41,147,False
9247,1197,260,2025-03-19,duplicate,store,opened_unused,liquidate,147.27,0.0,15.9,14.73,142,True
9248,1206,415,2024-10-27,changed_mind,web,new_unopened,restock,873.93,0.0,7.16,611.75,139,False
9249,1216,139,2024-04-11,changed_mind,web,new_unopened,restock,35.72,0.0,11.33,25.0,145,False
9250,1225,240,2025-10-21,changed_mind,store,new_unopened,restock,71.44,0.0,11.31,50.01,152,False
9251,1232,296,2025-09-10,changed_mind,bopis,new_unopened,restock,39.27,0.0,24.04,27.49,15,False
9252,1235,202,2024-12-07,changed_mind,mobile,new_unopened,restock,172.82,0.0,17.78,120.97,134,False
9253,1236,391,2025-04-28,changed_mind,mobile,new_unopened,restock,1082.55,0.0,6.6,757.78,105,False
9254,1248,477,2025-12-23,changed_mind,web,new_unopened,restock,520.87,0.0,6.64,364.61,69,False
9255,1257,84,2024-07-27,changed_mind,bopis,new_unopened,restock,479.4,0.0,15.58,335.58,7,False
9256,1270,39,2024-02-23,changed_mind,mobile,new_unopened,restock,67.55,0.0,19.79,47.28,39,False
9257,1274,403,2025-09-25,changed_mind,store,new_unopened,restock,51.27,0.0,13.53,35.89,62,False
9258,1275,46,2025-11-20,changed_mind,mobile,new_unopened,restock,215.5,0.0,10.66,150.85,49,False
9259,1304,347,2025-02-23,changed_mind,mobile,new_unopened,restock,1060.03,0.0,4.38,742.02,71,False
9260,1305,436,2025-10-03,changed_mind,web,new_unopened,restock,37.24,0.0,13.62,26.07,142,False
9261,1307,295,2024-07-19,changed_mind,bopis,new_unopened,restock,90.43,0.0,20.96,63.3,14,False
9262,1308,168,2024-01-19,changed_mind,mobile,new_unopened,restock,66.74,0.0,7.81,46.72,163,False
9263,1309,345,2025-02-25,changed_mind,mobile,new_unopened,restock,138.75,0.0,6.02,97.12,168,False
9264,1310,155,2024-05-31,changed_mind,web,new_unopened,restock,90.43,0.0,11.01,63.3,22,False
9265,1334,323,2024-10-03,changed_mind,web,used,liquidate,231.84,0.0,24.67,23.18,35,True
9266,1335,237,2024-03-08,changed_mind,bopis,new_unopened,restock,32.62,0.0,3.24,22.83,54,False
9267,1338,472,2024-03-20,changed_mind,bopis,new_unopened,restock,749.58,0.0,17.04,524.71,84,False
9268,1339,257,2024-07-27,changed_mind,mobile,new_unopened,restock,118.0,0.0,21.15,82.6,93,False
9269,1341,83,2024-06-18,changed_mind,store,new_unopened,restock,123.39,0.0,9.52,86.37,97,False
9270,1342,246,2025-05-16,changed_mind,bopis,new_unopened,restock,116.43,0.0,13.94,81.5,38,False
9271,1343,5,2024-07-14,changed_mind,bopis,new_unopened,restock,67.11,0.0,22.49,46.98,64,False
9272,1349,239,2025-10-15,changed_mind,bopis,new_unopened,restock,147.27,0.0,18.19,103.09,47,False
9273,1352,74,2025-12-18,changed_mind,web,new_unopened,restock,34.3,0.0,24.87,24.01,50,False
9274,1358,179,2024-11-11,changed_mind,store,new_unopened,restock,99.06,0.0,15.01,69.34,17,False
9275,1359,293,2024-07-31,changed_mind,web,new_unopened,restock,647.46,0.0,17.84,453.22,110,False
9276,1370,416,2025-04-18,changed_mind,mobile,new_unopened,restock,86.41,0.0,17.63,60.49,154,False
9277,1372,103,2024-12-24,duplicate,web,damaged,restock,72.27,0.0,7.63,50.59,148,True
9278,1375,2,2025-10-28,changed_mind,bopis,new_unopened,restock,120.13,0.0,21.88,84.09,85,False
9279,1376,303,2025-07-18,changed_mind,bopis,new_unopened,restock,46.31,0.0,20.01,32.42,117,False
9280,1397,259,2024-02-07,changed_mind,bopis,new_unopened,restock,873.93,0.0,15.7,611.75,18,False
9281,1401,178,2025-01-16,changed_mind,store,new_unopened,restock,29.41,0.0,16.86,20.59,66,False
9282,1402,64,2024-09-06,changed_mind,mobile,new_unopened,restock,756.71,0.0,24.81,529.7,14,False
9283,1403,211,2024-07-02,changed_mind,store,damaged,refurbish,319.94,0.0,15.14,127.98,162,True
9284,1406,109,2025-11-20,changed_mind,bopis,new_unopened,restock,639.26,0.0,14.98,447.48,167,False
9285,1420,214,2024-09-26,changed_mind,bopis,new_unopened,restock,36.36,0.0,6.54,25.45,21,False
9286,1422,165,2025-05-17,changed_mind,web,new_unopened,restock,58.16,0.0,4.6,40.71,63,False
9287,1426,53,2025-06-18,changed_mind,mobile,new_unopened,restock,154.6,0.0,8.43,108.22,8,False
9288,1431,144,2025-07-08,changed_mind,bopis,new_unopened,restock,72.72,0.0,20.47,50.9,39,False
9289,1432,225,2024-04-23,changed_mind,store,new_unopened,restock,51.27,0.0,6.13,35.89,46,False
9290,1436,453,2025-04-27,changed_mind,web,new_unopened,restock,100.58,0.0,5.58,70.41,15,False
9291,1457,487,2025-07-29,changed_mind,store,new_unopened,restock,119.7,0.0,15.61,83.79,23,False
9292,1459,159,2025-04-18,changed_mind,mobile,new_unopened,restock,247.15,0.0,22.34,173.0,94,False
9293,1461,448,2025-09-30,duplicate,mobile,damaged,donate,196.26,0.0,20.79,19.63,76,True
9294,1464,44,2025-12-28,changed_mind,web,new_unopened,restock,504.49,0.0,9.64,353.14,103,False
9295,1469,189,2024-04-22,changed_mind,mobile,new_unopened,restock,20.16,0.0,7.86,14.11,136,False
9296,1470,48,2025-10-04,changed_mind,store,new_unopened,restock,116.43,0.0,19.16,81.5,77,False
9297,1471,143,2025-08-14,changed_mind,store,new_unopened,restock,46.31,0.0,17.72,32.42,72,False
9298,1477,18,2025-08-02,changed_mind,store,new_unopened,restock,86.41,0.0,9.93,60.49,168,False
9299,1478,355,2024-08-06,changed_mind,bopis,new_unopened,restock,13.23,0.0,23.96,9.26,164,False
9300,1479,113,2024-07-27,changed_mind,mobile,new_unopened,restock,86.84,0.0,11.52,60.79,13,False
9301,1482,187,2024-02-03,changed_mind,mobile,new_unopened,restock,36.24,0.0,19.24,25.37,86,False
9302,1495,495,2024-09-07,changed_mind,bopis,new_unopened,restock,37.24,0.0,24.56,26.07,167,False
9303,1496,415,2024-04-29,changed_mind,store,new_unopened,restock,82.3,0.0,23.22,57.61,147,False
9304,1501,336,2024-09-21,changed_mind,web,new_unopened,restock,66.38,0.0,8.2,46.47,144,False
9305,1502,301,2024-05-25,changed_mind,web,new_unopened,restock,123.39,0.0,7.83,86.37,143,False
9306,1503,121,2024-08-05,changed_mind,mobile,new_unopened,restock,155.9,0.0,23.1,109.13,63,False
9307,1514,355,2024-10-04,changed_mind,web,new_unopened,restock,77.28,0.0,22.88,54.1,119,False
9308,1518,248,2025-12-24,changed_mind,store,new_unopened,restock,873.93,0.0,15.22,611.75,102,False
9309,1532,195,2024-01-12,duplicate,mobile,opened_unused,refurbish,1082.55,0.0,5.02,433.02,161,True
9310,1535,453,2024-05-12,changed_mind,mobile,new_unopened,restock,160.51,0.0,6.0,112.36,53,False
9311,1544,402,2024-03-17,changed_mind,store,new_unopened,restock,194.84,0.0,6.65,136.39,72,False
9312,1546,429,2024-12-01,changed_mind,bopis,new_unopened,restock,77.3,0.0,24.06,54.11,78,False
9313,1551,161,2024-09-15,changed_mind,mobile,new_unopened,restock,647.46,0.0,24.46,453.22,32,False
9314,1553,212,2025-03-09,changed_mind,mobile,new_unopened,restock,647.46,0.0,22.64,453.22,45,False
9315,1558,100,2024-11-02,changed_mind,bopis,new_unopened,restock,21.75,0.0,14.53,15.22,166,False
9316,1559,81,2024-09-28,changed_mind,mobile,new_unopened,restock,51.27,0.0,20.47,35.89,146,False
9317,1561,159,2024-03-11,changed_mind,mobile,new_unopened,restock,34.3,0.0,3.77,24.01,13,False
9318,1579,453,2025-11-17,changed_mind,store,new_unopened,restock,194.84,0.0,16.71,136.39,150,False
9319,1589,286,2025-11-25,changed_mind,bopis,new_unopened,restock,46.31,0.0,7.34,32.42,65,False
9320,1599,111,2024-08-23,changed_mind,bopis,new_unopened,restock,29.41,0.0,10.54,20.59,31,False
9321,1602,16,2025-07-31,changed_mind,mobile,new_unopened,restock,504.49,0.0,19.66,353.14,52,False
9322,1605,424,2025-12-14,changed_mind,bopis,new_unopened,restock,185.41,0.0,24.23,129.79,167,False
9323,1606,500,2025-04-20,changed_mind,bopis,new_unopened,restock,52.97,0.0,24.53,37.08,155,False
9324,1607,80,2025-01-11,changed_mind,bopis,new_unopened,restock,1513.42,0.0,6.95,1059.39,65,False
9325,1612,402,2025-02-26,changed_mind,store,new_unopened,restock,1562.61,0.0,24.35,1093.83,109,False
9326,1614,202,2024-12-22,changed_mind,mobile,new_unopened,restock,35.23,0.0,13.74,24.66,72,False
9327,1618,358,2025-06-23,changed_mind,store,new_unopened,restock,185.41,0.0,23.18,129.79,37,False
9328,1622,257,2024-06-04,changed_mind,bopis,new_unopened,restock,504.49,0.0,23.99,353.14,146,False
9329,1626,405,2025-05-27,changed_mind,web,new_unopened,restock,91.38,0.0,20.88,63.97,102,False
9330,1635,297,2025-09-01,changed_mind,mobile,new_unopened,restock,156.46,0.0,9.35,109.52,128,False
9331,1636,487,2024-10-27,changed_mind,store,damaged,refurbish,171.96,0.0,6.46,68.78,76,True
9332,1637,112,2024-03-04,changed_mind,bopis,new_unopened,restock,156.31,0.0,17.8,109.42,112,False
9333,1640,429,2025-01-26,changed_mind,mobile,new_unopened,restock,28.81,0.0,22.6,20.17,26,False
9334,1646,98,2025-06-13,changed_mind,web,new_unopened,restock,99.06,0.0,19.29,69.34,37,False
9335,1657,492,2024-04-15,changed_mind,web,new_unopened,restock,215.5,0.0,3.85,150.85,52,False
9336,1659,188,2024-10-05,changed_mind,bopis,new_unopened,restock,36.36,0.0,16.72,25.45,139,False
9337,1664,78,2025-07-09,changed_mind,store,new_unopened,restock,311.26,0.0,14.81,217.88,134,False
9338,1673,13,2025-01-20,changed_mind,bopis,new_unopened,restock,39.9,0.0,22.34,27.93,40,False
9339,1685,416,2024-05-14,changed_mind,mobile,new_unopened,restock,81.38,0.0,9.13,56.97,6,False
9340,1686,325,2024-02-22,changed_mind,mobile,new_unopened,restock,1942.38,0.0,11.19,1359.67,115,False
9341,1688,148,2025-01-10,changed_mind,bopis,new_unopened,restock,319.94,0.0,24.56,223.96,17,False
9342,1703,242,2025-09-05,changed_mind,store,new_unopened,restock,77.3,0.0,21.04,54.11,159,False
9343,1708,231,2024-07-24,changed_mind,web,new_unopened,restock,77.95,0.0,8.33,54.56,78,False
9344,1712,65,2025-09-12,duplicate,mobile,opened_unused,donate,44.34,0.0,6.97,4.43,105,True
9345,1717,117,2025-10-21,changed_mind,bopis,new_unopened,restock,67.11,0.0,14.16,46.98,36,False
9346,1719,32,2024-04-24,changed_mind,store,new_unopened,restock,34.3,0.0,9.15,24.01,154,False
9347,1724,243,2024-07-06,changed_mind,mobile,new_unopened,restock,117.81,0.0,15.23,82.47,111,False
9348,1725,446,2025-12-30,changed_mind,store,new_unopened,restock,201.9,0.0,13.47,141.33,83,False
9349,1729,455,2025-08-01,changed_mind,store,new_unopened,restock,69.11,0.0,6.16,48.38,106,False
9350,1739,438,2024-04-28,changed_mind,web,new_unopened,restock,91.38,0.0,10.45,63.97,52,False
9351,1745,74,2025-08-07,changed_mind,web,new_unopened,restock,66.38,0.0,20.97,46.47,154,False
9352,1750,347,2025-10-23,changed_mind,web,new_unopened,restock,116.32,0.0,6.32,81.42,35,False
9353,1751,396,2024-05-14,changed_mind,bopis,new_unopened,restock,120.13,0.0,23.16,84.09,77,False
9354,1753,106,2025-05-24,changed_mind,mobile,new_unopened,restock,639.26,0.0,4.89,447.48,41,False
9355,1754,295,2024-03-24,changed_mind,bopis,new_unopened,restock,57.62,0.0,10.5,40.33,28,False
9356,1758,362,2024-04-06,changed_mind,mobile,new_unopened,restock,215.5,0.0,10.08,150.85,106,False
9357,1763,178,2025-01-13,changed_mind,store,new_unopened,restock,100.58,0.0,13.37,70.41,143,False
9358,1764,152,2024-04-18,changed_mind,mobile,new_unopened,restock,41.08,0.0,9.64,28.76,14,False
9359,1767,312,2024-05-14,changed_mind,web,new_unopened,restock,96.79,0.0,22.9,67.75,138,False
9360,1778,497,2024-12-27,changed_mind,web,new_unopened,restock,756.71,0.0,8.33,529.7,66,False
9361,1781,284,2024-10-07,changed_mind,store,new_unopened,restock,2165.1,0.0,18.0,1515.57,92,False
9362,1782,27,2025-01-14,changed_mind,mobile,new_unopened,restock,123.24,0.0,12.16,86.27,163,False
9363,1784,372,2024-12-28,changed_mind,mobile,new_unopened,restock,76.32,0.0,24.2,53.42,129,False
9364,1785,77,2025-05-04,changed_mind,mobile,new_unopened,restock,58.16,0.0,22.57,40.71,64,False
9365,1786,458,2025-07-15,changed_mind,web,new_unopened,restock,185.41,0.0,19.16,129.79,125,False
9366,1791,320,2024-03-01,changed_mind,web,new_unopened,restock,247.15,0.0,21.89,173.0,138,False
9367,1794,278,2024-07-08,changed_mind,store,new_unopened,restock,116.43,0.0,11.81,81.5,83,False
9368,1795,345,2025-05-10,changed_mind,store,new_unopened,restock,156.46,0.0,18.91,109.52,33,False
9369,1797,41,2024-04-12,changed_mind,mobile,new_unopened,restock,77.08,0.0,14.5,53.96,49,False
9370,1798,75,2025-10-10,changed_mind,store,new_unopened,restock,504.49,0.0,3.58,353.14,18,False
9371,1802,27,2024-08-10,changed_mind,web,new_unopened,restock,91.38,0.0,11.44,63.97,123,False
9372,1803,258,2024-10-30,changed_mind,bopis,new_unopened,restock,79.28,0.0,22.53,55.5,35,False
9373,1805,443,2024-02-02,changed_mind,bopis,new_unopened,restock,454.84,0.0,11.33,318.39,83,False
9374,1806,49,2025-09-14,changed_mind,store,new_unopened,restock,97.86,0.0,11.52,68.5,166,False
9375,1809,81,2025-12-29,changed_mind,mobile,new_unopened,restock,1029.67,0.0,24.56,720.77,17,False
9376,1818,347,2024-09-21,duplicate,store,opened_unused,destroy,147.27,0.0,22.98,14.73,164,True
9377,1819,56,2024-11-26,changed_mind,bopis,new_unopened,restock,1029.67,0.0,23.06,720.77,146,False
9378,1825,367,2024-11-18,changed_mind,web,new_unopened,restock,58.16,0.0,19.8,40.71,75,False
9379,1839,144,2024-10-04,changed_mind,web,new_unopened,restock,51.27,0.0,3.47,35.89,49,False
9380,1842,263,2024-03-01,changed_mind,bopis,new_unopened,restock,947.82,0.0,4.87,663.47,33,False
9381,1854,150,2024-08-16,changed_mind,bopis,new_unopened,restock,520.87,0.0,3.37,364.61,36,False
9382,1855,7,2025-04-24,changed_mind,web,new_unopened,restock,62.3,0.0,4.39,43.61,19,False
9383,1856,180,2024-12-09,changed_mind,store,new_unopened,restock,639.26,0.0,23.7,447.48,158,False
9384,1859,482,2025-02-11,changed_mind,web,new_unopened,restock,55.48,0.0,8.15,38.84,8,False
9385,1862,249,2024-06-28,changed_mind,bopis,new_unopened,restock,37.24,0.0,17.31,26.07,42,False
9386,1865,222,2025-09-11,changed_mind,store,new_unopened,restock,67.55,0.0,13.6,47.28,66,False
9387,1867,386,2025-08-25,changed_mind,bopis,new_unopened,restock,194.48,0.0,13.75,136.14,21,False
9388,1869,313,2024-08-17,changed_mind,mobile,new_unopened,restock,61.11,0.0,20.76,42.78,95,False
9389,1873,98,2025-03-04,changed_mind,store,new_unopened,restock,20.16,0.0,6.22,14.11,136,False
9390,1874,316,2024-10-14,changed_mind,bopis,new_unopened,restock,1060.03,0.0,12.6,742.02,151,False
9391,1877,297,2025-01-09,changed_mind,mobile,new_unopened,restock,1060.03,0.0,8.17,742.02,48,False
9392,1882,294,2025-10-31,changed_mind,mobile,new_unopened,restock,312.92,0.0,12.15,219.04,144,False
9393,1886,353,2024-02-24,changed_mind,bopis,new_unopened,restock,156.46,0.0,22.0,109.52,92,False
9394,1896,40,2024-05-18,changed_mind,mobile,new_unopened,restock,749.58,0.0,16.3,524.71,116,False
9395,1906,466,2025-09-05,changed_mind,bopis,new_unopened,restock,244.09,0.0,17.35,170.86,38,False
9396,1913,421,2025-01-03,changed_mind,store,new_unopened,restock,749.58,0.0,24.85,524.71,112,False
9397,1917,475,2025-08-03,changed_mind,mobile,new_unopened,restock,228.96,0.0,11.6,160.27,24,False
9398,1924,52,2025-07-26,changed_mind,mobile,new_unopened,restock,1060.03,0.0,11.49,742.02,95,False
9399,1930,289,2024-04-21,changed_mind,mobile,new_unopened,restock,1041.74,0.0,16.81,729.22,12,False
9400,1935,21,2025-01-11,not_as_described,bopis,damaged,refurbish,450.24,0.0,8.21,180.1,33,True
9401,1937,164,2025-04-05,changed_mind,store,new_unopened,restock,116.43,0.0,23.33,81.5,48,False
9402,1943,353,2025-04-19,changed_mind,mobile,new_unopened,restock,81.38,0.0,23.24,56.97,162,False
9403,1950,130,2025-10-16,changed_mind,mobile,new_unopened,restock,240.26,0.0,20.9,168.18,133,False
9404,1954,465,2025-08-20,not_as_described,mobile,damaged,destroy,65.25,0.0,24.23,6.53,13,True
9405,1969,24,2024-01-07,changed_mind,bopis,new_unopened,restock,36.36,0.0,16.09,25.45,152,False
9406,1974,352,2024-06-20,duplicate,web,damaged,refurbish,52.97,0.0,20.18,21.19,50,True
9407,1982,65,2024-03-03,changed_mind,web,new_unopened,restock,185.41,0.0,6.06,129.79,146,False
9408,1989,186,2025-08-10,changed_mind,web,new_unopened,restock,203.45,0.0,11.86,142.41,111,False
9409,1992,48,2025-05-24,changed_mind,store,new_unopened,restock,69.18,0.0,8.26,48.43,47,False
9410,1994,74,2024-05-23,changed_mind,web,new_unopened,restock,160.51,0.0,19.59,112.36,62,False
9411,1998,386,2025-08-05,changed_mind,store,new_unopened,restock,185.41,0.0,9.49,129.79,51,False
9412,1999,9,2024-06-27,changed_mind,bopis,new_unopened,restock,85.98,0.0,3.19,60.19,103,False
9413,2008,201,2025-02-06,changed_mind,web,new_unopened,restock,154.16,0.0,4.73,107.91,128,False
9414,2011,54,2024-09-29,changed_mind,store,new_unopened,restock,216.81,0.0,10.17,151.77,53,False
9415,2013,185,2024-05-19,changed_mind,web,new_unopened,restock,39.27,0.0,10.28,27.49,75,False
9416,2018,49,2024-11-04,changed_mind,web,new_unopened,restock,244.09,0.0,6.73,170.86,150,False
9417,2026,86,2024-09-22,changed_mind,bopis,new_unopened,restock,42.32,0.0,18.74,29.62,8,False
9418,2028,61,2024-07-06,changed_mind,mobile,new_unopened,restock,732.27,0.0,11.48,512.59,61,False
9419,2029,410,2025-04-07,changed_mind,store,new_unopened,restock,231.9,0.0,7.72,162.33,56,False
9420,2030,323,2024-06-19,changed_mind,mobile,new_unopened,restock,91.38,0.0,4.23,63.97,19,False
9421,2050,89,2025-03-26,changed_mind,bopis,new_unopened,restock,77.3,0.0,22.05,54.11,16,False
9422,2052,102,2025-03-24,changed_mind,store,new_unopened,restock,120.13,0.0,24.64,84.09,25,False
9423,2068,29,2024-07-05,changed_mind,web,new_unopened,restock,116.43,0.0,5.38,81.5,119,False
9424,2069,148,2025-07-05,changed_mind,mobile,new_unopened,restock,69.13,0.0,24.9,48.39,83,False
9425,2077,429,2024-08-22,changed_mind,bopis,new_unopened,restock,96.79,0.0,3.5,67.75,53,False
9426,2084,309,2025-10-23,changed_mind,web,new_unopened,restock,392.31,0.0,5.1,274.62,20,False
9427,2091,232,2024-04-15,changed_mind,store,new_unopened,restock,231.9,0.0,18.91,162.33,18,False
9428,2097,338,2024-06-25,changed_mind,store,new_unopened,restock,86.41,0.0,19.89,60.49,31,False
9429,2099,331,2024-09-18,changed_mind,mobile,new_unopened,restock,21.75,0.0,17.26,15.22,14,False
9430,2100,255,2024-03-15,changed_mind,web,new_unopened,restock,319.94,0.0,9.64,223.96,158,False
9431,2106,262,2024-09-16,changed_mind,store,new_unopened,restock,39.64,0.0,13.73,27.75,41,False
9432,2125,268,2025-04-16,not_as_described,bopis,used,liquidate,207.39,0.0,24.74,20.74,11,True
9433,2130,2,2025-04-13,changed_mind,web,new_unopened,restock,46.31,0.0,19.1,32.42,162,False
9434,2136,298,2024-01-20,changed_mind,web,new_unopened,restock,185.41,0.0,16.72,129.79,121,False
9435,2140,423,2025-11-03,changed_mind,mobile,new_unopened,restock,58.16,0.0,15.57,40.71,52,False
9436,2146,129,2024-06-04,changed_mind,bopis,new_unopened,restock,203.45,0.0,15.58,142.41,145,False
9437,2147,40,2024-06-10,changed_mind,mobile,new_unopened,restock,873.93,0.0,9.78,611.75,106,False
9438,2160,95,2025-12-07,changed_mind,mobile,new_unopened,restock,1060.03,0.0,23.18,742.02,57,False
9439,2161,321,2025-06-07,changed_mind,store,new_unopened,restock,138.22,0.0,17.33,96.75,50,False
9440,2170,54,2024-09-19,changed_mind,web,new_unopened,restock,116.32,0.0,24.19,81.42,134,False
9441,2176,110,2024-03-03,changed_mind,web,new_unopened,restock,150.08,0.0,12.34,105.06,167,False
9442,2177,388,2025-10-30,changed_mind,web,new_unopened,restock,196.26,0.0,4.24,137.38,124,False
9443,2181,447,2025-03-18,changed_mind,store,new_unopened,restock,454.84,0.0,5.09,318.39,131,False
9444,2182,420,2024-09-30,changed_mind,mobile,new_unopened,restock,39.27,0.0,7.79,27.49,60,False
9445,2185,109,2025-06-27,changed_mind,bopis,new_unopened,restock,51.27,0.0,17.28,35.89,38,False
9446,2186,192,2024-12-22,changed_mind,mobile,new_unopened,restock,79.8,0.0,20.75,55.86,98,False
9447,2189,404,2025-06-25,changed_mind,mobile,damaged,liquidate,77.95,0.0,19.31,7.8,15,True
9448,2216,246,2025-03-01,changed_mind,bopis,new_unopened,restock,231.84,0.0,10.4,162.29,158,False
9449,2219,250,2025-01-25,changed_mind,bopis,new_unopened,restock,203.45,0.0,19.3,142.41,100,False
9450,2223,249,2024-07-19,not_as_described,mobile,used,liquidate,196.26,0.0,8.7,19.63,123,True
9451,2236,156,2025-12-02,changed_mind,web,new_unopened,restock,156.31,0.0,21.38,109.42,58,False
9452,2244,145,2025-03-16,duplicate,mobile,opened_unused,donate,96.79,0.0,24.64,9.68,46,True
9453,2253,6,2024-05-04,changed_mind,bopis,new_unopened,restock,62.3,0.0,18.39,43.61,23,False
9454,2263,67,2024-11-27,changed_mind,mobile,used,donate,958.8,0.0,14.62,95.88,137,True
9455,2274,364,2025-04-21,changed_mind,store,new_unopened,restock,164.6,0.0,14.21,115.22,147,False
9456,2276,345,2025-11-03,changed_mind,bopis,new_unopened,restock,77.08,0.0,11.72,53.96,6,False
9457,2282,41,2024-08-01,changed_mind,mobile,new_unopened,restock,647.46,0.0,13.88,453.22,120,False
9458,2284,42,2024-09-03,changed_mind,store,new_unopened,restock,99.06,0.0,21.32,69.34,10,False
9459,2287,88,2025-09-11,changed_mind,bopis,new_unopened,restock,246.9,0.0,14.9,172.83,77,False
9460,2289,494,2024-03-08,changed_mind,web,new_unopened,restock,109.08,0.0,19.48,76.36,73,False
9461,2294,292,2024-06-03,changed_mind,mobile,new_unopened,restock,227.11,0.0,9.72,158.98,130,False
9462,2303,27,2025-04-07,changed_mind,mobile,new_unopened,restock,44.35,0.0,21.99,31.04,83,False
9463,2307,431,2025-08-13,changed_mind,bopis,new_unopened,restock,72.15,0.0,10.3,50.51,89,False
9464,2310,246,2024-08-06,changed_mind,mobile,new_unopened,restock,194.84,0.0,22.64,136.39,149,False
9465,2311,275,2024-07-29,changed_mind,store,new_unopened,restock,123.39,0.0,19.39,86.37,14,False
9466,2320,119,2025-06-03,changed_mind,bopis,new_unopened,restock,39.64,0.0,9.93,27.75,141,False
9467,2322,488,2024-01-24,changed_mind,web,new_unopened,restock,72.15,0.0,19.71,50.51,82,False
9468,2329,214,2025-09-02,changed_mind,web,new_unopened,restock,160.51,0.0,8.92,112.36,22,False
9469,2342,402,2024-07-17,changed_mind,web,new_unopened,restock,37.24,0.0,10.6,26.07,90,False
9470,2343,114,2025-02-14,changed_mind,store,new_unopened,restock,1895.64,0.0,12.29,1326.95,59,False
9471,2344,405,2025-11-18,changed_mind,mobile,new_unopened,restock,1747.86,0.0,21.52,1223.5,165,False
9472,2348,387,2024-10-12,changed_mind,bopis,new_unopened,restock,150.08,0.0,11.32,105.06,30,False
9473,2351,373,2024-11-11,changed_mind,store,new_unopened,restock,583.44,0.0,19.14,408.41,11,False
9474,2352,33,2025-03-13,duplicate,mobile,damaged,donate,138.75,0.0,7.06,13.88,143,True
9475,2353,68,2024-05-18,changed_mind,mobile,new_unopened,restock,135.1,0.0,19.57,94.57,35,False
9476,2358,284,2024-12-17,changed_mind,bopis,new_unopened,restock,1513.42,0.0,15.75,1059.39,32,False
9477,2359,438,2024-06-04,duplicate,store,damaged,refurbish,59.0,0.0,15.64,23.6,12,True
9478,2371,175,2025-12-28,changed_mind,bopis,new_unopened,restock,158.91,0.0,21.72,111.24,64,False
9479,2374,239,2024-12-31,changed_mind,mobile,new_unopened,restock,69.18,0.0,16.82,48.43,156,False
9480,2378,3,2025-10-08,changed_mind,bopis,new_unopened,restock,227.11,0.0,8.61,158.98,114,False
9481,2387,225,2025-11-25,changed_mind,mobile,used,liquidate,67.55,0.0,3.58,6.75,126,True
9482,2390,379,2024-11-28,changed_mind,store,new_unopened,restock,41.38,0.0,13.94,28.97,131,False
9483,2396,153,2024-03-03,changed_mind,mobile,new_unopened,restock,144.54,0.0,6.52,101.18,23,False
9484,2397,322,2025-04-27,changed_mind,bopis,new_unopened,restock,194.48,0.0,18.46,136.14,164,False
9485,2402,62,2025-07-13,not_as_described,web,opened_unused,refurbish,42.32,0.0,12.52,16.93,81,True
9486,2422,14,2025-10-31,changed_mind,bopis,new_unopened,restock,55.48,0.0,15.86,38.84,11,False
9487,2426,336,2025-05-21,changed_mind,web,new_unopened,restock,46.31,0.0,11.14,32.42,87,False
9488,2428,206,2024-06-06,changed_mind,mobile,new_unopened,restock,58.16,0.0,12.4,40.71,115,False
9489,2429,30,2024-08-14,changed_mind,web,new_unopened,restock,194.48,0.0,11.77,136.14,100,False
9490,2434,495,2025-08-20,changed_mind,web,new_unopened,restock,198.12,0.0,19.18,138.68,26,False
9491,2442,453,2025-12-26,changed_mind,store,new_unopened,restock,77.95,0.0,7.08,54.56,62,False
9492,2444,400,2025-07-24,changed_mind,web,new_unopened,restock,1562.61,0.0,10.33,1093.83,100,False
9493,2451,308,2025-07-13,changed_mind,store,new_unopened,restock,247.15,0.0,6.2,173.0,90,False
9494,2457,229,2024-02-25,changed_mind,mobile,new_unopened,restock,55.48,0.0,3.89,38.84,95,False
9495,2458,115,2024-12-27,changed_mind,store,new_unopened,restock,1294.92,0.0,3.48,906.44,140,False
9496,2460,307,2024-09-26,changed_mind,bopis,new_unopened,restock,741.45,0.0,13.45,519.01,155,False
9497,2466,36,2025-09-01,changed_mind,web,new_unopened,restock,118.92,0.0,6.48,83.24,124,False
9498,2467,175,2024-03-27,changed_mind,mobile,used,restock,153.81,0.0,11.84,107.67,168,True
9499,2480,375,2025-07-30,changed_mind,bopis,new_unopened,restock,77.08,0.0,3.85,53.96,167,False
9500,2482,39,2024-04-30,changed_mind,mobile,new_unopened,restock,41.08,0.0,14.14,28.76,24,False
9501,2486,131,2024-03-01,changed_mind,store,new_unopened,restock,96.79,0.0,14.69,67.75,29,False
9502,2501,275,2024-10-07,changed_mind,mobile,new_unopened,restock,46.31,0.0,5.33,32.42,85,False
9503,2511,397,2024-02-06,changed_mind,bopis,new_unopened,restock,59.85,0.0,5.68,41.89,59,False
9504,2514,99,2024-10-21,duplicate,bopis,damaged,refurbish,349.29,0.0,15.69,139.72,74,True
9505,2521,320,2024-03-28,changed_mind,bopis,new_unopened,restock,215.5,0.0,21.96,150.85,81,False
9506,2533,329,2025-10-10,changed_mind,store,new_unopened,restock,41.08,0.0,22.45,28.76,43,False
9507,2545,5,2025-11-18,changed_mind,bopis,new_unopened,restock,28.81,0.0,13.21,20.17,10,False
9508,2549,79,2024-07-04,changed_mind,web,new_unopened,restock,708.8,0.0,18.16,496.16,114,False
9509,2555,429,2025-08-12,changed_mind,web,new_unopened,restock,133.48,0.0,7.35,93.44,27,False
9510,2557,322,2025-01-09,changed_mind,mobile,new_unopened,restock,488.18,0.0,4.99,341.73,68,False
9511,2571,373,2024-03-04,changed_mind,store,new_unopened,restock,44.34,0.0,8.24,31.04,40,False
9512,2580,354,2024-07-16,duplicate,bopis,used,restock,51.27,0.0,5.15,35.89,117,True
9513,2591,47,2024-12-07,changed_mind,mobile,new_unopened,restock,1060.03,0.0,9.21,742.02,85,False
9514,2592,382,2025-12-21,changed_mind,web,new_unopened,restock,36.24,0.0,15.57,25.37,63,False
9515,2598,56,2024-06-08,changed_mind,store,new_unopened,restock,67.55,0.0,16.17,47.28,53,False
9516,2599,358,2025-03-18,changed_mind,bopis,new_unopened,restock,215.5,0.0,16.87,150.85,134,False
9517,2601,45,2025-12-16,changed_mind,mobile,new_unopened,restock,67.11,0.0,9.27,46.98,136,False
9518,2605,408,2024-03-19,changed_mind,web,new_unopened,restock,71.44,0.0,14.27,50.01,79,False
9519,2606,58,2025-08-17,changed_mind,store,new_unopened,restock,36.36,0.0,23.93,25.45,17,False
9520,2617,428,2024-10-28,changed_mind,mobile,new_unopened,restock,244.09,0.0,11.33,170.86,92,False
9521,2619,414,2024-10-29,changed_mind,web,new_unopened,restock,86.84,0.0,13.83,60.79,143,False
9522,2623,28,2025-03-12,changed_mind,bopis,new_unopened,restock,147.27,0.0,16.53,103.09,151,False
9523,2625,296,2025-03-03,changed_mind,web,new_unopened,restock,72.48,0.0,3.42,50.74,145,False
9524,2631,89,2024-07-06,changed_mind,web,new_unopened,restock,77.28,0.0,15.9,54.1,18,False
9525,2634,300,2025-09-25,changed_mind,bopis,new_unopened,restock,120.13,0.0,22.3,84.09,38,False
9526,2636,21,2024-09-21,changed_mind,store,new_unopened,restock,66.38,0.0,18.88,46.47,18,False
9527,2641,483,2025-08-23,changed_mind,web,new_unopened,restock,185.41,0.0,10.95,129.79,87,False
9528,2643,85,2025-09-23,changed_mind,web,new_unopened,restock,116.43,0.0,4.88,81.5,85,False
9529,2644,102,2024-09-26,changed_mind,store,new_unopened,restock,78.07,0.0,14.62,54.65,53,False
9530,2645,130,2024-08-14,changed_mind,mobile,new_unopened,restock,65.24,0.0,18.91,45.67,130,False
9531,2651,204,2024-11-04,changed_mind,bopis,new_unopened,restock,749.58,0.0,10.05,524.71,27,False
9532,2652,273,2024-12-24,changed_mind,bopis,new_unopened,restock,77.28,0.0,16.5,54.1,130,False
9533,2657,85,2024-04-06,changed_mind,web,new_unopened,restock,86.41,0.0,21.14,60.49,89,False
9534,2658,263,2024-04-02,changed_mind,web,new_unopened,restock,416.25,0.0,9.78,291.38,168,False
9535,2665,375,2025-04-23,changed_mind,bopis,new_unopened,restock,227.11,0.0,10.1,158.98,34,False
9536,2677,84,2024-11-17,changed_mind,store,new_unopened,restock,77.28,0.0,14.99,54.1,106,False
9537,2679,184,2025-03-27,changed_mind,store,new_unopened,restock,150.08,0.0,17.61,105.06,126,False
9538,2681,85,2025-07-06,changed_mind,mobile,new_unopened,restock,207.39,0.0,13.41,145.17,90,False
9539,2686,433,2025-07-18,changed_mind,web,new_unopened,restock,520.87,0.0,19.71,364.61,103,False
9540,2689,438,2025-06-01,changed_mind,bopis,new_unopened,restock,77.3,0.0,11.27,54.11,33,False
9541,2691,485,2024-03-17,changed_mind,web,new_unopened,restock,77.3,0.0,24.69,54.11,69,False
9542,2693,456,2025-05-07,changed_mind,bopis,new_unopened,restock,20.69,0.0,16.2,14.48,122,False
9543,2694,45,2025-11-05,changed_mind,bopis,new_unopened,restock,71.44,0.0,15.27,50.01,6,False
9544,2702,200,2024-09-08,changed_mind,web,new_unopened,restock,504.49,0.0,23.19,353.14,154,False
9545,2703,15,2024-10-11,changed_mind,mobile,new_unopened,restock,39.64,0.0,17.6,27.75,36,False
9546,2706,6,2025-04-24,changed_mind,mobile,new_unopened,restock,35.72,0.0,12.14,25.0,142,False
9547,2708,258,2025-05-12,changed_mind,bopis,new_unopened,restock,708.8,0.0,13.9,496.16,36,False
9548,2710,485,2025-07-27,changed_mind,bopis,new_unopened,restock,138.75,0.0,19.97,97.12,28,False
9549,2712,23,2025-10-20,changed_mind,web,new_unopened,restock,215.5,0.0,16.24,150.85,62,False
9550,2722,104,2024-04-20,changed_mind,mobile,new_unopened,restock,76.32,0.0,22.53,53.42,97,False
9551,2727,125,2025-01-21,changed_mind,mobile,new_unopened,restock,297.18,0.0,20.11,208.03,108,False
9552,2728,396,2025-01-31,changed_mind,store,used,donate,138.13,0.0,21.14,13.81,112,True
9553,2731,4,2024-11-04,changed_mind,store,new_unopened,restock,647.46,0.0,22.53,453.22,32,False
9554,2737,366,2025-05-19,changed_mind,store,new_unopened,restock,194.48,0.0,20.27,136.14,96,False
9555,2742,444,2025-09-29,changed_mind,mobile,new_unopened,restock,72.48,0.0,23.07,50.74,102,False
9556,2744,292,2024-12-16,changed_mind,store,new_unopened,restock,35.72,0.0,21.02,25.0,117,False
9557,2746,136,2025-03-15,changed_mind,web,new_unopened,restock,72.15,0.0,21.41,50.51,86,False
9558,2747,67,2025-04-14,changed_mind,web,new_unopened,restock,271.29,0.0,12.03,189.9,77,False
9559,2748,378,2025-04-11,changed_mind,mobile,new_unopened,restock,1029.67,0.0,20.09,720.77,124,False
9560,2749,320,2024-11-01,changed_mind,store,new_unopened,restock,41.46,0.0,3.92,29.02,129,False
9561,2759,54,2024-04-25,changed_mind,mobile,new_unopened,restock,1278.52,0.0,13.07,894.96,144,False
9562,2762,328,2025-04-06,changed_mind,mobile,new_unopened,restock,67.55,0.0,12.83,47.28,148,False
9563,2764,445,2025-04-07,changed_mind,bopis,new_unopened,restock,82.3,0.0,11.53,57.61,88,False
9564,2775,379,2024-07-07,changed_mind,web,new_unopened,restock,52.97,0.0,22.69,37.08,125,False
9565,2777,223,2024-03-29,changed_mind,bopis,new_unopened,restock,1082.55,0.0,16.41,757.78,111,False
9566,2784,66,2024-04-28,changed_mind,mobile,new_unopened,restock,28.81,0.0,22.13,20.17,91,False
9567,2785,231,2024-08-10,changed_mind,bopis,new_unopened,restock,37.24,0.0,19.74,26.07,143,False
9568,2790,393,2025-10-31,changed_mind,mobile,new_unopened,restock,99.06,0.0,17.25,69.34,126,False
9569,2798,98,2025-03-15,changed_mind,store,new_unopened,restock,155.63,0.0,22.13,108.94,118,False
9570,2802,166,2025-07-30,not_as_described,bopis,used,restock,504.49,0.0,24.53,353.14,94,True
9571,2803,422,2024-10-19,changed_mind,mobile,new_unopened,restock,77.95,0.0,10.61,54.56,97,False
9572,2804,54,2024-11-09,changed_mind,mobile,new_unopened,restock,756.71,0.0,17.54,529.7,112,False
9573,2807,149,2024-08-27,changed_mind,store,new_unopened,restock,55.48,0.0,13.26,38.84,47,False
9574,2809,6,2025-12-17,changed_mind,mobile,new_unopened,restock,62.3,0.0,13.12,43.61,24,False
9575,2814,119,2025-05-19,duplicate,web,opened_unused,destroy,39.64,0.0,13.13,3.96,27,True
9576,2817,344,2025-06-21,changed_mind,bopis,new_unopened,restock,253.56,0.0,10.59,177.49,138,False
9577,2822,161,2025-01-27,changed_mind,mobile,new_unopened,restock,29.41,0.0,15.59,20.59,130,False
9578,2823,77,2024-11-06,changed_mind,store,new_unopened,restock,91.38,0.0,14.69,63.97,92,False
9579,2827,53,2025-08-18,changed_mind,store,new_unopened,restock,79.8,0.0,17.86,55.86,89,False
9580,2837,425,2024-05-01,changed_mind,store,new_unopened,restock,42.32,0.0,3.95,29.62,96,False
9581,2843,475,2024-11-13,changed_mind,bopis,new_unopened,restock,57.62,0.0,4.12,40.33,86,False
9582,2846,300,2025-02-19,changed_mind,store,new_unopened,restock,82.3,0.0,14.56,57.61,63,False
9583,2847,155,2024-12-06,changed_mind,bopis,new_unopened,restock,227.42,0.0,21.54,159.19,11,False
9584,2849,22,2025-02-11,changed_mind,bopis,used,destroy,84.52,0.0,19.1,8.45,138,True
9585,2850,434,2024-01-18,changed_mind,store,new_unopened,restock,35.23,0.0,21.97,24.66,131,False
9586,2859,365,2024-08-14,changed_mind,web,new_unopened,restock,41.08,0.0,4.92,28.76,39,False
9587,2865,193,2024-09-04,changed_mind,bopis,new_unopened,restock,102.54,0.0,17.2,71.78,60,False
9588,2873,374,2025-10-04,changed_mind,store,new_unopened,restock,370.17,0.0,7.78,259.12,8,False
9589,2886,66,2025-10-27,changed_mind,mobile,new_unopened,restock,123.39,0.0,24.75,86.37,117,False
9590,2892,310,2025-12-30,changed_mind,store,new_unopened,restock,91.38,0.0,16.25,63.97,53,False
9591,2894,201,2025-04-15,changed_mind,mobile,new_unopened,restock,76.32,0.0,4.85,53.42,51,False
9592,2898,214,2024-04-20,changed_mind,bopis,new_unopened,restock,116.32,0.0,9.98,81.42,119,False
9593,2916,325,2025-04-13,changed_mind,bopis,new_unopened,restock,150.08,0.0,24.33,105.06,12,False
9594,2922,267,2024-04-10,changed_mind,bopis,new_unopened,restock,85.98,0.0,11.59,60.19,44,False
9595,2923,43,2025-11-09,changed_mind,mobile,opened_unused,liquidate,59.85,0.0,8.64,5.99,138,True
9596,2926,194,2024-11-17,changed_mind,bopis,new_unopened,restock,90.43,0.0,7.49,63.3,100,False
9597,2927,61,2024-06-24,changed_mind,bopis,new_unopened,restock,441.81,0.0,22.95,309.27,77,False
9598,2938,37,2024-06-19,changed_mind,web,new_unopened,restock,147.27,0.0,22.39,103.09,69,False
9599,2946,1,2024-03-22,changed_mind,bopis,new_unopened,restock,479.4,0.0,7.18,335.58,165,False
9600,2952,21,2024-02-25,changed_mind,store,used,liquidate,639.26,0.0,12.31,63.93,84,True
9601,2962,319,2025-08-30,duplicate,bopis,used,liquidate,1063.2,0.0,5.87,106.32,145,True
9602,2967,455,2024-12-25,changed_mind,mobile,new_unopened,restock,52.97,0.0,21.28,37.08,84,False
9603,2971,387,2025-07-08,changed_mind,store,new_unopened,restock,41.08,0.0,4.67,28.76,157,False
9604,2972,119,2025-08-18,changed_mind,mobile,new_unopened,restock,67.11,0.0,20.56,46.98,90,False
9605,2975,269,2024-02-21,changed_mind,mobile,new_unopened,restock,203.45,0.0,22.97,142.41,139,False
9606,2978,353,2025-12-04,changed_mind,store,new_unopened,restock,1278.52,0.0,6.42,894.96,65,False
9607,2983,318,2025-01-31,changed_mind,web,new_unopened,restock,91.38,0.0,12.7,63.97,70,False
9608,2984,327,2024-08-22,changed_mind,web,new_unopened,restock,120.13,0.0,5.61,84.09,137,False
9609,2988,196,2025-09-01,changed_mind,bopis,new_unopened,restock,44.34,0.0,3.36,31.04,141,False
9610,2998,201,2024-06-12,changed_mind,store,new_unopened,restock,102.54,0.0,9.25,71.78,111,False
9611,2999,84,2024-09-07,changed_mind,mobile,new_unopened,restock,81.38,0.0,6.5,56.97,61,False
9612,3006,424,2024-09-08,changed_mind,bopis,new_unopened,restock,1060.03,0.0,9.99,742.02,28,False
9613,3011,277,2025-12-17,changed_mind,bopis,new_unopened,restock,29.41,0.0,24.12,20.59,25,False
9614,3015,415,2025-02-28,changed_mind,web,new_unopened,restock,2270.13,0.0,16.69,1589.09,6,False
9615,3019,145,2025-03-16,changed_mind,store,new_unopened,restock,116.43,0.0,12.37,81.5,42,False
9616,3020,155,2025-07-21,changed_mind,store,new_unopened,restock,185.41,0.0,7.47,129.79,160,False
9617,3021,361,2025-04-29,changed_mind,bopis,new_unopened,restock,1082.55,0.0,21.83,757.78,136,False
9618,3025,36,2025-10-08,changed_mind,bopis,new_unopened,restock,756.71,0.0,8.46,529.7,16,False
9619,3026,169,2024-04-19,duplicate,web,used,liquidate,479.4,0.0,6.03,47.94,99,True
9620,3030,12,2024-03-16,changed_mind,mobile,new_unopened,restock,58.16,0.0,3.63,40.71,73,False
9621,3035,279,2024-11-09,changed_mind,bopis,new_unopened,restock,520.87,0.0,16.91,364.61,123,False
9622,3039,471,2025-03-06,changed_mind,bopis,new_unopened,restock,67.11,0.0,7.26,46.98,102,False
9623,3047,452,2025-04-12,not_as_described,web,damaged,liquidate,69.11,0.0,4.52,6.91,34,True
9624,3050,100,2025-03-22,changed_mind,mobile,new_unopened,restock,260.52,0.0,13.15,182.36,91,False
9625,3064,31,2025-08-26,changed_mind,store,new_unopened,restock,138.75,0.0,22.9,97.12,79,False
9626,3066,219,2025-03-02,changed_mind,bopis,new_unopened,restock,1060.03,0.0,9.32,742.02,159,False
9627,3070,398,2024-04-22,changed_mind,bopis,new_unopened,restock,203.45,0.0,3.54,142.41,29,False
9628,3071,380,2025-12-12,changed_mind,web,new_unopened,restock,21.75,0.0,21.33,15.22,44,False
9629,3081,64,2025-12-08,changed_mind,mobile,new_unopened,restock,1176.93,0.0,17.12,823.85,114,False
9630,3083,472,2024-11-05,changed_mind,web,new_unopened,restock,123.39,0.0,20.57,86.37,31,False
9631,3086,278,2024-11-13,changed_mind,mobile,new_unopened,restock,46.31,0.0,10.95,32.42,131,False
9632,3091,250,2025-04-26,changed_mind,store,new_unopened,restock,77.28,0.0,8.05,54.1,125,False
9633,3093,176,2025-12-18,changed_mind,web,new_unopened,restock,72.15,0.0,15.69,50.51,103,False
9634,3098,332,2024-10-15,changed_mind,bopis,new_unopened,restock,72.15,0.0,5.12,50.51,103,False
9635,3100,85,2024-03-05,changed_mind,store,new_unopened,restock,253.56,0.0,9.52,177.49,107,False
9636,3103,251,2024-05-16,changed_mind,web,new_unopened,restock,65.25,0.0,17.53,45.67,149,False
9637,3108,124,2024-07-25,changed_mind,store,new_unopened,restock,392.31,0.0,10.69,274.62,158,False
9638,3116,365,2025-08-04,not_as_described,web,used,refurbish,1082.55,0.0,13.17,433.02,61,True
9639,3117,372,2024-08-30,changed_mind,store,new_unopened,restock,34.3,0.0,9.31,24.01,162,False
9640,3125,88,2025-05-27,changed_mind,web,new_unopened,restock,185.41,0.0,10.72,129.79,34,False
9641,3126,243,2024-05-28,changed_mind,bopis,new_unopened,restock,35.72,0.0,8.97,25.0,133,False
9642,3129,265,2024-08-28,changed_mind,web,new_unopened,restock,78.07,0.0,22.01,54.65,149,False
9643,3141,179,2024-04-04,changed_mind,bopis,new_unopened,restock,52.97,0.0,19.01,37.08,7,False
9644,3143,226,2024-02-23,duplicate,store,opened_unused,refurbish,41.08,0.0,8.62,16.43,124,True
9645,3144,134,2024-07-07,changed_mind,bopis,new_unopened,restock,155.63,0.0,21.0,108.94,123,False
9646,3148,122,2024-12-11,changed_mind,bopis,new_unopened,restock,81.69,0.0,10.09,57.18,36,False
9647,3156,136,2025-04-11,changed_mind,store,new_unopened,restock,163.38,0.0,15.05,114.37,13,False
9648,3157,296,2024-03-01,changed_mind,bopis,new_unopened,restock,59.0,0.0,7.25,41.3,161,False
9649,3159,340,2024-02-27,not_as_described,store,opened_unused,restock,1172.62,0.0,4.58,820.83,6,True
9650,3165,464,2024-03-26,not_as_described,store,used,destroy,78.07,0.0,5.96,7.81,77,True
9651,3167,235,2025-12-03,changed_mind,bopis,new_unopened,restock,78.54,0.0,13.31,54.98,59,False
9652,3172,271,2025-09-09,changed_mind,store,new_unopened,restock,37.24,0.0,15.42,26.07,19,False
9653,3173,32,2025-11-24,changed_mind,web,new_unopened,restock,215.5,0.0,4.8,150.85,95,False
9654,3219,209,2024-09-21,changed_mind,store,new_unopened,restock,749.58,0.0,10.98,524.71,9,False
9655,3223,74,2025-02-22,changed_mind,store,new_unopened,restock,215.5,0.0,24.59,150.85,49,False
9656,3225,11,2024-12-02,changed_mind,store,opened_unused,restock,36.36,0.0,12.66,25.45,73,True
9657,3233,123,2025-09-23,duplicate,bopis,damaged,liquidate,160.51,0.0,21.55,16.05,125,True
9658,3239,338,2025-06-09,changed_mind,bopis,new_unopened,restock,120.13,0.0,6.83,84.09,113,False
9659,3243,374,2025-10-13,changed_mind,mobile,new_unopened,restock,35.23,0.0,7.59,24.66,51,False
9660,3244,72,2024-06-19,duplicate,bopis,used,restock,99.06,0.0,23.0,69.34,34,True
9661,3246,58,2025-12-24,changed_mind,web,new_unopened,restock,107.16,0.0,24.73,75.01,148,False
9662,3248,241,2024-02-12,changed_mind,bopis,new_unopened,restock,156.14,0.0,22.5,109.3,113,False
9663,3251,27,2025-12-06,changed_mind,mobile,new_unopened,restock,37.24,0.0,24.82,26.07,151,False
9664,3254,166,2025-12-16,changed_mind,store,new_unopened,restock,84.52,0.0,18.07,59.16,65,False
9665,3258,325,2025-11-12,changed_mind,bopis,new_unopened,restock,277.5,0.0,21.97,194.25,142,False
9666,3259,187,2025-02-03,changed_mind,store,new_unopened,restock,116.43,0.0,11.06,81.5,156,False
9667,3266,124,2025-07-10,changed_mind,bopis,new_unopened,restock,120.13,0.0,9.24,84.09,168,False
9668,3277,41,2024-11-01,changed_mind,bopis,new_unopened,restock,227.11,0.0,17.12,158.98,88,False
9669,3283,217,2025-08-17,changed_mind,store,new_unopened,restock,81.69,0.0,6.17,57.18,102,False
9670,3285,135,2024-08-31,changed_mind,bopis,new_unopened,restock,138.13,0.0,7.22,96.69,65,False
9671,3291,133,2025-02-18,changed_mind,bopis,new_unopened,restock,947.82,0.0,24.74,663.47,59,False
9672,3293,338,2024-01-25,changed_mind,bopis,new_unopened,restock,46.31,0.0,20.67,32.42,160,False
9673,3300,33,2025-06-07,changed_mind,bopis,new_unopened,restock,82.3,0.0,15.39,57.61,85,False
9674,3302,313,2024-10-05,changed_mind,mobile,new_unopened,restock,392.31,0.0,5.2,274.62,13,False
9675,3310,23,2024-02-03,changed_mind,web,new_unopened,restock,150.08,0.0,12.62,105.06,68,False
9676,3312,321,2024-06-08,changed_mind,store,new_unopened,restock,61.11,0.0,10.26,42.78,118,False
9677,3316,374,2025-08-06,changed_mind,store,new_unopened,restock,1758.93,0.0,23.93,1231.25,115,False
9678,3322,134,2024-07-05,changed_mind,mobile,new_unopened,restock,84.52,0.0,10.49,59.16,133,False
9679,3323,470,2025-11-27,changed_mind,mobile,new_unopened,restock,215.5,0.0,23.18,150.85,105,False
9680,3325,432,2025-08-17,changed_mind,store,new_unopened,restock,41.08,0.0,21.39,28.76,135,False
9681,3337,160,2024-10-14,changed_mind,web,new_unopened,restock,36.36,0.0,10.95,25.45,37,False
9682,3338,397,2024-02-11,changed_mind,bopis,new_unopened,restock,479.4,0.0,3.83,335.58,123,False
9683,3341,401,2025-04-26,changed_mind,store,new_unopened,restock,69.13,0.0,12.51,48.39,144,False
9684,3343,67,2025-09-13,changed_mind,mobile,new_unopened,restock,144.54,0.0,8.83,101.18,78,False
9685,3345,260,2024-05-25,changed_mind,mobile,new_unopened,restock,354.4,0.0,11.63,248.08,29,False
9686,3347,454,2025-07-31,changed_mind,bopis,new_unopened,restock,160.51,0.0,12.75,112.36,51,False
9687,3349,83,2025-05-20,changed_mind,mobile,new_unopened,restock,3180.09,0.0,5.38,2226.06,126,False
9688,3363,36,2024-09-07,changed_mind,mobile,new_unopened,restock,639.26,0.0,24.5,447.48,149,False
9689,3364,247,2024-12-30,changed_mind,mobile,new_unopened,restock,66.74,0.0,4.12,46.72,153,False
9690,3371,189,2024-10-05,duplicate,web,damaged,liquidate,1082.55,0.0,7.71,108.25,53,True
9691,3372,445,2024-10-02,changed_mind,mobile,new_unopened,restock,959.82,0.0,8.41,671.87,126,False
9692,3375,336,2025-05-14,changed_mind,store,new_unopened,restock,196.26,0.0,5.12,137.38,106,False
9693,3386,382,2024-12-22,changed_mind,web,used,donate,118.92,0.0,5.07,11.89,132,True
9694,3393,148,2024-06-13,changed_mind,store,new_unopened,restock,959.82,0.0,21.57,671.87,50,False
9695,3399,473,2024-06-24,changed_mind,web,new_unopened,restock,155.63,0.0,7.5,108.94,28,False
9696,3407,466,2024-05-28,changed_mind,web,new_unopened,restock,392.31,0.0,20.92,274.62,142,False
9697,3411,46,2025-07-06,changed_mind,store,new_unopened,restock,392.31,0.0,7.65,274.62,97,False
9698,3424,273,2024-08-20,changed_mind,web,new_unopened,restock,163.38,0.0,23.78,114.37,141,False
9699,3426,203,2025-09-06,changed_mind,web,new_unopened,restock,91.38,0.0,4.38,63.97,13,False
9700,3427,272,2025-07-28,changed_mind,store,new_unopened,restock,82.3,0.0,17.59,57.61,145,False
9701,3430,191,2025-06-06,changed_mind,mobile,opened_unused,refurbish,68.6,0.0,11.05,27.44,36,True
9702,3433,227,2024-12-31,changed_mind,web,new_unopened,restock,520.87,0.0,11.91,364.61,136,False
9703,3443,293,2024-08-12,changed_mind,web,new_unopened,restock,294.54,0.0,15.21,206.18,16,False
9704,3445,333,2025-05-18,changed_mind,bopis,used,liquidate,44.35,0.0,24.54,4.44,31,True
9705,3447,242,2025-06-02,changed_mind,store,new_unopened,restock,354.4,0.0,19.44,248.08,100,False
9706,3448,377,2024-07-25,changed_mind,bopis,new_unopened,restock,84.52,0.0,7.01,59.16,141,False
9707,3449,426,2025-01-09,changed_mind,store,new_unopened,restock,77.08,0.0,3.68,53.96,152,False
9708,3451,413,2025-10-05,changed_mind,store,new_unopened,restock,947.82,0.0,4.55,663.47,156,False
9709,3453,9,2025-07-10,changed_mind,bopis,new_unopened,restock,647.46,0.0,17.58,453.22,111,False
9710,3454,401,2025-06-01,changed_mind,web,new_unopened,restock,34.3,0.0,7.19,24.01,61,False
9711,3457,242,2025-06-11,changed_mind,web,new_unopened,restock,37.24,0.0,13.78,26.07,76,False
9712,3462,499,2025-02-04,changed_mind,store,new_unopened,restock,36.24,0.0,8.49,25.37,142,False
9713,3469,168,2025-12-09,changed_mind,web,new_unopened,restock,28.81,0.0,22.47,20.17,67,False
9714,3472,56,2024-10-26,changed_mind,store,new_unopened,restock,39.9,0.0,11.94,27.93,48,False
9715,3489,230,2024-11-16,changed_mind,mobile,new_unopened,restock,67.55,0.0,16.74,47.28,50,False
9716,3493,282,2025-10-26,changed_mind,bopis,new_unopened,restock,65.25,0.0,17.65,45.67,11,False
9717,3497,158,2025-11-24,changed_mind,mobile,new_unopened,restock,78.07,0.0,11.42,54.65,143,False
9718,3501,134,2024-08-30,changed_mind,bopis,new_unopened,restock,96.79,0.0,3.56,67.75,151,False
9719,3504,135,2025-12-04,duplicate,bopis,damaged,donate,354.4,0.0,7.31,35.44,117,True
9720,3511,211,2024-07-22,changed_mind,bopis,new_unopened,restock,156.31,0.0,19.81,109.42,152,False
9721,3518,105,2025-10-22,changed_mind,mobile,new_unopened,restock,194.48,0.0,15.79,136.14,85,False
9722,3519,214,2025-11-15,changed_mind,bopis,new_unopened,restock,110.12,0.0,5.06,77.08,110,False
9723,3520,470,2024-08-30,changed_mind,bopis,new_unopened,restock,156.14,0.0,8.6,109.3,18,False
9724,3528,95,2025-06-11,duplicate,mobile,used,liquidate,90.43,0.0,24.0,9.04,44,True
9725,3529,374,2024-03-29,changed_mind,mobile,new_unopened,restock,41.46,0.0,21.83,29.02,23,False
9726,3533,457,2024-10-28,changed_mind,mobile,new_unopened,restock,200.22,0.0,16.68,140.15,146,False
9727,3540,195,2024-12-22,changed_mind,web,new_unopened,restock,194.48,0.0,3.76,136.14,99,False
9728,3545,468,2024-11-16,changed_mind,store,new_unopened,restock,1438.2,0.0,4.23,1006.74,141,False
9729,3564,471,2025-10-26,changed_mind,bopis,new_unopened,restock,133.02,0.0,22.33,93.11,13,False
9730,3571,460,2024-12-18,changed_mind,store,new_unopened,restock,271.29,0.0,15.45,189.9,106,False
9731,3574,377,2025-08-07,changed_mind,mobile,new_unopened,restock,96.79,0.0,14.41,67.75,65,False
9732,3576,145,2024-08-17,changed_mind,mobile,new_unopened,restock,90.43,0.0,22.78,63.3,156,False
9733,3578,469,2024-10-13,changed_mind,bopis,new_unopened,restock,20.69,0.0,17.22,14.48,71,False
9734,3587,19,2024-12-26,changed_mind,bopis,new_unopened,restock,82.3,0.0,7.98,57.61,74,False
9735,3589,165,2024-08-22,changed_mind,store,new_unopened,restock,67.55,0.0,17.08,47.28,20,False
9736,3595,153,2024-10-24,changed_mind,mobile,new_unopened,restock,639.26,0.0,24.43,447.48,28,False
9737,3597,159,2025-03-25,changed_mind,mobile,new_unopened,restock,947.82,0.0,16.59,663.47,141,False
9738,3598,412,2024-10-23,changed_mind,bopis,new_unopened,restock,35.23,0.0,11.85,24.66,75,False
9739,3600,440,2025-08-16,changed_mind,web,new_unopened,restock,370.17,0.0,17.87,259.12,136,False
9740,3605,405,2025-08-27,changed_mind,bopis,new_unopened,restock,44.35,0.0,6.99,31.04,49,False
9741,3607,118,2025-11-05,changed_mind,mobile,new_unopened,restock,756.71,0.0,15.11,529.7,125,False
9742,3610,395,2024-07-30,changed_mind,web,new_unopened,restock,39.9,0.0,18.61,27.93,28,False
9743,3611,181,2024-04-02,changed_mind,mobile,new_unopened,restock,246.78,0.0,8.44,172.75,120,False
9744,3620,293,2024-12-16,changed_mind,store,new_unopened,restock,44.34,0.0,17.11,31.04,78,False
9745,3622,301,2024-03-28,changed_mind,web,new_unopened,restock,156.46,0.0,9.53,109.52,126,False
9746,3635,354,2024-05-05,changed_mind,store,new_unopened,restock,20.16,0.0,23.12,14.11,155,False
9747,3639,432,2024-06-29,changed_mind,store,new_unopened,restock,97.86,0.0,18.49,68.5,23,False
9748,3643,428,2025-12-03,changed_mind,mobile,new_unopened,restock,958.8,0.0,23.6,671.16,22,False
9749,3645,158,2025-11-05,changed_mind,store,new_unopened,restock,120.13,0.0,23.18,84.09,116,False
9750,3646,19,2025-08-01,changed_mind,mobile,new_unopened,restock,78.07,0.0,7.31,54.65,131,False
9751,3651,455,2025-05-25,changed_mind,store,new_unopened,restock,34.3,0.0,12.72,24.01,57,False
9752,3653,98,2025-02-11,changed_mind,mobile,new_unopened,restock,177.0,0.0,13.32,123.9,159,False
9753,3656,448,2025-03-28,changed_mind,bopis,new_unopened,restock,160.51,0.0,19.51,112.36,117,False
9754,3669,303,2025-11-20,changed_mind,bopis,new_unopened,restock,20.69,0.0,16.63,14.48,150,False
9755,3679,20,2024-03-25,changed_mind,bopis,new_unopened,restock,354.4,0.0,15.96,248.08,79,False
9756,3691,493,2025-01-29,changed_mind,mobile,new_unopened,restock,185.41,0.0,15.41,129.79,73,False
9757,3693,277,2024-09-01,changed_mind,web,new_unopened,restock,96.79,0.0,16.6,67.75,85,False
9758,3694,450,2025-02-03,changed_mind,mobile,new_unopened,restock,639.26,0.0,11.73,447.48,42,False
9759,3696,23,2024-01-31,changed_mind,web,new_unopened,restock,120.13,0.0,6.85,84.09,144,False
9760,3698,450,2024-01-16,changed_mind,store,opened_unused,liquidate,196.26,0.0,8.89,19.63,130,True
9761,3701,352,2025-03-26,changed_mind,store,new_unopened,restock,67.55,0.0,22.33,47.28,29,False
9762,3708,267,2024-09-05,changed_mind,store,new_unopened,restock,354.4,0.0,8.92,248.08,159,False
9763,3711,274,2025-09-29,changed_mind,store,new_unopened,restock,196.26,0.0,9.74,137.38,71,False
9764,3721,484,2024-06-12,changed_mind,mobile,new_unopened,restock,156.31,0.0,8.87,109.42,61,False
9765,3723,160,2025-08-11,changed_mind,store,used,liquidate,72.15,0.0,22.42,7.22,111,True
9766,3731,420,2024-11-06,changed_mind,mobile,new_unopened,restock,193.58,0.0,16.73,135.51,50,False
9767,3735,163,2025-08-03,changed_mind,bopis,new_unopened,restock,82.3,0.0,8.75,57.61,91,False
9768,3738,40,2025-04-05,changed_mind,mobile,new_unopened,restock,72.15,0.0,22.08,50.51,79,False
9769,3740,183,2024-02-27,changed_mind,bopis,opened_unused,liquidate,41.08,0.0,13.54,4.11,41,True
9770,3745,379,2024-10-20,changed_mind,mobile,new_unopened,restock,42.32,0.0,3.94,29.62,131,False
9771,3757,494,2025-08-28,changed_mind,web,new_unopened,restock,28.81,0.0,15.48,20.17,26,False
9772,3759,270,2024-12-15,changed_mind,bopis,new_unopened,restock,756.71,0.0,11.05,529.7,33,False
9773,3769,128,2025-11-02,changed_mind,mobile,new_unopened,restock,1060.03,0.0,3.44,742.02,119,False
9774,3779,389,2025-06-07,changed_mind,web,opened_unused,liquidate,39.27,0.0,8.03,3.93,48,True
9775,3781,396,2025-09-21,changed_mind,bopis,new_unopened,restock,72.27,0.0,13.14,50.59,123,False
9776,3789,274,2025-09-23,changed_mind,mobile,new_unopened,restock,39.64,0.0,19.04,27.75,49,False
9777,3793,353,2025-06-23,changed_mind,web,new_unopened,restock,201.9,0.0,5.38,141.33,76,False
9778,3794,108,2024-09-21,changed_mind,store,new_unopened,restock,403.8,0.0,21.53,282.66,135,False
9779,3801,101,2024-05-26,changed_mind,web,new_unopened,restock,583.44,0.0,17.17,408.41,98,False
9780,3810,473,2025-05-29,changed_mind,bopis,new_unopened,restock,227.42,0.0,11.26,159.19,85,False
9781,3816,486,2024-06-18,changed_mind,store,new_unopened,restock,2120.06,0.0,20.89,1484.04,143,False
9782,3820,238,2025-05-07,changed_mind,bopis,new_unopened,restock,120.13,0.0,7.29,84.09,100,False
9783,3821,197,2025-08-08,changed_mind,bopis,new_unopened,restock,247.15,0.0,20.82,173.0,146,False
9784,3825,220,2025-06-04,changed_mind,web,new_unopened,restock,232.86,0.0,13.12,163.0,141,False
9785,3831,400,2025-06-11,changed_mind,web,new_unopened,restock,1041.74,0.0,22.67,729.22,71,False
9786,3834,183,2024-03-24,changed_mind,mobile,new_unopened,restock,81.69,0.0,9.29,57.18,48,False
9787,3840,183,2025-04-09,changed_mind,mobile,new_unopened,restock,479.4,0.0,22.7,335.58,156,False
9788,3841,250,2024-01-12,changed_mind,mobile,new_unopened,restock,82.3,0.0,4.54,57.61,58,False
9789,3847,262,2025-03-02,changed_mind,web,new_unopened,restock,479.4,0.0,9.83,335.58,140,False
9790,3849,348,2024-11-17,changed_mind,web,new_unopened,restock,119.7,0.0,5.22,83.79,88,False
9791,3852,330,2024-05-22,changed_mind,mobile,new_unopened,restock,99.06,0.0,24.81,69.34,50,False
9792,3855,295,2025-03-16,changed_mind,web,new_unopened,restock,90.43,0.0,19.41,63.3,34,False
9793,3856,245,2025-11-18,changed_mind,web,new_unopened,restock,78.54,0.0,21.73,54.98,116,False
9794,3858,334,2024-04-29,changed_mind,mobile,opened_unused,liquidate,44.35,0.0,17.47,4.44,137,True
9795,3861,339,2024-07-07,changed_mind,store,new_unopened,restock,59.0,0.0,11.17,41.3,13,False
9796,3871,190,2024-02-26,changed_mind,store,new_unopened,restock,1029.67,0.0,15.67,720.77,42,False
9797,3873,420,2024-05-08,changed_mind,bopis,new_unopened,restock,77.95,0.0,12.76,54.56,9,False
9798,3874,311,2025-06-26,changed_mind,bopis,new_unopened,restock,160.51,0.0,11.33,112.36,108,False
9799,3894,38,2024-07-13,changed_mind,bopis,new_unopened,restock,84.52,0.0,24.29,59.16,131,False
9800,3906,321,2024-07-22,changed_mind,store,new_unopened,restock,77.28,0.0,21.56,54.1,32,False
9801,3932,402,2025-11-08,changed_mind,web,new_unopened,restock,520.87,0.0,9.65,364.61,41,False
9802,3935,364,2024-09-04,changed_mind,bopis,new_unopened,restock,67.11,0.0,5.28,46.98,60,False
9803,3938,243,2024-09-15,changed_mind,web,new_unopened,restock,39.27,0.0,15.36,27.49,84,False
9804,3943,130,2024-04-03,changed_mind,store,new_unopened,restock,147.27,0.0,7.54,103.09,53,False
9805,3944,471,2024-07-04,changed_mind,web,new_unopened,restock,247.15,0.0,24.11,173.0,128,False
9806,3945,54,2025-08-03,changed_mind,bopis,new_unopened,restock,312.92,0.0,15.42,219.04,118,False
9807,3946,457,2025-09-16,changed_mind,mobile,new_unopened,restock,35.23,0.0,11.33,24.66,35,False
9808,3953,51,2024-12-08,changed_mind,bopis,new_unopened,restock,173.68,0.0,16.92,121.58,26,False
9809,3956,312,2024-03-17,changed_mind,bopis,new_unopened,restock,13.23,0.0,13.01,9.26,77,False
9810,3959,23,2025-03-05,changed_mind,web,new_unopened,restock,639.26,0.0,19.59,447.48,73,False
9811,3979,112,2024-05-27,changed_mind,bopis,new_unopened,restock,72.15,0.0,24.9,50.51,35,False
9812,3981,87,2024-08-02,changed_mind,bopis,new_unopened,restock,82.3,0.0,3.09,57.61,44,False
9813,3984,125,2024-04-30,changed_mind,bopis,new_unopened,restock,185.41,0.0,15.77,129.79,48,False
9814,3986,239,2024-08-16,changed_mind,web,new_unopened,restock,259.23,0.0,5.55,181.46,36,False
9815,3990,334,2025-07-01,changed_mind,store,new_unopened,restock,154.16,0.0,14.09,107.91,47,False
9816,3992,266,2024-12-27,changed_mind,mobile,new_unopened,restock,392.31,0.0,10.78,274.62,39,False
9817,3997,139,2024-07-29,changed_mind,bopis,used,destroy,277.5,0.0,16.75,27.75,51,True
9818,3998,301,2024-04-19,duplicate,mobile,opened_unused,donate,153.81,0.0,22.28,15.38,140,True
9819,4005,30,2025-07-11,changed_mind,bopis,new_unopened,restock,155.63,0.0,4.91,108.94,97,False
9820,4007,268,2024-04-17,duplicate,mobile,damaged,donate,215.5,0.0,18.28,21.55,164,True
9821,4009,500,2024-08-29,changed_mind,bopis,new_unopened,restock,91.38,0.0,23.16,63.97,84,False
9822,4023,386,2024-04-03,changed_mind,mobile,new_unopened,restock,156.46,0.0,8.41,109.52,62,False
9823,4048,298,2025-11-02,changed_mind,store,new_unopened,restock,39.64,0.0,16.29,27.75,159,False
9824,4051,14,2024-09-13,changed_mind,store,new_unopened,restock,78.07,0.0,11.41,54.65,82,False
9825,4055,254,2025-01-04,changed_mind,mobile,new_unopened,restock,32.62,0.0,5.57,22.83,14,False
9826,4058,163,2025-09-22,changed_mind,bopis,new_unopened,restock,156.46,0.0,17.93,109.52,113,False
9827,4062,484,2024-02-20,changed_mind,bopis,new_unopened,restock,116.43,0.0,20.59,81.5,123,False
9828,4063,300,2025-10-26,changed_mind,store,new_unopened,restock,85.98,0.0,3.53,60.19,122,False
9829,4067,85,2025-04-11,changed_mind,mobile,new_unopened,restock,194.48,0.0,6.94,136.14,119,False
9830,4069,52,2025-01-31,changed_mind,bopis,new_unopened,restock,756.71,0.0,8.54,529.7,77,False
9831,4074,277,2025-06-03,changed_mind,web,new_unopened,restock,215.5,0.0,14.31,150.85,87,False
9832,4082,88,2025-09-06,changed_mind,mobile,used,liquidate,756.71,0.0,18.57,75.67,166,True
9833,4089,279,2024-11-21,changed_mind,web,new_unopened,restock,34.3,0.0,7.84,24.01,79,False
9834,4096,95,2024-09-08,changed_mind,web,new_unopened,restock,162.76,0.0,6.56,113.93,120,False
9835,4097,469,2025-05-17,changed_mind,mobile,new_unopened,restock,67.55,0.0,8.4,47.28,70,False
9836,4100,40,2025-11-11,changed_mind,mobile,new_unopened,restock,117.81,0.0,13.93,82.47,45,False
9837,4101,253,2024-12-02,changed_mind,mobile,new_unopened,restock,85.98,0.0,24.73,60.19,61,False
9838,4103,9,2025-07-19,changed_mind,web,new_unopened,restock,156.31,0.0,12.02,109.42,39,False
9839,4105,212,2025-06-17,changed_mind,mobile,new_unopened,restock,147.27,0.0,14.74,103.09,29,False
9840,4115,402,2024-05-04,changed_mind,mobile,new_unopened,restock,59.85,0.0,20.07,41.89,105,False
9841,4117,440,2025-06-21,changed_mind,store,new_unopened,restock,215.5,0.0,24.88,150.85,128,False
9842,4126,436,2024-10-08,changed_mind,web,new_unopened,restock,194.48,0.0,8.13,136.14,30,False
9843,4133,468,2024-03-29,changed_mind,web,new_unopened,restock,133.48,0.0,4.65,93.44,63,False
9844,4138,367,2025-06-10,not_as_described,web,opened_unused,refurbish,124.6,0.0,10.48,49.84,124,True
9845,4139,448,2025-06-02,changed_mind,bopis,new_unopened,restock,247.15,0.0,8.2,173.0,16,False
9846,4143,378,2025-03-03,changed_mind,bopis,new_unopened,restock,58.82,0.0,5.02,41.17,82,False
9847,4144,239,2025-07-22,changed_mind,store,used,refurbish,28.81,0.0,12.52,11.52,72,True
9848,4147,311,2024-09-11,changed_mind,mobile,new_unopened,restock,62.07,0.0,20.44,43.45,78,False
9849,4158,81,2025-11-27,changed_mind,mobile,new_unopened,restock,32.62,0.0,20.08,22.83,33,False
9850,4159,175,2025-12-25,changed_mind,store,new_unopened,restock,66.38,0.0,22.82,46.47,64,False
9851,4162,122,2025-10-11,changed_mind,store,new_unopened,restock,138.13,0.0,10.97,96.69,28,False
9852,4167,17,2024-04-19,changed_mind,web,new_unopened,restock,119.7,0.0,9.38,83.79,30,False
9853,4168,326,2024-12-08,changed_mind,web,used,liquidate,55.06,0.0,11.86,5.51,41,True
9854,4182,357,2024-09-28,changed_mind,bopis,new_unopened,restock,203.45,0.0,3.91,142.41,10,False
9855,4198,393,2024-12-01,changed_mind,bopis,new_unopened,restock,194.48,0.0,4.53,136.14,82,False
9856,4205,478,2024-10-03,changed_mind,mobile,new_unopened,restock,77.3,0.0,13.73,54.11,95,False
9857,4206,465,2024-10-30,changed_mind,web,new_unopened,restock,20.16,0.0,21.85,14.11,144,False
9858,4208,210,2025-05-20,changed_mind,bopis,new_unopened,restock,244.09,0.0,7.2,170.86,138,False
9859,4212,334,2024-07-20,changed_mind,bopis,new_unopened,restock,354.4,0.0,22.68,248.08,26,False
9860,4213,480,2024-04-26,changed_mind,mobile,new_unopened,restock,86.84,0.0,18.16,60.79,68,False
9861,4232,482,2024-12-30,changed_mind,web,new_unopened,restock,682.26,0.0,17.23,477.58,154,False
9862,4234,166,2024-11-09,changed_mind,store,new_unopened,restock,319.94,0.0,6.29,223.96,92,False
9863,4236,312,2024-08-16,changed_mind,store,new_unopened,restock,132.76,0.0,5.96,92.93,141,False
9864,4243,187,2024-11-24,changed_mind,web,new_unopened,restock,277.5,0.0,5.1,194.25,110,False
9865,4244,376,2024-09-13,changed_mind,bopis,new_unopened,restock,81.69,0.0,11.19,57.18,132,False
9866,4248,233,2025-08-05,changed_mind,mobile,damaged,liquidate,44.35,0.0,3.45,4.44,85,True
9867,4249,465,2025-06-01,changed_mind,web,new_unopened,restock,55.48,0.0,16.34,38.84,62,False
9868,4258,48,2025-07-10,changed_mind,store,new_unopened,restock,108.72,0.0,24.92,76.1,63,False
9869,4263,318,2024-02-01,changed_mind,mobile,new_unopened,restock,450.24,0.0,19.83,315.17,64,False
9870,4264,341,2024-03-05,changed_mind,mobile,new_unopened,restock,34.3,0.0,8.7,24.01,19,False
9871,4271,245,2025-11-05,changed_mind,web,new_unopened,restock,155.63,0.0,22.66,108.94,11,False
9872,4272,222,2025-01-10,changed_mind,store,new_unopened,restock,147.27,0.0,16.1,103.09,90,False
9873,4274,460,2024-09-23,changed_mind,bopis,new_unopened,restock,201.9,0.0,13.15,141.33,46,False
9874,4275,207,2025-02-09,changed_mind,mobile,new_unopened,restock,756.71,0.0,15.2,529.7,98,False
9875,4281,216,2025-06-26,changed_mind,mobile,new_unopened,restock,100.58,0.0,24.3,70.41,96,False
9876,4282,318,2024-08-14,changed_mind,bopis,new_unopened,restock,58.16,0.0,5.95,40.71,114,False
9877,4285,232,2024-10-14,changed_mind,mobile,new_unopened,restock,165.18,0.0,15.82,115.63,165,False
9878,4296,126,2024-05-11,changed_mind,bopis,new_unopened,restock,77.08,0.0,7.3,53.96,45,False
9879,4300,68,2024-09-05,changed_mind,store,new_unopened,restock,1082.55,0.0,21.76,757.78,53,False
9880,4301,69,2024-06-02,changed_mind,web,new_unopened,restock,28.81,0.0,13.16,20.17,108,False
9881,4314,353,2024-05-28,not_as_described,store,opened_unused,donate,227.11,0.0,22.36,22.71,104,True
9882,4318,186,2024-02-22,changed_mind,mobile,new_unopened,restock,28.81,0.0,8.54,20.17,116,False
9883,4319,426,2025-10-18,changed_mind,bopis,new_unopened,restock,138.75,0.0,22.18,97.12,163,False
9884,4326,248,2024-09-30,changed_mind,store,new_unopened,restock,194.48,0.0,16.88,136.14,74,False
9885,4335,357,2024-11-19,changed_mind,web,new_unopened,restock,36.36,0.0,7.74,25.45,91,False
9886,4338,222,2025-08-17,changed_mind,store,new_unopened,restock,520.87,0.0,7.61,364.61,144,False
9887,4340,479,2024-10-12,changed_mind,web,new_unopened,restock,62.3,0.0,3.44,43.61,62,False
9888,4342,374,2024-04-05,changed_mind,store,new_unopened,restock,156.31,0.0,13.41,109.42,165,False
9889,4347,403,2024-01-18,duplicate,bopis,used,liquidate,138.75,0.0,3.71,13.88,38,True
9890,4349,385,2025-11-24,not_as_described,bopis,used,liquidate,81.38,0.0,13.48,8.14,132,True
9891,4361,260,2024-08-09,changed_mind,store,new_unopened,restock,605.7,0.0,6.67,423.99,58,False
9892,4362,141,2025-01-21,changed_mind,store,new_unopened,restock,91.38,0.0,3.09,63.97,38,False
9893,4366,409,2024-12-05,changed_mind,store,new_unopened,restock,91.38,0.0,15.55,63.97,157,False
9894,4371,369,2024-01-23,changed_mind,mobile,new_unopened,restock,67.55,0.0,20.89,47.28,30,False
9895,4380,412,2024-04-14,changed_mind,web,new_unopened,restock,77.3,0.0,6.02,54.11,137,False
9896,4388,55,2025-06-06,changed_mind,bopis,new_unopened,restock,44.34,0.0,24.52,31.04,99,False
9897,4393,424,2025-04-04,changed_mind,store,new_unopened,restock,67.55,0.0,19.05,47.28,28,False
9898,4397,236,2024-06-22,changed_mind,bopis,new_unopened,restock,196.26,0.0,12.12,137.38,153,False
9899,4401,284,2024-10-25,changed_mind,web,new_unopened,restock,271.29,0.0,4.59,189.9,164,False
9900,4406,288,2024-08-24,changed_mind,bopis,new_unopened,restock,41.08,0.0,8.5,28.76,43,False
9901,4407,351,2025-10-15,changed_mind,mobile,new_unopened,restock,196.26,0.0,16.97,137.38,82,False
9902,4410,82,2024-10-16,changed_mind,mobile,new_unopened,restock,78.07,0.0,7.67,54.65,12,False
9903,4419,352,2024-04-24,changed_mind,mobile,new_unopened,restock,201.33,0.0,5.38,140.93,156,False
9904,4420,396,2024-06-03,changed_mind,store,new_unopened,restock,431.0,0.0,20.41,301.7,48,False
9905,4426,195,2025-05-19,changed_mind,mobile,new_unopened,restock,81.69,0.0,13.2,57.18,53,False
9906,4431,281,2025-11-08,changed_mind,store,new_unopened,restock,479.4,0.0,8.8,335.58,118,False
9907,4434,106,2024-02-24,changed_mind,store,new_unopened,restock,62.07,0.0,23.76,43.45,11,False
9908,4435,233,2025-06-23,changed_mind,mobile,new_unopened,restock,86.41,0.0,3.55,60.49,103,False
9909,4437,345,2025-09-02,changed_mind,web,new_unopened,restock,86.84,0.0,23.77,60.79,27,False
9910,4438,222,2025-12-25,changed_mind,store,used,donate,28.81,0.0,18.05,2.88,9,True
9911,4447,425,2024-12-28,changed_mind,store,new_unopened,restock,203.45,0.0,24.83,142.41,146,False
9912,4455,178,2024-03-17,changed_mind,bopis,new_unopened,restock,123.39,0.0,10.07,86.37,67,False
9913,4459,427,2024-10-15,changed_mind,web,new_unopened,restock,150.08,0.0,24.84,105.06,151,False
9914,4467,389,2024-06-05,changed_mind,mobile,new_unopened,restock,84.52,0.0,15.56,59.16,124,False
9915,4473,256,2025-08-10,changed_mind,bopis,new_unopened,restock,520.87,0.0,23.34,364.61,167,False
9916,4475,170,2024-10-19,not_as_described,web,used,refurbish,79.8,0.0,24.19,31.92,105,True
9917,4487,490,2024-08-25,changed_mind,store,new_unopened,restock,185.41,0.0,8.69,129.79,14,False
9918,4507,269,2025-02-23,changed_mind,bopis,new_unopened,restock,13.23,0.0,13.91,9.26,147,False
9919,4509,310,2025-02-16,changed_mind,store,new_unopened,restock,55.06,0.0,14.47,38.54,164,False
9920,4513,84,2024-04-23,changed_mind,store,new_unopened,restock,118.0,0.0,5.91,82.6,52,False
9921,4522,399,2025-10-05,changed_mind,store,new_unopened,restock,319.94,0.0,3.59,223.96,66,False
9922,4530,20,2024-05-05,changed_mind,bopis,new_unopened,restock,84.52,0.0,24.31,59.16,150,False
9923,4531,87,2024-07-11,changed_mind,bopis,new_unopened,restock,244.09,0.0,9.39,170.86,101,False
9924,4536,343,2025-06-11,changed_mind,store,new_unopened,restock,36.24,0.0,12.89,25.37,136,False
9925,4539,442,2025-12-28,changed_mind,web,new_unopened,restock,227.42,0.0,7.28,159.19,33,False
9926,4540,313,2025-03-23,changed_mind,bopis,new_unopened,restock,156.14,0.0,9.53,109.3,42,False
9927,4552,467,2024-08-15,changed_mind,web,new_unopened,restock,123.39,0.0,20.86,86.37,107,False
9928,4555,16,2025-10-09,changed_mind,web,new_unopened,restock,77.3,0.0,18.78,54.11,164,False
9929,4562,72,2025-08-16,changed_mind,web,new_unopened,restock,68.6,0.0,17.37,48.02,122,False
9930,4572,472,2025-10-01,changed_mind,web,new_unopened,restock,86.41,0.0,6.37,60.49,48,False
9931,4573,457,2025-12-14,changed_mind,mobile,new_unopened,restock,155.63,0.0,9.74,108.94,68,False
9932,4574,58,2024-09-09,changed_mind,web,new_unopened,restock,639.26,0.0,18.66,447.48,68,False
9933,4580,229,2024-09-05,changed_mind,bopis,new_unopened,restock,156.46,0.0,24.21,109.52,42,False
9934,4581,420,2024-06-29,changed_mind,mobile,new_unopened,restock,90.43,0.0,13.72,63.3,78,False
9935,4583,247,2024-07-04,changed_mind,bopis,new_unopened,restock,44.35,0.0,5.96,31.04,147,False
9936,4590,105,2024-10-11,changed_mind,bopis,new_unopened,restock,1060.03,0.0,22.83,742.02,91,False
9937,4595,198,2024-04-02,changed_mind,mobile,new_unopened,restock,77.08,0.0,24.47,53.96,49,False
9938,4597,351,2025-03-24,changed_mind,bopis,new_unopened,restock,44.34,0.0,8.38,31.04,124,False
9939,4600,246,2024-10-29,changed_mind,store,new_unopened,restock,41.08,0.0,22.12,28.76,99,False
9940,4605,303,2025-04-17,changed_mind,mobile,new_unopened,restock,2120.06,0.0,13.25,1484.04,41,False
9941,4608,200,2024-01-19,changed_mind,web,new_unopened,restock,215.5,0.0,24.39,150.85,18,False
9942,4610,239,2024-06-17,changed_mind,mobile,new_unopened,restock,520.87,0.0,19.16,364.61,26,False
9943,4613,278,2024-11-08,changed_mind,web,new_unopened,restock,227.42,0.0,11.76,159.19,63,False
9944,4618,426,2024-12-09,changed_mind,web,new_unopened,restock,59.0,0.0,12.68,41.3,70,False
9945,4630,38,2024-10-30,changed_mind,web,new_unopened,restock,450.24,0.0,6.62,315.17,37,False
9946,4632,122,2025-08-21,changed_mind,mobile,new_unopened,restock,34.3,0.0,6.5,24.01,48,False
9947,4639,424,2025-08-06,changed_mind,store,new_unopened,restock,1747.86,0.0,23.9,1223.5,79,False
9948,4643,16,2025-07-27,changed_mind,store,new_unopened,restock,61.11,0.0,24.93,42.78,128,False
9949,4649,320,2024-08-31,changed_mind,mobile,new_unopened,restock,639.26,0.0,3.66,447.48,8,False
9950,4652,29,2025-11-30,changed_mind,store,new_unopened,restock,120.13,0.0,10.01,84.09,35,False
9951,4657,439,2024-04-13,changed_mind,bopis,new_unopened,restock,244.09,0.0,15.16,170.86,82,False
9952,4658,158,2024-06-21,changed_mind,web,used,liquidate,156.46,0.0,8.59,15.65,138,True
9953,4659,263,2025-02-15,changed_mind,web,new_unopened,restock,86.43,0.0,16.76,60.5,78,False
9954,4664,470,2025-09-24,changed_mind,mobile,new_unopened,restock,42.32,0.0,18.72,29.62,31,False
9955,4666,326,2025-12-03,changed_mind,web,new_unopened,restock,194.84,0.0,24.07,136.39,11,False
9956,4668,477,2024-02-21,changed_mind,web,new_unopened,restock,177.0,0.0,4.94,123.9,157,False
9957,4680,27,2025-08-30,changed_mind,mobile,new_unopened,restock,182.76,0.0,13.95,127.93,154,False
9958,4685,294,2025-07-01,changed_mind,web,new_unopened,restock,1082.55,0.0,18.72,757.78,93,False
9959,4688,202,2025-11-21,changed_mind,bopis,new_unopened,restock,319.94,0.0,10.28,223.96,14,False
9960,4690,239,2024-02-26,changed_mind,mobile,new_unopened,restock,42.32,0.0,3.21,29.62,89,False
9961,4693,475,2024-09-16,changed_mind,mobile,used,restock,44.34,0.0,7.86,31.04,153,True
9962,4705,52,2024-12-25,changed_mind,mobile,new_unopened,restock,228.96,0.0,7.39,160.27,13,False
9963,4709,25,2024-10-06,changed_mind,bopis,new_unopened,restock,69.13,0.0,9.75,48.39,97,False
9964,4719,492,2025-06-10,changed_mind,store,new_unopened,restock,82.3,0.0,8.45,57.61,113,False
9965,4722,145,2024-12-07,changed_mind,bopis,new_unopened,restock,233.85,0.0,22.1,163.69,20,False
9966,4724,382,2024-05-03,changed_mind,mobile,new_unopened,restock,100.58,0.0,3.33,70.41,32,False
9967,4737,289,2024-03-24,changed_mind,store,new_unopened,restock,110.96,0.0,21.56,77.67,76,False
9968,4740,313,2024-08-22,changed_mind,store,new_unopened,restock,44.34,0.0,18.63,31.04,144,False
9969,4742,469,2025-11-19,changed_mind,mobile,new_unopened,restock,59.85,0.0,14.51,41.89,107,False
9970,4753,299,2025-12-23,changed_mind,store,new_unopened,restock,431.0,0.0,19.65,301.7,31,False
9971,4762,371,2025-06-06,changed_mind,mobile,new_unopened,restock,749.58,0.0,8.63,524.71,83,False
9972,4767,413,2024-05-12,changed_mind,bopis,new_unopened,restock,77.3,0.0,4.99,54.11,25,False
9973,4773,361,2024-08-10,changed_mind,bopis,new_unopened,restock,91.38,0.0,4.26,63.97,125,False
9974,4775,259,2025-12-27,changed_mind,mobile,new_unopened,restock,39.9,0.0,10.94,27.93,38,False
9975,4778,367,2025-09-28,changed_mind,bopis,new_unopened,restock,1029.67,0.0,5.41,720.77,19,False
9976,4780,499,2025-12-28,changed_mind,store,new_unopened,restock,86.41,0.0,3.28,60.49,167,False
9977,4787,221,2025-12-05,changed_mind,mobile,new_unopened,restock,58.16,0.0,15.42,40.71,165,False
9978,4789,413,2024-12-03,changed_mind,bopis,new_unopened,restock,406.9,0.0,12.17,284.83,29,False
9979,4791,267,2025-03-12,changed_mind,store,new_unopened,restock,1029.67,0.0,14.32,720.77,128,False
9980,4794,155,2024-05-25,changed_mind,mobile,new_unopened,restock,66.38,0.0,15.82,46.47,44,False
9981,4801,320,2024-02-20,changed_mind,mobile,new_unopened,restock,69.18,0.0,11.18,48.43,72,False
9982,4804,328,2024-09-21,changed_mind,store,new_unopened,restock,479.4,0.0,18.46,335.58,165,False
9983,4809,40,2024-05-10,changed_mind,mobile,new_unopened,restock,55.06,0.0,16.89,38.54,65,False
9984,4815,299,2024-04-03,changed_mind,web,new_unopened,restock,39.9,0.0,16.61,27.93,17,False
9985,4821,75,2024-08-29,changed_mind,bopis,new_unopened,restock,756.71,0.0,15.97,529.7,123,False
9986,4822,17,2025-09-03,changed_mind,web,new_unopened,restock,639.26,0.0,4.85,447.48,96,False
9987,4823,344,2024-06-04,changed_mind,bopis,new_unopened,restock,42.32,0.0,9.42,29.62,125,False
9988,4831,66,2025-02-25,changed_mind,web,new_unopened,restock,81.38,0.0,5.6,56.97,159,False
9989,4835,60,2025-11-09,changed_mind,mobile,new_unopened,restock,301.74,0.0,14.48,211.22,34,False
9990,4836,457,2025-11-29,changed_mind,mobile,new_unopened,restock,215.5,0.0,20.6,150.85,97,False
9991,4840,428,2025-08-05,changed_mind,web,opened_unused,destroy,153.81,0.0,20.1,15.38,102,True
9992,4842,26,2024-09-24,changed_mind,mobile,new_unopened,restock,69.11,0.0,21.43,48.38,60,False
9993,4854,210,2024-03-04,changed_mind,web,new_unopened,restock,71.44,0.0,4.74,50.01,30,False
9994,4855,275,2024-02-28,changed_mind,bopis,new_unopened,restock,34.3,0.0,15.99,24.01,12,False
9995,4872,318,2024-08-26,changed_mind,web,new_unopened,restock,34.3,0.0,22.67,24.01,36,False
9996,4874,407,2025-10-27,changed_mind,bopis,new_unopened,restock,61.11,0.0,6.14,42.78,23,False
9997,4891,269,2025-05-08,changed_mind,web,new_unopened,restock,583.44,0.0,5.48,408.41,56,False
9998,4893,142,2024-07-12,changed_mind,bopis,new_unopened,restock,66.74,0.0,22.92,46.72,15,False
9999,4894,264,2024-10-16,changed_mind,store,new_unopened,restock,76.32,0.0,20.62,53.42,133,False
10000,4897,279,2024-08-21,changed_mind,web,new_unopened,restock,1499.16,0.0,19.05,1049.41,78,False
10001,4928,378,2025-12-09,changed_mind,bopis,new_unopened,restock,215.5,0.0,13.09,150.85,64,False
10002,4937,93,2025-06-23,changed_mind,web,new_unopened,restock,40.32,0.0,24.53,28.22,104,False
10003,4942,184,2024-11-18,changed_mind,bopis,new_unopened,restock,78.07,0.0,21.25,54.65,102,False
10004,4944,430,2025-10-26,changed_mind,bopis,new_unopened,restock,44.35,0.0,12.67,31.04,127,False
10005,4945,16,2024-10-27,changed_mind,web,new_unopened,restock,91.38,0.0,17.24,63.97,42,False
10006,4948,459,2025-04-24,duplicate,store,opened_unused,donate,156.14,0.0,22.35,15.61,130,True
10007,4956,221,2024-01-04,duplicate,bopis,opened_unused,refurbish,69.13,0.0,14.15,27.65,29,True
10008,4957,490,2024-02-29,changed_mind,web,new_unopened,restock,72.27,0.0,5.86,50.59,47,False
10009,4962,219,2024-01-24,changed_mind,bopis,new_unopened,restock,215.5,0.0,6.68,150.85,75,False
10010,4972,53,2024-10-25,changed_mind,store,new_unopened,restock,183.33,0.0,3.99,128.33,85,False
10011,4982,3,2025-05-06,changed_mind,mobile,new_unopened,restock,155.63,0.0,19.01,108.94,15,False
10012,4986,166,2025-02-15,changed_mind,bopis,new_unopened,restock,147.27,0.0,21.78,103.09,82,False
10013,4989,112,2024-12-19,changed_mind,store,new_unopened,restock,72.15,0.0,19.07,50.51,46,False
10014,4993,381,2024-04-10,changed_mind,store,new_unopened,restock,62.3,0.0,21.04,43.61,134,False
10015,4996,286,2024-08-23,changed_mind,bopis,new_unopened,restock,66.38,0.0,20.11,46.47,132,False
10016,4999,176,2025-05-08,changed_mind,bopis,new_unopened,restock,86.84,0.0,24.22,60.79,112,False
10017,5012,479,2025-06-05,changed_mind,bopis,new_unopened,restock,41.46,0.0,22.21,29.02,133,False
10018,5013,232,2025-12-29,changed_mind,store,new_unopened,restock,194.84,0.0,3.78,136.39,101,False
10019,5016,210,2024-06-11,changed_mind,bopis,new_unopened,restock,69.18,0.0,22.84,48.43,52,False
10020,5027,163,2024-06-03,changed_mind,mobile,new_unopened,restock,20.69,0.0,11.96,14.48,153,False
10021,5031,336,2025-01-13,changed_mind,bopis,new_unopened,restock,147.27,0.0,15.4,103.09,115,False
10022,5032,44,2024-03-29,changed_mind,mobile,new_unopened,restock,84.52,0.0,15.93,59.16,97,False
10023,5035,418,2024-10-13,changed_mind,mobile,new_unopened,restock,290.37,0.0,12.65,203.26,9,False
10024,5036,240,2024-02-18,changed_mind,web,new_unopened,restock,194.84,0.0,20.94,136.39,35,False
10025,5046,217,2025-10-27,changed_mind,store,new_unopened,restock,84.52,0.0,3.49,59.16,161,False
10026,5047,445,2024-03-14,changed_mind,bopis,new_unopened,restock,466.89,0.0,8.44,326.82,167,False
10027,5057,461,2024-02-10,changed_mind,store,new_unopened,restock,120.13,0.0,22.41,84.09,92,False
10028,5060,257,2025-05-24,changed_mind,store,new_unopened,restock,36.36,0.0,23.27,25.45,101,False
10029,5063,50,2025-08-11,changed_mind,bopis,new_unopened,restock,51.27,0.0,14.46,35.89,131,False
10030,5069,166,2025-02-19,changed_mind,web,new_unopened,restock,586.31,0.0,23.13,410.42,60,False
10031,5071,404,2024-02-05,changed_mind,web,new_unopened,restock,1029.67,0.0,23.67,720.77,137,False
10032,5073,12,2024-12-02,changed_mind,store,new_unopened,restock,156.46,0.0,20.77,109.52,104,False
10033,5077,219,2025-02-10,changed_mind,web,new_unopened,restock,46.31,0.0,6.59,32.42,13,False
10034,5079,454,2024-03-13,changed_mind,web,new_unopened,restock,69.11,0.0,14.55,48.38,135,False
10035,5083,95,2024-07-23,changed_mind,store,new_unopened,restock,155.63,0.0,19.36,108.94,45,False
10036,5088,432,2024-06-12,changed_mind,store,new_unopened,restock,62.3,0.0,5.0,43.61,60,False
10037,5091,126,2025-03-06,changed_mind,mobile,new_unopened,restock,319.94,0.0,20.81,223.96,7,False
10038,5093,131,2024-03-23,changed_mind,mobile,new_unopened,restock,120.13,0.0,20.04,84.09,101,False
10039,5096,229,2024-05-17,changed_mind,web,new_unopened,restock,55.06,0.0,14.31,38.54,89,False
10040,5098,433,2025-02-23,changed_mind,store,new_unopened,restock,44.34,0.0,14.21,31.04,151,False
10041,5099,28,2025-04-14,changed_mind,bopis,new_unopened,restock,44.35,0.0,14.52,31.04,11,False
10042,5102,392,2025-04-04,changed_mind,web,new_unopened,restock,133.48,0.0,3.81,93.44,44,False
10043,5107,58,2024-06-29,changed_mind,mobile,new_unopened,restock,156.46,0.0,16.84,109.52,8,False
10044,5115,277,2025-10-11,changed_mind,bopis,new_unopened,restock,72.48,0.0,8.89,50.74,21,False
10045,5117,14,2024-10-18,changed_mind,mobile,new_unopened,restock,81.38,0.0,14.62,56.97,143,False
10046,5122,146,2025-09-11,changed_mind,mobile,new_unopened,restock,488.18,0.0,10.63,341.73,112,False
10047,5123,156,2025-03-26,changed_mind,bopis,new_unopened,restock,227.42,0.0,16.01,159.19,27,False
10048,5132,14,2025-03-07,changed_mind,store,new_unopened,restock,102.9,0.0,8.84,72.03,109,False
10049,5133,203,2024-07-26,changed_mind,store,new_unopened,restock,194.84,0.0,12.53,136.39,149,False
10050,5134,38,2025-12-03,changed_mind,web,new_unopened,restock,58.82,0.0,15.23,41.17,73,False
10051,5137,198,2024-11-28,changed_mind,store,damaged,liquidate,58.16,0.0,7.06,5.82,130,True
10052,5138,466,2025-07-22,changed_mind,store,new_unopened,restock,120.13,0.0,20.35,84.09,29,False
10053,5140,410,2025-02-13,changed_mind,bopis,new_unopened,restock,88.68,0.0,17.03,62.08,34,False
10054,5152,274,2024-12-08,changed_mind,mobile,new_unopened,restock,28.81,0.0,19.68,20.17,121,False
10055,5155,449,2024-07-10,changed_mind,web,new_unopened,restock,28.81,0.0,6.54,20.17,79,False
10056,5157,239,2024-03-28,changed_mind,mobile,new_unopened,restock,155.63,0.0,12.67,108.94,128,False
10057,5160,424,2025-04-23,changed_mind,mobile,new_unopened,restock,556.23,0.0,4.1,389.36,44,False
10058,5172,61,2024-05-20,changed_mind,mobile,new_unopened,restock,124.38,0.0,10.14,87.07,60,False
10059,5173,355,2024-02-18,changed_mind,store,new_unopened,restock,69.13,0.0,18.72,48.39,149,False
10060,5175,25,2025-01-03,changed_mind,store,new_unopened,restock,66.38,0.0,23.18,46.47,66,False
10061,5193,171,2025-04-14,changed_mind,mobile,new_unopened,restock,86.41,0.0,11.2,60.49,88,False
10062,5196,277,2025-02-18,changed_mind,web,new_unopened,restock,36.24,0.0,3.68,25.37,81,False
10063,5200,63,2024-05-04,changed_mind,bopis,new_unopened,restock,123.39,0.0,10.59,86.37,41,False
10064,5203,257,2025-12-16,changed_mind,store,new_unopened,restock,215.5,0.0,24.41,150.85,79,False
10065,5205,372,2025-05-30,duplicate,bopis,used,donate,13.23,0.0,8.87,1.32,33,True
10066,5210,373,2024-12-11,changed_mind,bopis,opened_unused,restock,247.15,0.0,19.07,173.0,67,True
10067,5222,259,2025-05-25,changed_mind,mobile,new_unopened,restock,370.17,0.0,12.94,259.12,73,False
10068,5232,469,2024-06-20,changed_mind,web,new_unopened,restock,41.08,0.0,12.09,28.76,54,False
10069,5238,488,2025-10-02,changed_mind,mobile,new_unopened,restock,29.41,0.0,12.15,20.59,83,False
10070,5248,489,2025-04-13,changed_mind,bopis,new_unopened,restock,72.72,0.0,24.39,50.9,121,False
10071,5249,52,2025-10-05,changed_mind,bopis,new_unopened,restock,36.36,0.0,16.75,25.45,103,False
10072,5254,120,2024-10-13,changed_mind,web,new_unopened,restock,156.46,0.0,18.08,109.52,78,False
10073,5255,474,2025-04-06,changed_mind,mobile,new_unopened,restock,35.72,0.0,7.1,25.0,17,False
10074,5256,371,2024-08-11,changed_mind,mobile,new_unopened,restock,42.32,0.0,10.42,29.62,148,False
10075,5260,60,2025-08-04,changed_mind,bopis,new_unopened,restock,586.31,0.0,4.76,410.42,103,False
10076,5264,57,2025-04-07,changed_mind,store,new_unopened,restock,156.46,0.0,11.92,109.52,41,False
10077,5268,137,2025-08-10,changed_mind,web,new_unopened,restock,116.43,0.0,11.87,81.5,96,False
10078,5273,476,2025-10-13,changed_mind,mobile,new_unopened,restock,58.16,0.0,18.27,40.71,146,False
10079,5274,26,2025-06-17,changed_mind,store,new_unopened,restock,99.06,0.0,9.41,69.34,159,False
10080,5280,161,2024-08-15,changed_mind,bopis,new_unopened,restock,203.45,0.0,11.06,142.41,81,False
10081,5284,26,2025-07-13,changed_mind,store,new_unopened,restock,99.06,0.0,17.58,69.34,146,False
10082,5291,155,2024-11-20,changed_mind,store,used,liquidate,959.82,0.0,6.73,95.98,100,True
10083,5293,303,2024-07-12,changed_mind,store,new_unopened,restock,66.74,0.0,13.04,46.72,103,False
10084,5307,70,2024-01-30,changed_mind,bopis,new_unopened,restock,62.07,0.0,12.8,43.45,29,False
10085,5311,259,2024-09-24,changed_mind,bopis,new_unopened,restock,245.07,0.0,9.92,171.55,65,False
10086,5319,97,2025-08-10,duplicate,store,used,refurbish,69.13,0.0,7.99,27.65,91,True
10087,5321,19,2024-12-17,changed_mind,bopis,new_unopened,restock,21.75,0.0,4.67,15.22,13,False
10088,5323,448,2025-03-28,changed_mind,store,new_unopened,restock,20.69,0.0,3.23,14.48,44,False
10089,5326,365,2025-08-08,changed_mind,bopis,new_unopened,restock,39.27,0.0,3.84,27.49,34,False
10090,5328,500,2025-06-27,changed_mind,store,new_unopened,restock,2248.74,0.0,20.99,1574.12,144,False
10091,5331,237,2025-12-13,changed_mind,web,new_unopened,restock,84.52,0.0,4.04,59.16,155,False
10092,5333,44,2024-06-04,changed_mind,mobile,new_unopened,restock,160.51,0.0,15.33,112.36,10,False
10093,5337,246,2024-07-07,changed_mind,mobile,opened_unused,refurbish,194.48,0.0,4.38,77.79,52,True
10094,5340,386,2025-06-26,changed_mind,bopis,new_unopened,restock,520.87,0.0,12.07,364.61,147,False
10095,5343,350,2024-05-19,changed_mind,web,new_unopened,restock,21.75,0.0,14.88,15.22,35,False
10096,5344,106,2025-05-17,changed_mind,web,new_unopened,restock,354.4,0.0,20.37,248.08,84,False
10097,5345,177,2024-11-25,changed_mind,store,new_unopened,restock,59.0,0.0,8.41,41.3,12,False
10098,5349,32,2024-10-28,changed_mind,web,new_unopened,restock,76.32,0.0,11.06,53.42,42,False
10099,5361,74,2024-08-28,changed_mind,web,new_unopened,restock,147.27,0.0,23.15,103.09,49,False
10100,5364,72,2025-10-09,changed_mind,mobile,new_unopened,restock,90.43,0.0,4.98,63.3,86,False
10101,5365,494,2024-10-04,changed_mind,store,new_unopened,restock,71.44,0.0,7.92,50.01,141,False
10102,5377,106,2024-05-11,changed_mind,mobile,new_unopened,restock,58.16,0.0,9.29,40.71,60,False
10103,5386,55,2025-03-09,changed_mind,mobile,new_unopened,restock,123.39,0.0,24.99,86.37,74,False
10104,5388,363,2024-11-22,changed_mind,mobile,new_unopened,restock,84.52,0.0,9.09,59.16,14,False
10105,5392,475,2025-06-28,changed_mind,bopis,new_unopened,restock,133.02,0.0,5.85,93.11,117,False
10106,5395,494,2024-12-22,changed_mind,bopis,new_unopened,restock,215.5,0.0,19.96,150.85,153,False
10107,5397,392,2024-03-31,changed_mind,mobile,new_unopened,restock,110.96,0.0,14.48,77.67,67,False
10108,5401,215,2025-01-03,changed_mind,mobile,new_unopened,restock,481.53,0.0,20.46,337.07,135,False
10109,5402,288,2024-10-28,changed_mind,bopis,new_unopened,restock,72.27,0.0,18.15,50.59,85,False
10110,5408,499,2024-10-17,changed_mind,bopis,new_unopened,restock,59.85,0.0,17.61,41.89,51,False
10111,5418,221,2024-08-15,changed_mind,bopis,new_unopened,restock,61.11,0.0,21.29,42.78,21,False
10112,5428,281,2025-08-27,changed_mind,mobile,new_unopened,restock,116.43,0.0,8.1,81.5,86,False
10113,5437,30,2024-11-24,changed_mind,mobile,new_unopened,restock,227.42,0.0,10.26,159.19,90,False
10114,5441,367,2024-08-07,changed_mind,store,new_unopened,restock,46.31,0.0,10.92,32.42,103,False
10115,5443,259,2025-08-18,changed_mind,bopis,new_unopened,restock,77.95,0.0,11.65,54.56,91,False
10116,5445,299,2025-09-21,changed_mind,web,new_unopened,restock,37.24,0.0,22.67,26.07,88,False
10117,5446,175,2024-03-26,changed_mind,store,new_unopened,restock,77.95,0.0,8.16,54.56,34,False
10118,5447,332,2024-05-21,changed_mind,mobile,new_unopened,restock,319.94,0.0,24.31,223.96,100,False
10119,5456,143,2024-10-20,changed_mind,store,new_unopened,restock,749.58,0.0,11.93,524.71,67,False
10120,5460,266,2025-08-22,changed_mind,bopis,new_unopened,restock,29.41,0.0,3.46,20.59,78,False
10121,5464,441,2025-10-13,changed_mind,web,new_unopened,restock,1499.16,0.0,24.97,1049.41,101,False
10122,5465,393,2025-02-15,changed_mind,bopis,new_unopened,restock,194.84,0.0,19.21,136.39,92,False
10123,5467,1,2025-02-12,changed_mind,web,new_unopened,restock,72.27,0.0,13.77,50.59,12,False
10124,5482,159,2024-02-02,changed_mind,web,new_unopened,restock,155.9,0.0,8.04,109.13,135,False
10125,5486,121,2025-05-02,not_as_described,bopis,opened_unused,donate,21.75,0.0,16.16,2.18,6,True
10126,5487,228,2025-06-15,duplicate,web,damaged,donate,227.42,0.0,22.76,22.74,111,True
10127,5492,266,2024-07-03,changed_mind,store,new_unopened,restock,20.69,0.0,17.46,14.48,86,False
10128,5508,391,2025-12-28,changed_mind,store,new_unopened,restock,873.93,0.0,21.58,611.75,168,False
10129,5517,192,2024-06-19,not_as_described,bopis,opened_unused,liquidate,2621.79,0.0,20.5,262.18,155,True
10130,5519,340,2025-07-29,changed_mind,web,new_unopened,restock,62.3,0.0,22.94,43.61,141,False
10131,5521,64,2025-01-09,changed_mind,web,new_unopened,restock,67.11,0.0,19.86,46.98,11,False
10132,5525,91,2025-06-08,changed_mind,mobile,new_unopened,restock,756.71,0.0,19.91,529.7,142,False
10133,5530,294,2024-02-21,changed_mind,web,new_unopened,restock,52.97,0.0,17.46,37.08,120,False
10134,5541,401,2024-03-15,changed_mind,bopis,new_unopened,restock,123.39,0.0,14.69,86.37,98,False
10135,5542,165,2025-11-21,changed_mind,mobile,new_unopened,restock,116.43,0.0,11.58,81.5,63,False
10136,5553,36,2025-02-15,changed_mind,web,new_unopened,restock,227.42,0.0,23.89,159.19,154,False
10137,5583,451,2024-07-09,duplicate,bopis,damaged,donate,873.93,0.0,15.16,87.39,57,True
10138,5591,210,2025-02-15,changed_mind,mobile,new_unopened,restock,42.32,0.0,9.87,29.62,133,False
10139,5592,127,2024-05-27,changed_mind,store,new_unopened,restock,126.96,0.0,21.05,88.87,109,False
10140,5597,169,2024-12-05,changed_mind,bopis,new_unopened,restock,62.3,0.0,11.99,43.61,33,False
10141,5602,438,2024-09-14,changed_mind,bopis,new_unopened,restock,247.15,0.0,20.88,173.0,141,False
10142,5603,22,2024-10-31,changed_mind,store,new_unopened,restock,873.93,0.0,21.21,611.75,161,False
10143,5605,55,2024-11-23,changed_mind,web,new_unopened,restock,77.28,0.0,21.16,54.1,30,False
10144,5607,309,2024-09-09,changed_mind,store,used,restock,72.27,0.0,19.29,50.59,60,True
10145,5608,205,2025-11-18,changed_mind,bopis,new_unopened,restock,86.41,0.0,9.27,60.49,141,False
10146,5609,188,2024-10-01,changed_mind,bopis,new_unopened,restock,66.74,0.0,13.29,46.72,98,False
10147,5613,46,2025-12-30,changed_mind,store,new_unopened,restock,69.18,0.0,7.51,48.43,126,False
10148,5614,72,2024-03-16,changed_mind,web,new_unopened,restock,86.41,0.0,15.31,60.49,45,False
10149,5615,140,2025-11-12,changed_mind,mobile,new_unopened,restock,520.87,0.0,10.19,364.61,100,False
10150,5618,397,2024-09-01,duplicate,mobile,used,liquidate,123.24,0.0,9.55,12.32,59,True
10151,5622,357,2025-07-08,changed_mind,bopis,new_unopened,restock,81.69,0.0,10.88,57.18,151,False
10152,5623,304,2025-08-30,not_as_described,bopis,used,refurbish,51.27,0.0,19.13,20.51,49,True
10153,5633,229,2024-05-30,changed_mind,bopis,new_unopened,restock,227.11,0.0,11.37,158.98,167,False
